PC1,PC2,class
-1.8834446378547316,-0.5435522021382876,PMA-2 (Starfish)
-1.8756242238832772,-0.8419154620167434,PMA-2 (Starfish)
-1.7969649792630378,-0.77567580734973,PMA-2 (Starfish)
-1.6807810425012268,-0.864802398581863,PMA-2 (Starfish)
-1.6583542385626175,-0.4545057532964257,PMA-2 (Starfish)
-1.6182453820171587,-0.5214621031397778,PMA-2 (Starfish)
-1.3597062789101453,-0.6765345330133297,PMA-2 (Starfish)
-1.2822765677670631,-0.5600736895765659,PMA-2 (Starfish)
-1.2426069333147418,-0.6628476700730761,PMA-2 (Starfish)
-1.1818001208659408,-0.5507673853304088,PMA-2 (Starfish)
-1.2159339749958633,-0.41876912868636335,PMA-2 (Starfish)
-1.1000658110801067,-0.44744218582874673,PMA-2 (Starfish)
-0.9012885753606792,-0.5202020170267352,PMA-2 (Starfish)
-0.7130378026927707,-0.6058742294564583,PMA-2 (Starfish)
-0.5849690725486408,-0.47087397505455414,PMA-2 (Starfish)
-0.4733766857763583,-0.1824040750978325,PMA-2 (Starfish)
-0.10122135626532505,-0.26264304751979706,PMA-2 (Starfish)
0.018923960364407452,-0.08366706208044901,PMA-2 (Starfish)
0.05929061415012135,-0.10088044057421515,PMA-2 (Starfish)
0.4356367828480536,-0.05427081931450611,PMA-2 (Starfish)
0.6761073363484298,0.10734413608269106,PMA-2 (Starfish)
0.8395484923061299,0.15692828194860867,PMA-2 (Starfish)
1.3897726343444032,-0.01585309389408575,PMA-2 (Starfish)
1.6262360930325188,0.18009229375576857,PMA-2 (Starfish)
1.6807426973669093,0.12664127557899568,PMA-2 (Starfish)
1.812861746433861,0.1557208707655844,PMA-2 (Starfish)
1.6907574923062685,0.12065563808317133,PMA-2 (Starfish)
1.8707400816132287,0.11938430161968862,PMA-2 (Starfish)
2.6275352432994246,0.3447630711574384,PMA-2 (Starfish)
3.4131334749163145,0.4149910522649812,PMA-2 (Starfish)
-1.2695531264338082,-0.484701439809113,PFM-1 (Butterfly)
-0.9092836018847456,0.489175826956715,PFM-1 (Butterfly)
-0.6595865724796548,-0.3260693497953403,PFM-1 (Butterfly)
-0.49870036419588154,0.14449368627201556,PFM-1 (Butterfly)
-0.04320066393086644,0.16887779653295273,PFM-1 (Butterfly)
0.15209907738090345,0.2531979305859863,PFM-1 (Butterfly)
0.4470646782983128,0.04106476813104669,PFM-1 (Butterfly)
0.3037092218414152,-0.4360542496111298,PFM-1 (Butterfly)
0.31642808614794915,-0.23040687160774756,PFM-1 (Butterfly)
-0.08915751673349244,-0.38423047781698194,PFM-1 (Butterfly)
-0.0846110301975861,-0.5862770523591878,PFM-1 (Butterfly)
-0.308024717379104,-0.5341491889655727,PFM-1 (Butterfly)
-0.257037093324183,-0.8797984223551387,PFM-1 (Butterfly)
-0.10974729378358626,-0.7186594534352726,PFM-1 (Butterfly)
-0.1886587144256789,-0.9121317117935487,PFM-1 (Butterfly)
-0.3038709262862798,-0.9118760156206531,PFM-1 (Butterfly)
0.10854396104302295,-0.5422976470728798,PFM-1 (Butterfly)
0.10983457715060756,-0.6081528230142622,PFM-1 (Butterfly)
0.2013328981125789,0.2625282941337109,PFM-1 (Butterfly)
0.14649473242923444,0.0888696818975829,PFM-1 (Butterfly)
0.7919107749253084,0.21180095405354557,PFM-1 (Butterfly)
1.0301741831843545,0.7620840368787697,PFM-1 (Butterfly)
0.19362059337050486,1.1492352213848778,PFM-1 (Butterfly)
0.3439552193226121,1.7119071586185957,PFM-1 (Butterfly)
0.46115329494239715,1.4133354184394922,PFM-1 (Butterfly)
0.8017311593885135,1.672950223555807,PFM-1 (Butterfly)
0.8776607308911032,0.8352114840416962,PFM-1 (Butterfly)
0.9188852685905815,0.7348593031490935,PFM-1 (Butterfly)
1.2680363717540397,0.9403227638081277,PFM-1 (Butterfly)
1.3102857208418595,1.05102016373587,PFM-1 (Butterfly)
1.1286588025139053,1.4722301664282413,PFM-1 (Butterfly)
0.6811941209896363,1.4234003550661374,PFM-1 (Butterfly)
-0.003384708538763425,1.6271498235573838,PFM-1 (Butterfly)
-1.4769515263804387,-1.1683342300884028,PMA-2 (Starfish)
-1.7672380178873832,-1.049821078379689,PMA-2 (Starfish)
-1.964339207031408,-0.8951955208608873,PMA-2 (Starfish)
-1.799844401395565,-0.9460711918314633,PMA-2 (Starfish)
-1.6206247978094799,-0.9651992523313995,PMA-2 (Starfish)
-1.4054298872661077,-0.8919893708955307,PMA-2 (Starfish)
-1.4451390404045557,-0.21922271773357432,PMA-2 (Starfish)
-1.119462857306507,-0.5892833587132511,PMA-2 (Starfish)
-1.0598461788560471,-0.21473584352437858,PMA-2 (Starfish)
-0.9773386991029714,-0.6061426038568881,PMA-2 (Starfish)
-1.0452101215806784,-0.3374714973780405,PMA-2 (Starfish)
-1.0321551305766898,-0.3957460944140879,PMA-2 (Starfish)
-0.8117410899706199,-0.3070580826199016,PMA-2 (Starfish)
-0.48283019529757093,-0.1331337230849883,PMA-2 (Starfish)
-0.12933961871344066,-0.1013739396802296,PMA-2 (Starfish)
0.1337269790687765,-0.17191606106130594,PMA-2 (Starfish)
0.28699127285974885,-0.10954810280182835,PMA-2 (Starfish)
0.5357598639703993,-0.04389979768986319,PMA-2 (Starfish)
0.6177419616151762,-0.1901346281485718,PMA-2 (Starfish)
0.6278622371947679,-0.1714493830069914,PMA-2 (Starfish)
1.016278878923866,-0.21857211054265968,PMA-2 (Starfish)
1.1854223519707054,-0.13083656571562927,PMA-2 (Starfish)
1.3267487351158214,-0.14249582416376438,PMA-2 (Starfish)
1.1473711458905032,-0.06781022296632083,PMA-2 (Starfish)
0.9232942057129916,-0.17733259444795182,PMA-2 (Starfish)
0.8604529682221147,-0.15378923110739068,PMA-2 (Starfish)
0.8939459932500535,-0.07599574118531728,PMA-2 (Starfish)
1.024848740212914,-0.20043968753567107,PMA-2 (Starfish)
0.9467103897129961,-0.1412083876354053,PMA-2 (Starfish)
0.8065938904728507,-0.041000758487083,PMA-2 (Starfish)
0.7637547936438965,-0.04245133442412426,PMA-2 (Starfish)
0.8392404476970203,-0.1170324921334747,PMA-2 (Starfish)
0.7229762944365218,-0.1419626351409122,PMA-2 (Starfish)
0.9394799752746552,-0.15652272839379286,PMA-2 (Starfish)
0.7897600266572924,-0.16091807498184454,PMA-2 (Starfish)
0.8326298077151177,-0.11769397357146621,PMA-2 (Starfish)
1.1361544461138653,-0.03349915544216927,PMA-2 (Starfish)
1.250027815998232,-0.007579415328659474,PMA-2 (Starfish)
1.5481059633253313,-0.119806974430617,PMA-2 (Starfish)
1.742166055510854,0.12756109590870737,PMA-2 (Starfish)
1.3898049772230079,-0.043568669886613454,PMA-2 (Starfish)
1.1311067071282783,-0.09974979628879302,PMA-2 (Starfish)
1.3176279453164084,0.01855616240465866,PMA-2 (Starfish)
-1.5786601376760359,-0.9378736082250443,PFM-1 (Butterfly)
-1.4016454044204623,-1.1098945327155527,PFM-1 (Butterfly)
-0.993770696382217,-1.1478912743158072,PFM-1 (Butterfly)
-0.7055289495457518,-0.9611253356743452,PFM-1 (Butterfly)
-0.29879623119202103,-1.1730814298957533,PFM-1 (Butterfly)
0.05351799102935269,-1.0199382705686821,PFM-1 (Butterfly)
0.32355101536176156,-0.9195109756910989,PFM-1 (Butterfly)
0.7502455101985523,-0.7649479635708979,PFM-1 (Butterfly)
1.413465851136681,-0.4849459738436268,PFM-1 (Butterfly)
1.7426033489791029,-0.08720825624324828,PFM-1 (Butterfly)
2.209911760032042,0.2652505481411816,PFM-1 (Butterfly)
3.06854848951947,0.8889983092798939,PFM-1 (Butterfly)
3.2304050100873685,1.1931645824234356,PFM-1 (Butterfly)
2.9198125735705123,1.302090055722975,PFM-1 (Butterfly)
2.15313093343006,1.1781759729620231,PFM-1 (Butterfly)
2.1432492951105657,0.9852800615559623,PFM-1 (Butterfly)
2.05139603184076,0.5697128166470571,PFM-1 (Butterfly)
1.4681257640483933,0.44652588565433604,PFM-1 (Butterfly)
0.8974090706755173,-0.22059075119899732,PFM-1 (Butterfly)
0.31282001344113297,-0.6860762598420884,PFM-1 (Butterfly)
0.3655483755011568,-0.6080934464121567,PFM-1 (Butterfly)
0.1819541277417888,-0.768546949550996,PFM-1 (Butterfly)
0.2487127698072239,-0.9390996080202099,PFM-1 (Butterfly)
0.13908521977180138,-1.0165255619724294,PFM-1 (Butterfly)
-0.0400706051811963,-0.9015119838991256,PFM-1 (Butterfly)
0.1439924515643211,-0.9189650225402293,PFM-1 (Butterfly)
0.5752914698438262,-1.0361205264757156,PFM-1 (Butterfly)
-1.676047798347125,-1.145641638738018,PMA-2 (Starfish)
-1.6832518683563293,-1.0269417996963062,PMA-2 (Starfish)
-1.5458258339516149,-0.9014876852251588,PMA-2 (Starfish)
-1.6414806085629416,-0.8660714034357463,PMA-2 (Starfish)
-1.5133846953674417,-0.8793292649132448,PMA-2 (Starfish)
-1.416495171628236,-0.5156311125931083,PMA-2 (Starfish)
-1.1784751840082646,-0.38090568621964543,PMA-2 (Starfish)
-1.1231017662664762,-0.35739050222478186,PMA-2 (Starfish)
-0.7660313040309005,-0.3364196736844637,PMA-2 (Starfish)
-0.5956298433871873,-0.3730116008130515,PMA-2 (Starfish)
0.05576204655580124,-0.15988480491526935,PMA-2 (Starfish)
0.43049088106893163,-0.10248551882546013,PMA-2 (Starfish)
0.5541145228163915,-0.1716999056362769,PMA-2 (Starfish)
0.8011309056632374,-0.25354039044483523,PMA-2 (Starfish)
1.1320065954226621,-0.01549038111327563,PMA-2 (Starfish)
1.9637472838198606,-0.06126427189663449,PMA-2 (Starfish)
-0.9407607416476146,-0.6400419515932524,PFM-1 (Butterfly)
-0.3891882733573657,-1.0427962707023024,PFM-1 (Butterfly)
0.23575723532566223,-0.7083970371295873,PFM-1 (Butterfly)
0.8551290980013837,-0.7781672569048985,PFM-1 (Butterfly)
1.5361876401599044,-0.468306152504114,PFM-1 (Butterfly)
2.5344147599936413,0.01360268123942895,PFM-1 (Butterfly)
3.6545606970498876,0.44984615963525715,PFM-1 (Butterfly)
3.2842462776968433,1.7671252794042096,PFM-1 (Butterfly)
3.5234196285125012,1.4262566953796054,PFM-1 (Butterfly)
2.6798476324916267,2.1864044842473382,PFM-1 (Butterfly)
2.695774814766237,1.4940790412729463,PFM-1 (Butterfly)
2.568115589414104,1.1978786448199,PFM-1 (Butterfly)
2.202173727094546,0.6426466906501612,PFM-1 (Butterfly)
2.3775585853663506,-0.1296706197774539,PFM-1 (Butterfly)
2.105894223429269,-0.42030888036723046,PFM-1 (Butterfly)
-0.3087811665041343,0.050525649284511136,PMA-2 (Starfish)
-0.23280429775112926,-0.08787760689161368,PMA-2 (Starfish)
0.2817723932687827,-0.1527509123586699,PMA-2 (Starfish)
0.5823224345673795,-0.041825479165444275,PMA-2 (Starfish)
1.024087199725608,0.053479283831178295,PMA-2 (Starfish)
1.4843640572410537,-0.012378385867288176,PMA-2 (Starfish)
1.8692607017339493,0.0870860823832779,PMA-2 (Starfish)
2.5320170230383283,0.28019430879230867,PMA-2 (Starfish)
2.94669527334531,0.26092336384759246,PMA-2 (Starfish)
3.27442195227028,0.3780373505280848,PMA-2 (Starfish)
3.5278633297725364,0.4209771213084219,PMA-2 (Starfish)
3.386049602583426,0.3974791608410963,PMA-2 (Starfish)
3.23452494185058,0.35023846968914807,PMA-2 (Starfish)
3.123860984673819,0.33440965552639146,PMA-2 (Starfish)
3.1010561676726933,0.40728252241765117,PMA-2 (Starfish)
3.1541527848276747,0.3440158331297234,PMA-2 (Starfish)
3.154798095680857,0.38796244079802356,PMA-2 (Starfish)
3.102851892672452,0.43787820696628194,PMA-2 (Starfish)
3.1912742411955124,0.4871639969249934,PMA-2 (Starfish)
-1.1116273694865553,1.1594267663256832,PFM-1 (Butterfly)
-0.2823644610709245,-0.01929583759607764,PFM-1 (Butterfly)
-0.26242454273738314,-0.08811983187919438,PFM-1 (Butterfly)
-0.21851243053738315,0.05266785397413069,PFM-1 (Butterfly)
-0.16778329263538744,-0.05892647343303392,PFM-1 (Butterfly)
0.033861732273152374,-0.15253957520592462,PFM-1 (Butterfly)
0.2644483050752293,-0.1914263758885558,PFM-1 (Butterfly)
0.5497554571268618,-0.011928854897216871,PFM-1 (Butterfly)
0.7880374456220327,0.13650967467126213,PFM-1 (Butterfly)
1.046469338061961,0.0018454100592416676,PFM-1 (Butterfly)
1.2945746094124875,-0.101544752079154,PFM-1 (Butterfly)
1.490728145723521,-0.07061830424534256,PFM-1 (Butterfly)
1.7467707151733225,-0.028497888683293282,PFM-1 (Butterfly)
2.4307500341359316,0.033457507677103725,PFM-1 (Butterfly)
2.7766229094499413,-0.02372636304969397,PFM-1 (Butterfly)
2.9345385711477414,-0.05412423776680156,PFM-1 (Butterfly)
3.0334859717266562,-0.31612903039643353,PFM-1 (Butterfly)
3.1215652711774697,-0.4157242596013048,PFM-1 (Butterfly)
3.51215476277206,-0.42368163455487295,PFM-1 (Butterfly)
3.9205929574361846,-0.34477758619961907,PFM-1 (Butterfly)
4.59064435324889,-0.09118690425317307,PFM-1 (Butterfly)
4.570701821591669,0.2870747004630903,PFM-1 (Butterfly)
4.0381614447476215,0.7611294384858257,PFM-1 (Butterfly)
3.76119643332296,0.8986209743172593,PFM-1 (Butterfly)
3.4500122560829354,1.1259768856549917,PFM-1 (Butterfly)
2.966314123345061,1.1961807660807084,PFM-1 (Butterfly)
2.6521494193527775,1.151553035954018,PFM-1 (Butterfly)
2.1767989314772147,1.1133642378168003,PFM-1 (Butterfly)
1.6737390678914537,0.9887600697800993,PFM-1 (Butterfly)
1.2038771236601422,1.120594216212631,PFM-1 (Butterfly)
0.9464970880745801,1.1475896461301127,PFM-1 (Butterfly)
0.751238438208683,1.1854599855799117,PFM-1 (Butterfly)
0.6933009469459431,1.23652160541915,PFM-1 (Butterfly)
0.6662601522488433,1.21506912834023,PFM-1 (Butterfly)
0.750429004197206,1.142822846154418,PFM-1 (Butterfly)
0.9879878451099002,1.075586965474421,PFM-1 (Butterfly)
1.373752261845594,1.0328683982907712,PFM-1 (Butterfly)
1.7594135720643675,1.302990788310065,PFM-1 (Butterfly)
2.393165685177722,1.4627846169672316,PFM-1 (Butterfly)
2.7277987753006183,1.4743657691560608,PFM-1 (Butterfly)
2.936573863268076,1.4933093165299858,PFM-1 (Butterfly)
3.3371691562360377,1.519374934901344,PFM-1 (Butterfly)
3.788869515273993,1.9121875248369997,PFM-1 (Butterfly)
5.041936456910883,1.8155351828251118,PFM-1 (Butterfly)
-1.0334888859421414,-0.7462263431832421,PMA-2 (Starfish)
-0.629814892202097,-0.6850142965833673,PMA-2 (Starfish)
-0.34558952908113943,-0.6597071923334532,PMA-2 (Starfish)
0.04488412191114857,-0.5963456739327111,PMA-2 (Starfish)
0.2222527353210583,-0.578398584124805,PMA-2 (Starfish)
0.4240609313541021,-0.5622032833163944,PMA-2 (Starfish)
0.5847850912910187,-0.5635511463109549,PMA-2 (Starfish)
0.7424709894944024,-0.47925224268261246,PMA-2 (Starfish)
0.841487735218279,-0.3760475881916743,PMA-2 (Starfish)
1.0006383567414254,-0.3983588535074755,PMA-2 (Starfish)
1.2844309858767753,-0.2944629958587894,PMA-2 (Starfish)
1.5681708894717838,-0.19680067180921262,PMA-2 (Starfish)
1.381699029434505,-0.3871089698168571,PMA-2 (Starfish)
1.4485786742485565,-0.35905098168874905,PMA-2 (Starfish)
1.5374529768975873,-0.2635962876770045,PMA-2 (Starfish)
1.5509831333897006,-0.20658766262766134,PMA-2 (Starfish)
1.9057348536740149,-0.12531868063732152,PMA-2 (Starfish)
2.405241706087173,-0.11296981783163507,PMA-2 (Starfish)
2.554904559145184,-0.11824408192772416,PMA-2 (Starfish)
2.511314016278145,-0.045830399355237986,PMA-2 (Starfish)
2.3240269960921873,0.005754594898221738,PMA-2 (Starfish)
2.313892589181445,-0.025350920379335153,PMA-2 (Starfish)
2.4251065302734536,-0.0827284200645786,PMA-2 (Starfish)
2.251097509388676,-0.14577219840556674,PMA-2 (Starfish)
2.015202280986491,-0.16592916174818195,PMA-2 (Starfish)
2.009968080770447,-0.013859692829964111,PMA-2 (Starfish)
1.7550129355870436,-0.13983541361803975,PMA-2 (Starfish)
2.075385312943594,-0.01379584454921143,PMA-2 (Starfish)
2.3711924354151557,-0.058398717283697346,PMA-2 (Starfish)
3.0022522824262934,0.05849087514925913,PMA-2 (Starfish)
3.4073532369936816,0.15453747409157642,PMA-2 (Starfish)
0.49856650690128435,-1.154873860448655,PFM-1 (Butterfly)
1.6203797003370142,0.17200743444506228,PFM-1 (Butterfly)
1.4165844909562462,0.19871627653946772,PFM-1 (Butterfly)
1.3423146376304078,0.18322879911104312,PFM-1 (Butterfly)
1.3903563595668615,0.4732877692178331,PFM-1 (Butterfly)
1.3570243904002766,0.5130339774145687,PFM-1 (Butterfly)
1.4558161171341164,0.3398318377463901,PFM-1 (Butterfly)
1.4055564685123272,0.7498396945813134,PFM-1 (Butterfly)
1.6422154271266587,0.6862842390431876,PFM-1 (Butterfly)
1.647269713210709,0.6486522503018486,PFM-1 (Butterfly)
1.809347456373571,0.517661870298438,PFM-1 (Butterfly)
1.3015515416433117,0.43400963975889156,PFM-1 (Butterfly)
1.3073394734795825,0.27952796928241114,PFM-1 (Butterfly)
0.8994625896338805,0.5120117455026693,PFM-1 (Butterfly)
1.0619245671773685,0.3487247777812887,PFM-1 (Butterfly)
1.1241178565356238,0.2202406788652572,PFM-1 (Butterfly)
1.139648134531641,0.16480869558194047,PFM-1 (Butterfly)
0.9477071152332655,0.031496049326406074,PFM-1 (Butterfly)
0.8760519761081624,-0.21201795206321275,PFM-1 (Butterfly)
0.7653257676856964,-0.22055110096203773,PFM-1 (Butterfly)
0.5612471404504186,-0.22511710334189022,PFM-1 (Butterfly)
0.201947474438542,-0.37970909154164795,PFM-1 (Butterfly)
0.14766019751725057,-0.4324538980499732,PFM-1 (Butterfly)
-0.14638907904023765,-0.4440760337115841,PFM-1 (Butterfly)
-0.12211718412560839,-0.7126479340797598,PFM-1 (Butterfly)
-0.2669582092866109,-0.6293670848345282,PFM-1 (Butterfly)
0.12390509762512106,-0.6785109451006045,PFM-1 (Butterfly)
0.5792266796355782,-0.65333108924435,PFM-1 (Butterfly)
1.0492106089426183,-0.6138755794887084,PFM-1 (Butterfly)
1.7836361057407242,-0.4932878332755024,PFM-1 (Butterfly)
2.4288437218400136,-0.2143613538467413,PFM-1 (Butterfly)
1.83192165050813,0.2796168960193556,PFM-1 (Butterfly)
1.809627575155426,0.5635202819956099,PFM-1 (Butterfly)
1.4486792381318438,0.9108799447821169,PFM-1 (Butterfly)
1.3618592179118694,0.9876754180203362,PFM-1 (Butterfly)
1.3912053559429245,0.8980727037763999,PFM-1 (Butterfly)
1.2716067208048343,0.8809170045650918,PFM-1 (Butterfly)
1.3704155525626973,0.801518651809881,PFM-1 (Butterfly)
1.5077186386820722,0.8092183268070162,PFM-1 (Butterfly)
1.420988452468108,0.6217021534502544,PFM-1 (Butterfly)
1.4568066094040313,0.40210709944222717,PFM-1 (Butterfly)
1.3941482170621209,0.42026954582594994,PFM-1 (Butterfly)
1.7236854700606639,0.1632319284249177,PFM-1 (Butterfly)
1.896820681494505,0.13489149433066838,PFM-1 (Butterfly)
2.0800761762068696,0.11547955806666815,PFM-1 (Butterfly)
2.319966284018455,0.05617181582038525,PFM-1 (Butterfly)
2.6588404385628244,0.08678664327800169,PFM-1 (Butterfly)
3.021675588030393,-0.0662286389781646,PFM-1 (Butterfly)
3.307761698566341,-0.1531241107738775,PFM-1 (Butterfly)
3.7214500172574683,-0.05362994305473353,PFM-1 (Butterfly)
4.3436803525487475,-0.043483636507594924,PFM-1 (Butterfly)
4.863337558352423,0.0668870801992593,PFM-1 (Butterfly)
5.266004969471362,-0.047378746901597726,PFM-1 (Butterfly)
4.90331328500299,-0.26854980922394284,PFM-1 (Butterfly)
4.407373195407266,-0.24894802716146677,PFM-1 (Butterfly)
4.216854160181554,-0.23739255399636242,PFM-1 (Butterfly)
4.855459312232307,-0.4187905568330581,PFM-1 (Butterfly)
5.630762364783742,-0.31007600577039945,PFM-1 (Butterfly)
4.329326991887828,-0.465683486353069,PFM-1 (Butterfly)
1.4730860811137692,-0.010361260881274094,PFM-1 (Butterfly)
-0.8999957910104172,1.4499046302491678,PFM-1 (Butterfly)
-0.873566672063179,0.6325436356590948,PFM-1 (Butterfly)
-0.8647296253979986,1.207374854801324,PFM-1 (Butterfly)
-0.7248742728600653,0.8909060905816907,PFM-1 (Butterfly)
-0.34430715264601575,0.8407840638892267,PFM-1 (Butterfly)
-0.3890356125033814,1.0540510445010178,PFM-1 (Butterfly)
-0.06656084117125141,1.2086218798232642,PFM-1 (Butterfly)
0.10190600939370084,1.5885592718347201,PFM-1 (Butterfly)
0.4241525217426289,1.3302055436386315,PFM-1 (Butterfly)
0.6383978185858075,0.8834768350886244,PFM-1 (Butterfly)
0.6457919162570258,1.3147439461350645,PFM-1 (Butterfly)
0.5704092535627194,1.5596161839174465,PFM-1 (Butterfly)
0.7552330454293523,1.5439411610058036,PFM-1 (Butterfly)
0.9637261965032868,1.6929775648799394,PFM-1 (Butterfly)
1.0869986693610438,1.8332192310583988,PFM-1 (Butterfly)
1.503077913026802,1.7120869908718934,PFM-1 (Butterfly)
1.8223639455511937,1.8443160109845742,PFM-1 (Butterfly)
2.0955776890266105,1.6542588765355404,PFM-1 (Butterfly)
2.248703251160881,1.6127713972541229,PFM-1 (Butterfly)
2.4613089285571768,1.716069591613261,PFM-1 (Butterfly)
2.895748174690241,1.655939603956657,PFM-1 (Butterfly)
2.447010657465453,1.6260137101043999,PFM-1 (Butterfly)
2.212384655382544,1.612583667520716,PFM-1 (Butterfly)
1.6845363432249434,1.5523196672414565,PFM-1 (Butterfly)
1.4569002613781672,1.5774018698440104,PFM-1 (Butterfly)
1.3228032179173799,1.3572629140242667,PFM-1 (Butterfly)
1.6379316125440304,1.3874076831495505,PFM-1 (Butterfly)
1.42407563054999,1.437011955068851,PFM-1 (Butterfly)
1.506309052238074,1.5604703968149911,PFM-1 (Butterfly)
1.5952199058248204,1.3214226070959116,PFM-1 (Butterfly)
1.8530857686919513,1.3738215049657887,PFM-1 (Butterfly)
2.165789185674306,1.078611700446576,PFM-1 (Butterfly)
2.019564901422627,1.5803881181179615,PFM-1 (Butterfly)
1.7201511845555213,1.8305017231303065,PFM-1 (Butterfly)
2.0930914854389595,1.906016404312874,PFM-1 (Butterfly)
2.378517081643011,1.781645888446908,PFM-1 (Butterfly)
2.65883330210636,1.9401648119990145,PFM-1 (Butterfly)
3.5763358827936473,0.24485264710320176,PFM-1 (Butterfly)
5.258212354837736,0.4837335723765184,PFM-1 (Butterfly)
5.316510881223186,0.21734987840065495,PFM-1 (Butterfly)
5.047029862963862,0.22089510690349762,PFM-1 (Butterfly)
4.922030392511168,-0.0553149033281556,PFM-1 (Butterfly)
4.5869171757233165,-0.465870890223651,PFM-1 (Butterfly)
3.858696834766582,-0.6460049085577787,PFM-1 (Butterfly)
3.1865035031438955,-0.7697235084389353,PFM-1 (Butterfly)
3.0388871871236103,-0.8456657944270514,PFM-1 (Butterfly)
2.822445075678684,-0.7949466478284499,PFM-1 (Butterfly)
2.635813713540219,-0.9208944803257105,PFM-1 (Butterfly)
2.0989389497033373,-0.7910293180308974,PFM-1 (Butterfly)
1.7099036027678023,-0.48962310582768515,PFM-1 (Butterfly)
1.3627995387421243,-0.4835619072703877,PFM-1 (Butterfly)
1.0963327426261973,-0.46146045596030116,PFM-1 (Butterfly)
0.9777203960088664,-0.4643926640199569,PFM-1 (Butterfly)
0.8998576871132694,-0.365483150472589,PFM-1 (Butterfly)
0.9442960542153457,-0.28288316500812666,PFM-1 (Butterfly)
0.8580866741605555,-0.29212732158816557,PFM-1 (Butterfly)
0.9783061809468747,-0.3244552165742786,PFM-1 (Butterfly)
1.091048710298816,-0.37246276932987554,PFM-1 (Butterfly)
1.2847657282257627,-0.411081021823156,PFM-1 (Butterfly)
1.5742859766731871,-0.6126353092148948,PFM-1 (Butterfly)
2.037025407953389,-0.6970981331560334,PFM-1 (Butterfly)
2.5144442557878666,-0.8733332658828188,PFM-1 (Butterfly)
-1.4996910370697305,0.05065278322978158,PFM-1 (Butterfly)
-1.1361080655945273,0.693996836089128,PFM-1 (Butterfly)
-1.185863457132811,0.2771861417589259,PFM-1 (Butterfly)
-1.136641866392146,0.5852428127378074,PFM-1 (Butterfly)
-0.7914614001943493,0.4854743001547717,PFM-1 (Butterfly)
-0.7333822934739995,0.36205195918545163,PFM-1 (Butterfly)
-0.6766219808545711,0.245989595576596,PFM-1 (Butterfly)
-0.25039396263712155,0.7366229423431825,PFM-1 (Butterfly)
0.21953879970915774,0.6929115242962431,PFM-1 (Butterfly)
0.25686195438455106,0.8425111413404672,PFM-1 (Butterfly)
0.4512179211009786,0.5335972300291814,PFM-1 (Butterfly)
0.3611035631053963,0.6546519270476142,PFM-1 (Butterfly)
0.4571710285826879,0.6782117641284968,PFM-1 (Butterfly)
1.2251670328454116,0.5452884412170184,PFM-1 (Butterfly)
1.2229702670666491,0.6435602489822818,PFM-1 (Butterfly)
1.7520780282675574,1.0184371269679178,PFM-1 (Butterfly)
2.2467840534506567,1.1773373030400636,PFM-1 (Butterfly)
1.9416847762555265,0.9013856144499128,PFM-1 (Butterfly)
1.944198246637633,1.431320925534607,PFM-1 (Butterfly)
2.272155764664297,1.4731459175023283,PFM-1 (Butterfly)
3.1579527234002565,1.2029342386108406,PFM-1 (Butterfly)
3.6488488075125205,1.2950307384450463,PFM-1 (Butterfly)
2.8259161094463736,0.7009208747774104,PFM-1 (Butterfly)
2.891395037255116,0.33164460700379506,PFM-1 (Butterfly)
2.3118220910509364,0.5864172468096122,PFM-1 (Butterfly)
2.0538280602111247,0.4848342978721925,PFM-1 (Butterfly)
1.822781665159483,0.47852442879624246,PFM-1 (Butterfly)
1.2967565506166794,0.4035416779879813,PFM-1 (Butterfly)
1.6235334158511754,0.4560380585834413,PFM-1 (Butterfly)
1.187268357260403,0.6662915525061429,PFM-1 (Butterfly)
0.5794355144365256,1.022398921938966,PFM-1 (Butterfly)
0.5786708915204826,0.8526621856975041,PFM-1 (Butterfly)
0.6796041036681458,0.9240922015173939,PFM-1 (Butterfly)
0.4546104953858399,1.1350517402646916,PFM-1 (Butterfly)
0.7258581891175211,1.350799593723438,PFM-1 (Butterfly)
0.6882514772145953,1.2521085525385323,PFM-1 (Butterfly)
1.6807402389209753,1.3266342296206974,PFM-1 (Butterfly)
1.9596365010986765,1.315462955077035,PFM-1 (Butterfly)
3.164941003667899,1.7898788582531162,PFM-1 (Butterfly)
3.901504666008315,1.447825599925918,PFM-1 (Butterfly)
3.981945699816098,1.606252045369579,PFM-1 (Butterfly)
4.656890597143924,1.688963380495658,PFM-1 (Butterfly)
4.164473886903278,1.4146298758618696,PFM-1 (Butterfly)
4.804275818101166,1.7542989661198556,PFM-1 (Butterfly)
4.5773085032149465,1.1837747206801745,PFM-1 (Butterfly)
3.487093798510566,0.6984926049428084,PFM-1 (Butterfly)
3.604602803542156,0.5681828047464715,PFM-1 (Butterfly)
2.9696616846993757,-0.27715496073387236,PFM-1 (Butterfly)
-0.7967892667797475,-1.3789639440752974,PMA-2 (Starfish)
-0.15225492442801059,-0.7561615455322834,PMA-2 (Starfish)
0.22685360867558726,-0.7593048022385755,PMA-2 (Starfish)
0.4561921099113972,-0.5125699359415815,PMA-2 (Starfish)
0.7050457083277739,-0.4895248833491321,PMA-2 (Starfish)
1.0311800092605923,-0.4503722103345177,PMA-2 (Starfish)
1.0905564451498537,-0.332648620502258,PMA-2 (Starfish)
1.0893402723366075,-0.31819731443118104,PMA-2 (Starfish)
1.2271917280107132,-0.3119096999626454,PMA-2 (Starfish)
1.354223093357293,-0.3618637741186434,PMA-2 (Starfish)
1.5587786283435838,-0.11453772597874914,PMA-2 (Starfish)
1.6258283649979746,-0.2977757165658292,PMA-2 (Starfish)
1.7382029170477622,-0.35977566053807,PMA-2 (Starfish)
1.8728738414748913,-0.2558007140536957,PMA-2 (Starfish)
1.9134188599859492,-0.13794649287288677,PMA-2 (Starfish)
1.9459744866519044,-0.19481952135359806,PMA-2 (Starfish)
1.7154428409539337,-0.7121409582540043,PMA-2 (Starfish)
1.8948668013063328,-0.23309190627506085,PMA-2 (Starfish)
1.8009712910532885,-0.25913748971559886,PMA-2 (Starfish)
1.3373211957182216,-0.4223666774859797,PMA-2 (Starfish)
1.0120299063013931,-0.3995726408583188,PMA-2 (Starfish)
0.773050502618447,-0.5102854708025284,PMA-2 (Starfish)
0.4081874087577251,-0.5098228284240642,PMA-2 (Starfish)
0.1306055385283694,-0.39377592769315967,PMA-2 (Starfish)
0.1428750595408573,-0.5353150176020561,PMA-2 (Starfish)
0.011072681934329686,-0.547612625938154,PMA-2 (Starfish)
0.027926921309157412,-0.5003454023048769,PMA-2 (Starfish)
-0.2040174969178315,-0.45761359765604226,PMA-2 (Starfish)
-0.1888228402019839,-0.4333246755698873,PMA-2 (Starfish)
-0.1747796784390323,-0.41216721745314266,PMA-2 (Starfish)
-0.05929368772278045,-0.35606206265577633,PMA-2 (Starfish)
0.04847059928141083,-0.33855946875963955,PMA-2 (Starfish)
0.1574786914790234,-0.25149122739958507,PMA-2 (Starfish)
0.6954144485690666,-0.3954899339388893,PMA-2 (Starfish)
1.200044836343982,-0.29751328234249746,PMA-2 (Starfish)
1.6572597355012724,-0.31690904384835716,PMA-2 (Starfish)
1.479559066019772,-0.21413889795451058,PMA-2 (Starfish)
1.070184549180609,-0.09737301973900432,PMA-2 (Starfish)
1.1935199234343483,-0.1951556186402454,PMA-2 (Starfish)
0.9209703631285627,-0.6551036618365919,PMA-2 (Starfish)
0.8525186345106158,-0.18006196183209744,PMA-2 (Starfish)
0.4567066313634299,-0.44392124411020434,PMA-2 (Starfish)
0.3334498571395781,-0.3724591700237527,PMA-2 (Starfish)
0.34990451542789786,-0.4796904930838253,PMA-2 (Starfish)
0.3036558451983327,-0.5375345950889091,PMA-2 (Starfish)
0.020345607941743237,-0.5111869898630123,PMA-2 (Starfish)
-0.26590501312506637,-0.46960212035654075,PMA-2 (Starfish)
-0.34665005347667843,-0.5376443012400715,PMA-2 (Starfish)
-0.16716742559365722,-0.5010618059421821,PMA-2 (Starfish)
0.19806347335394084,-0.478343042211999,PMA-2 (Starfish)
0.5435851072595372,-0.5079030977170959,PMA-2 (Starfish)
0.8433004771062321,-0.24064658524077467,PMA-2 (Starfish)
1.286140887665171,-0.33529410519510267,PMA-2 (Starfish)
1.698659869026005,-0.2649894399746405,PMA-2 (Starfish)
2.3832329742146605,-0.1981642516453887,PMA-2 (Starfish)
-1.1061121352368628,-1.1623198714937173,PFM-1 (Butterfly)
2.80916986555211,0.04306254168602844,PMA-2 (Starfish)
-1.053240970515949,-1.3338915779795342,PFM-1 (Butterfly)
2.0120424717505663,0.9180408691493459,PMA-2 (Starfish)
-1.2201928801154471,-1.3179321853988457,PFM-1 (Butterfly)
-1.7427682827719178,-0.5670858701082501,PFM-1 (Butterfly)
-0.8150645731798117,-1.2052106478886915,PFM-1 (Butterfly)
-0.6538819719121943,-1.2285259716162777,PFM-1 (Butterfly)
-0.5124699841790604,-1.1056336359160899,PFM-1 (Butterfly)
-0.3373947328136629,-1.1684719439475149,PFM-1 (Butterfly)
-0.1525931815141604,-1.0852047568325678,PFM-1 (Butterfly)
-0.21190517934359113,-1.0211595660187645,PFM-1 (Butterfly)
-0.10965301982585636,-1.0832347761890793,PFM-1 (Butterfly)
-0.076399435704878,-1.1413791070404549,PFM-1 (Butterfly)
-0.08529704019672434,-1.1388936042640287,PFM-1 (Butterfly)
0.024847929611558,-1.1807760127158127,PFM-1 (Butterfly)
0.1508349405819909,-1.1901231764347224,PFM-1 (Butterfly)
0.4624540531442135,-1.2094184289483423,PFM-1 (Butterfly)
0.5793286882319962,-1.3214489428372402,PFM-1 (Butterfly)
1.0986967045122868,-1.2309164283976206,PFM-1 (Butterfly)
1.3012310924307207,-0.9874547778736139,PFM-1 (Butterfly)
1.4400521297732707,-1.044279448187162,PFM-1 (Butterfly)
1.6981779684572385,-1.131293622023193,PFM-1 (Butterfly)
1.9728652521231211,-1.0237959907724825,PFM-1 (Butterfly)
2.271960049506306,-0.9955819112396905,PFM-1 (Butterfly)
2.4253520180311647,-0.9922512041293148,PFM-1 (Butterfly)
2.231406183861309,-1.0009250485513737,PFM-1 (Butterfly)
2.0716859041188442,-1.0614195785011293,PFM-1 (Butterfly)
1.869615507809486,-1.0879694131626567,PFM-1 (Butterfly)
1.8171823765726423,-1.118474628502688,PFM-1 (Butterfly)
1.7436314794943184,-0.9755258917630407,PFM-1 (Butterfly)
1.8585574642143379,-0.9700134309957923,PFM-1 (Butterfly)
2.0255853574587306,-0.8438667090275639,PFM-1 (Butterfly)
2.2144608542150537,-0.5813144396660187,PFM-1 (Butterfly)
2.1923208706495063,-0.16455670974483697,PFM-1 (Butterfly)
2.362241126270347,0.09162596540546603,PFM-1 (Butterfly)
2.4325384847532527,0.33785120670425595,PFM-1 (Butterfly)
2.3297601052795374,0.5814059818649987,PFM-1 (Butterfly)
1.9522913376221864,0.8458933299303467,PFM-1 (Butterfly)
1.387260092910064,1.120118239389735,PFM-1 (Butterfly)
1.2574074354454272,0.7918757021080738,PFM-1 (Butterfly)
1.0246545716665558,0.8351524906778085,PFM-1 (Butterfly)
0.6770663725440756,1.1059915032103875,PFM-1 (Butterfly)
0.6185898649221351,0.7017972224917529,PFM-1 (Butterfly)
0.5280654740728618,0.7485266763549889,PFM-1 (Butterfly)
0.4215906386082806,0.7613354386487254,PFM-1 (Butterfly)
0.4263897550596276,0.7868343142060072,PFM-1 (Butterfly)
0.3286834069018023,0.8941852274541285,PFM-1 (Butterfly)
0.2054801633752841,0.9950674243306105,PFM-1 (Butterfly)
0.08155500548468923,0.9202737383088692,PFM-1 (Butterfly)
0.04719234774187696,0.8230257025504348,PFM-1 (Butterfly)
0.2182643891637895,0.4296684778306273,PFM-1 (Butterfly)
-0.0907234874859631,0.2686886244034523,PFM-1 (Butterfly)
-0.23286109744026195,0.08840346355869451,PFM-1 (Butterfly)
-0.2884282144334614,-0.03774003144230361,PFM-1 (Butterfly)
-0.21754762788570972,-0.1548145710680095,PFM-1 (Butterfly)
-0.004770364190482262,-0.38205834811078737,PFM-1 (Butterfly)
0.16231335738437988,-0.4601148041423251,PFM-1 (Butterfly)
0.28001291512059096,-0.42730325235425354,PFM-1 (Butterfly)
0.30196875285583485,-0.5949704868677141,PFM-1 (Butterfly)
0.12846369111268374,-0.43588995244796025,PFM-1 (Butterfly)
-0.0027018357945083013,-0.33884661328746335,PFM-1 (Butterfly)
-0.4275798450273715,0.19641853795108896,PFM-1 (Butterfly)
-0.3315050990427872,0.35116743745703793,PFM-1 (Butterfly)
-0.18597271244804575,0.09615108334094129,PFM-1 (Butterfly)
0.18094477425147504,-0.0580532631336787,PFM-1 (Butterfly)
0.3835032453451295,-0.33132654322705873,PFM-1 (Butterfly)
0.6869156548227019,-0.3756152293237488,PFM-1 (Butterfly)
1.1171378367986295,-0.42503235152288377,PFM-1 (Butterfly)
1.2720188664425605,-0.4928147231025089,PFM-1 (Butterfly)
1.8082262575460002,-0.4429866404803622,PFM-1 (Butterfly)
2.3054052117505632,-0.4327557286275708,PFM-1 (Butterfly)
2.2423687279611597,-0.6865156819300644,PFM-1 (Butterfly)
2.2192165354987634,-0.8680124015484799,PFM-1 (Butterfly)
2.190512267933544,-0.7959791523411636,PFM-1 (Butterfly)
2.482521541756893,-0.8164719494513755,PFM-1 (Butterfly)
2.9287747539684283,-0.8048987590462418,PFM-1 (Butterfly)
3.1823227460730164,-0.7523436615590953,PFM-1 (Butterfly)
3.628551134734663,-0.6845537050468842,PFM-1 (Butterfly)
3.08176978268925,-0.812470764013528,PFM-1 (Butterfly)
2.919670422822859,-0.9844646171689352,PFM-1 (Butterfly)
3.303204526841074,-0.8066030806742978,PFM-1 (Butterfly)
3.808419757518314,-0.5659503406382665,PFM-1 (Butterfly)
3.0477060776805933,-0.2576243000327562,PFM-1 (Butterfly)
0.4556825247194959,0.05417701667331745,PFM-1 (Butterfly)
-1.767122907665886,-0.9112655317102102,PMA-2 (Starfish)
-2.100393202077319,-1.6361538335496633,PMA-2 (Starfish)
-0.9673523278107008,0.07687638372272766,PFM-1 (Butterfly)
-1.0910612516558036,-1.117801599377892,PFM-1 (Butterfly)
-1.0836745099351381,0.41394819549790784,PFM-1 (Butterfly)
-0.4643447319392064,0.08594004797200949,PFM-1 (Butterfly)
-0.5024321393514088,0.10897594678748738,PFM-1 (Butterfly)
0.14142419166335626,0.44809840781264415,PFM-1 (Butterfly)
0.4609340393061679,0.6438981754167495,PFM-1 (Butterfly)
1.3182999094505503,0.25472727120943006,PFM-1 (Butterfly)
1.440136755405024,0.6764577314749883,PFM-1 (Butterfly)
2.041227821441293,0.6953217605023069,PFM-1 (Butterfly)
1.843417923725751,1.1004964545958487,PFM-1 (Butterfly)
2.2281709592883208,1.1384667100088681,PFM-1 (Butterfly)
1.792782399969667,1.0290933487323224,PFM-1 (Butterfly)
1.2270881909319988,0.9245910177495863,PFM-1 (Butterfly)
1.0009502325115436,0.7782657622662651,PFM-1 (Butterfly)
0.7300828448236991,0.8741664932587829,PFM-1 (Butterfly)
0.6913706383856384,0.8581770571337866,PFM-1 (Butterfly)
1.4438401801377765,0.5681793721092542,PFM-1 (Butterfly)
1.8010452483232755,0.4163226648355022,PFM-1 (Butterfly)
2.3962346480490395,0.06713685250307394,PFM-1 (Butterfly)
2.295033793812622,-0.1687741555911525,PFM-1 (Butterfly)
3.0130060146822517,-0.4270900187664906,PFM-1 (Butterfly)
2.3993095925220618,-0.8110698610857509,PFM-1 (Butterfly)
2.676690520958305,-0.9489186656121197,PFM-1 (Butterfly)
1.7972302304093974,-1.1627206773762713,PFM-1 (Butterfly)
2.1133334709105385,-0.8919737509121057,PFM-1 (Butterfly)
1.534561398139617,-0.8119491838099273,PFM-1 (Butterfly)
1.502119860820042,-0.7893644947278204,PFM-1 (Butterfly)
1.3839319164637192,-0.602264583628828,PFM-1 (Butterfly)
1.2930681914835311,-0.7680964848610503,PFM-1 (Butterfly)
1.3712651833152416,-0.8069574125569372,PFM-1 (Butterfly)
1.1840779459898505,-0.6389063862462439,PFM-1 (Butterfly)
1.4556366230304307,-0.5799276505260849,PFM-1 (Butterfly)
1.7150668483522113,-0.568859868116079,PFM-1 (Butterfly)
2.3084196211341235,-0.6086456554892169,PFM-1 (Butterfly)
2.366361871691413,-0.6453661613972432,PFM-1 (Butterfly)
2.5301082695804946,-0.5262024011517998,PFM-1 (Butterfly)
2.847515197887708,-0.6598431789241869,PFM-1 (Butterfly)
2.9726221924717584,-0.4294543872112029,PFM-1 (Butterfly)
3.2608921687283767,-0.39267957001680837,PFM-1 (Butterfly)
2.875659357841811,-0.25457474438302363,PFM-1 (Butterfly)
2.725339475798008,0.09379043176220513,PFM-1 (Butterfly)
2.656225612145043,0.6834804766081463,PFM-1 (Butterfly)
2.2488634740053803,0.6769348913170611,PFM-1 (Butterfly)
2.0022932378768465,0.8684586269762542,PFM-1 (Butterfly)
2.3566414351777754,0.8097993562226078,PFM-1 (Butterfly)
1.6311886911706648,0.4973827349189044,PFM-1 (Butterfly)
1.5279020747854661,0.5411223714835488,PFM-1 (Butterfly)
1.4609025166667136,0.4910009525374007,PFM-1 (Butterfly)
1.5769456763343852,-0.02555655300130049,PFM-1 (Butterfly)
2.127475592728577,-0.5469890354355901,PFM-1 (Butterfly)
1.8277396535468273,-0.7892740761571068,PFM-1 (Butterfly)
2.5040251867274925,-1.0331824901596576,PFM-1 (Butterfly)
2.9070284487313836,-1.0022223301115034,PFM-1 (Butterfly)
-1.1376157141392989,1.680772016438904,PFM-1 (Butterfly)
0.08678075791308515,0.8467990705819504,PFM-1 (Butterfly)
0.47044385910690656,0.9445289678813588,PFM-1 (Butterfly)
0.62588749579921,0.8661691363138513,PFM-1 (Butterfly)
1.1015815890227332,0.7264416580362302,PFM-1 (Butterfly)
1.7563564014366058,0.7351497979537382,PFM-1 (Butterfly)
1.5005005904717714,0.909568835198436,PFM-1 (Butterfly)
1.8234732671096785,1.1074698698364682,PFM-1 (Butterfly)
1.8770941488696267,1.0052977138500354,PFM-1 (Butterfly)
2.177044451536191,0.977006657690234,PFM-1 (Butterfly)
2.2921840257016703,1.3379441941554677,PFM-1 (Butterfly)
2.460380122750003,1.185132607609345,PFM-1 (Butterfly)
2.4959329434221207,1.4236667961111236,PFM-1 (Butterfly)
2.6290348081377526,1.5813273078447319,PFM-1 (Butterfly)
2.7850433650872555,1.3929843363254133,PFM-1 (Butterfly)
2.6690599342962904,1.133562989269837,PFM-1 (Butterfly)
2.179049691423088,1.6186546564886901,PFM-1 (Butterfly)
1.9224957674538665,1.3277157289569124,PFM-1 (Butterfly)
1.4851989500978386,1.1248586444148063,PFM-1 (Butterfly)
1.419320078663767,0.6815608623503738,PFM-1 (Butterfly)
1.0978094111331314,0.5470332603196603,PFM-1 (Butterfly)
0.9949691926620029,0.23866962657200452,PFM-1 (Butterfly)
1.1266849990621055,0.240295231450458,PFM-1 (Butterfly)
1.0982367779883844,0.44497287673880653,PFM-1 (Butterfly)
1.2063702274690553,0.622701848025067,PFM-1 (Butterfly)
1.5680241876841978,0.5145937499396287,PFM-1 (Butterfly)
1.5899296745724056,0.9172235704806612,PFM-1 (Butterfly)
1.9581915219289916,0.9604917268960999,PFM-1 (Butterfly)
2.1907983464404017,1.1190153376440275,PFM-1 (Butterfly)
2.3406694690729872,1.5688956098350066,PFM-1 (Butterfly)
2.4818227474295305,1.6094563862642306,PFM-1 (Butterfly)
2.9415950691132804,1.0701131064867615,PFM-1 (Butterfly)
3.4174213908077564,0.6923384241088127,PFM-1 (Butterfly)
4.4180468814116525,-0.03703919381580746,PFM-1 (Butterfly)
0.7703682460465565,-0.5516422428115991,PMA-2 (Starfish)
0.877367354172981,-0.49038990078207184,PMA-2 (Starfish)
0.7451088835710737,-0.3589423407135738,PMA-2 (Starfish)
0.8847046810998122,-0.2787377842259548,PMA-2 (Starfish)
0.8994009619767535,-0.24982664991900286,PMA-2 (Starfish)
0.7553799368050399,-0.2866361987842517,PMA-2 (Starfish)
0.7901860192052224,-0.31824929760914106,PMA-2 (Starfish)
1.061957505313119,-0.24583578664369019,PMA-2 (Starfish)
1.424001575423696,-0.3244301330099002,PMA-2 (Starfish)
1.745004545144292,-0.27673475362191086,PMA-2 (Starfish)
1.8833092103329738,-0.25693484323655147,PMA-2 (Starfish)
1.9098141092584069,-0.12304534938187028,PMA-2 (Starfish)
1.792626541022874,-0.2285827337752316,PMA-2 (Starfish)
1.5318258569279992,-0.19234149170699472,PMA-2 (Starfish)
1.439896224792144,-0.1544161500170287,PMA-2 (Starfish)
0.9646981252037157,-0.30540957131098356,PMA-2 (Starfish)
0.8325434902250664,-0.38858906374793095,PMA-2 (Starfish)
0.34688291182958,-0.5312872085723757,PMA-2 (Starfish)
-0.02846488263896116,-0.5576439384150109,PMA-2 (Starfish)
-0.28958470175693063,-0.4444735406279056,PMA-2 (Starfish)
-0.3813742756267911,-0.535093098230375,PMA-2 (Starfish)
-0.4731892300878336,-0.5440605310031167,PMA-2 (Starfish)
-0.36080013727323706,-0.6247446561888496,PMA-2 (Starfish)
-0.17819818751284497,-0.4431802728363507,PMA-2 (Starfish)
0.05291486348171023,-0.4255550430723425,PMA-2 (Starfish)
0.27862299864045287,-0.532405112268043,PMA-2 (Starfish)
0.5793116044431428,-0.3976637989173294,PMA-2 (Starfish)
0.960685649798184,-0.3293016289712714,PMA-2 (Starfish)
1.6240548941653583,-0.22041233029385165,PMA-2 (Starfish)
1.99642546867325,-0.15633413888860584,PMA-2 (Starfish)
2.6030935991073023,-0.0679956783296171,PMA-2 (Starfish)
2.4901322756176993,-0.14018214114993277,PMA-2 (Starfish)
2.633308570817966,-0.032184272555296815,PMA-2 (Starfish)
2.430411401151699,0.046765889188819666,PMA-2 (Starfish)
2.610735950869376,0.12361907541569164,PMA-2 (Starfish)
2.758255436030546,-0.018453156653279967,PMA-2 (Starfish)
2.769600930366408,0.13718622186134263,PMA-2 (Starfish)
2.7760525484449396,-0.06598260851324836,PMA-2 (Starfish)
3.239185146011877,-0.003491681823745012,PMA-2 (Starfish)
3.0501432098596495,0.021418134750064082,PMA-2 (Starfish)
2.5933377229099626,0.12401896044732783,PMA-2 (Starfish)
2.208549065777619,0.047077772176138975,PMA-2 (Starfish)
2.0665120426379704,-0.06700768280085628,PMA-2 (Starfish)
1.5136620020638274,-0.24276607987826002,PMA-2 (Starfish)
1.3839835673364758,-0.2262765847480425,PMA-2 (Starfish)
1.3508610584645504,-0.36697574191126114,PMA-2 (Starfish)
-1.9452506802073786,-0.23261558369905408,PMA-2 (Starfish)
-1.9243969171336046,-0.3340738284480201,PMA-2 (Starfish)
-2.0420833935944036,-0.05473927713064708,PMA-2 (Starfish)
-1.901170395303682,-0.5348362178059886,PMA-2 (Starfish)
-1.9140740102338643,-0.5212686646590118,PMA-2 (Starfish)
-1.9186912063150818,-0.43875177859133724,PMA-2 (Starfish)
-1.9668763047586375,-0.4157499530578888,PMA-2 (Starfish)
-1.8886730166684398,-0.47068800877818096,PMA-2 (Starfish)
-1.9446537547045006,-0.32043267270531317,PMA-2 (Starfish)
-1.8095809959348559,-0.5384361479425439,PMA-2 (Starfish)
-1.7934458115235299,-0.41884462045816895,PMA-2 (Starfish)
-1.7332685238158911,-0.5075487583244951,PMA-2 (Starfish)
-1.7002120104848473,-0.4892697101587051,PMA-2 (Starfish)
-1.699733717589431,-0.3563143456119696,PMA-2 (Starfish)
-1.7068509361412045,-0.3766488244285625,PMA-2 (Starfish)
-1.67883260208242,-0.4563493661194563,PMA-2 (Starfish)
-1.6718734490662455,-0.29367717114630293,PMA-2 (Starfish)
-1.6298392525016578,-0.17644832293813048,PMA-2 (Starfish)
-1.5608646646651507,-0.3279135203657303,PMA-2 (Starfish)
-1.537280784284179,-0.26245362076209633,PMA-2 (Starfish)
-1.544013104716787,-0.3650115759292404,PMA-2 (Starfish)
-1.5719874396167912,-0.4435021951406408,PMA-2 (Starfish)
-1.5986311679005365,-0.3126566585560248,PMA-2 (Starfish)
-1.5029767235252223,-0.3557096264473336,PMA-2 (Starfish)
-1.518247563168678,-0.30335017677885956,PMA-2 (Starfish)
-1.4498416629722841,-0.35097119561911205,PMA-2 (Starfish)
-1.3836578773852695,-0.27047984993779883,PMA-2 (Starfish)
-1.4148968584711195,-0.2662075951230828,PMA-2 (Starfish)
-1.2316033370214576,-0.5808736600079332,PMA-2 (Starfish)
-1.2463149017525381,-0.2955640575305126,PMA-2 (Starfish)
-1.2957272365977448,-0.39784411777509726,PMA-2 (Starfish)
-1.1869727349043933,-0.34090541596844787,PMA-2 (Starfish)
-1.1217313997036655,-0.33011334142222426,PMA-2 (Starfish)
-1.0385013429648215,-0.40344673552782917,PMA-2 (Starfish)
-0.974943509479611,-0.2788224443046271,PMA-2 (Starfish)
-1.0090254571690334,-0.09535405205122836,PMA-2 (Starfish)
-0.7852552502963857,-0.27137777317929357,PMA-2 (Starfish)
-0.7367427653937659,-0.2561931078715679,PMA-2 (Starfish)
-0.6089401771921976,-0.21922749400390748,PMA-2 (Starfish)
-0.48157290968128563,-0.28574269358515336,PMA-2 (Starfish)
-0.2522017224487754,-0.38489197964666655,PMA-2 (Starfish)
-0.15277621026951868,-0.315774477633148,PMA-2 (Starfish)
0.158989152550476,-0.28408626498496475,PMA-2 (Starfish)
0.39817889196164885,-0.18551039576928757,PMA-2 (Starfish)
0.47053750342807904,-0.14906927847018314,PMA-2 (Starfish)
0.7298796946895547,-0.15248804129065016,PMA-2 (Starfish)
0.8646371718184855,-0.07756392065524474,PMA-2 (Starfish)
1.0821490179793758,-0.10607453815473945,PMA-2 (Starfish)
1.4556384707305532,0.10255500522695288,PMA-2 (Starfish)
1.7080018644201995,0.05182322993910768,PMA-2 (Starfish)
2.3393614957438382,0.11746320894685135,PMA-2 (Starfish)
2.5585814914166347,0.16630578963564074,PMA-2 (Starfish)
2.879791508780821,0.2324185723840271,PMA-2 (Starfish)
3.1394665825657775,0.1985473286508918,PMA-2 (Starfish)
3.513975020268739,0.3028623760563222,PMA-2 (Starfish)
4.250844432636036,0.3688715303053677,PMA-2 (Starfish)
4.317781891990772,-0.2404226113570547,PMA-2 (Starfish)
4.048435906382226,-0.7506547345930343,PMA-2 (Starfish)
1.9400099535026707,-1.7346427202876085,PMA-2 (Starfish)
-0.5170108241432314,0.03133177717599411,PMA-2 (Starfish)
-2.033881159987471,-0.22842804323088636,PFM-1 (Butterfly)
-0.5417124692819525,-0.1688556640583651,PMA-2 (Starfish)
-2.2514263726564034,-0.4288362866971064,PFM-1 (Butterfly)
-0.41158509028657336,-0.2277182723617484,PMA-2 (Starfish)
-2.147255618252693,-0.24406987325421328,PFM-1 (Butterfly)
-0.07785337322746808,0.0972025844738628,PMA-2 (Starfish)
-2.4503007077306576,-0.014820106254260905,PFM-1 (Butterfly)
-1.6730471347060198,-0.4306255357804688,PFM-1 (Butterfly)
-0.039912553489266256,0.0993913704434197,PMA-2 (Starfish)
-2.3931818652680947,-0.015618240296962764,PFM-1 (Butterfly)
-1.6045175197316763,-0.425509523700066,PFM-1 (Butterfly)
-0.04689242190445308,0.09903886906695926,PMA-2 (Starfish)
-2.408999491530112,-0.019520706924417958,PFM-1 (Butterfly)
-1.6168224715013875,-0.429584256134402,PFM-1 (Butterfly)
-0.020882910059275932,0.10781872376581714,PMA-2 (Starfish)
-2.3633852965201885,-0.007074298749804918,PFM-1 (Butterfly)
-1.5837598487382576,-0.4213304530422281,PFM-1 (Butterfly)
0.06935077184338867,0.1341667376401352,PMA-2 (Starfish)
-2.2853338672546926,0.012111637258916176,PFM-1 (Butterfly)
-1.5112307875002802,-0.4045686385053824,PFM-1 (Butterfly)
0.16633338108921905,0.15721428666883233,PMA-2 (Starfish)
-2.230338558654563,0.022434236769876464,PFM-1 (Butterfly)
-1.4523901892262954,-0.3936292976340355,PFM-1 (Butterfly)
0.2110242576420569,0.1682410384589519,PMA-2 (Starfish)
-2.2409701834350697,0.01921712942262685,PFM-1 (Butterfly)
-1.4343827229957997,-0.39134042081262405,PFM-1 (Butterfly)
0.6154987976526546,-0.03861920803758074,PMA-2 (Starfish)
-2.251851157684054,0.01708598331776316,PFM-1 (Butterfly)
-1.4628778363559207,-0.3984334753562882,PFM-1 (Butterfly)
0.38916245326046034,-0.4615950003642069,PMA-2 (Starfish)
-2.267901841028625,0.01328445412476955,PFM-1 (Butterfly)
-1.472756272855698,-0.39981649158900023,PFM-1 (Butterfly)
0.6122339808074198,-0.15075421721138357,PMA-2 (Starfish)
-2.177226432545195,0.030494645746885568,PFM-1 (Butterfly)
-1.385163119047897,-0.38268284649181605,PFM-1 (Butterfly)
0.6737164245019615,-0.141081583351781,PMA-2 (Starfish)
-2.099356070919255,0.04512389563660848,PFM-1 (Butterfly)
-1.3150399578322731,-0.37067165211666403,PFM-1 (Butterfly)
0.7527263066087106,-0.12449323694858355,PMA-2 (Starfish)
-2.029583518404257,0.05923382489037654,PFM-1 (Butterfly)
-1.2454791117135309,-0.3581603152794497,PFM-1 (Butterfly)
0.9601507011007,0.1442443672206918,PMA-2 (Starfish)
-1.9669655207296646,0.07207795574739669,PFM-1 (Butterfly)
-1.1671378776395183,-0.3397265931236219,PFM-1 (Butterfly)
1.00941422399496,0.15711902527054944,PMA-2 (Starfish)
-1.9216924784935865,0.08230178918534278,PFM-1 (Butterfly)
-1.115664936557846,-0.32886173387271966,PFM-1 (Butterfly)
1.4922282488017609,0.10664777660737516,PMA-2 (Starfish)
-1.945481619474075,0.07652515598541859,PFM-1 (Butterfly)
-1.2168432596384537,0.0022321098566105376,PFM-1 (Butterfly)
1.5048944270347786,0.10606396971536662,PMA-2 (Starfish)
-1.9761061298118001,0.06793420138592536,PFM-1 (Butterfly)
-1.2497984634437032,-0.009464707683699563,PFM-1 (Butterfly)
1.5220890362948882,0.10634565747787598,PMA-2 (Starfish)
-2.0095298824147134,0.05770294540620132,PFM-1 (Butterfly)
-1.2790757403248714,-0.018698702612711508,PFM-1 (Butterfly)
1.5529493605231963,0.1130102805581261,PMA-2 (Starfish)
-2.0500190675224346,0.04766627237940599,PFM-1 (Butterfly)
-1.2967543298105728,-0.024372659056136343,PFM-1 (Butterfly)
1.6257337905895684,0.1294784975811688,PMA-2 (Starfish)
-2.0692228587009627,0.043471935366232894,PFM-1 (Butterfly)
-1.3175849704007525,-0.03119945247389661,PFM-1 (Butterfly)
2.537646888396591,0.5439144248463662,PMA-2 (Starfish)
-2.055840265638781,0.043978994887023636,PFM-1 (Butterfly)
-1.302493585969067,-0.029517740038534693,PFM-1 (Butterfly)
2.2588884622958196,0.035582380603621414,PMA-2 (Starfish)
-2.0426635431269893,0.04441877455183671,PFM-1 (Butterfly)
-2.0049621246089377,0.04476779115501048,PFM-1 (Butterfly)
-1.93608044826044,0.058695471821174995,PFM-1 (Butterfly)
-1.9197970777311164,0.05682702139924742,PFM-1 (Butterfly)
-1.9242320281715215,0.05350872846921669,PFM-1 (Butterfly)
-1.8824253682445053,0.06698402797931982,PFM-1 (Butterfly)
-1.9536762919869957,0.0594308270892396,PFM-1 (Butterfly)
-2.199955879166708,0.5250455745699922,PFM-1 (Butterfly)
-2.026194028254206,0.22545462562860302,PFM-1 (Butterfly)
-1.8358707032489023,0.07413553920594311,PFM-1 (Butterfly)
-1.7928112717517244,0.16767387160246597,PFM-1 (Butterfly)
-1.6172666768263368,-0.08270364849401395,PFM-1 (Butterfly)
-1.6718272341929201,0.19769657694482157,PFM-1 (Butterfly)
-1.6154349767837362,0.22279902590915876,PFM-1 (Butterfly)
-1.6358869693191311,0.2287110884925816,PFM-1 (Butterfly)
-1.4368589395787508,-0.04132639761277237,PFM-1 (Butterfly)
-1.0467234903362643,-0.7029859909990305,PFM-1 (Butterfly)
-0.9841726668907986,-0.640543582489656,PFM-1 (Butterfly)
-0.6727906171517382,-0.440479012305585,PFM-1 (Butterfly)
-0.6853216102921544,-0.5881576649072329,PFM-1 (Butterfly)
-0.8464724024384758,-0.41554967894996137,PFM-1 (Butterfly)
-0.646640491277149,-0.36763721939628274,PFM-1 (Butterfly)
-0.5583013804618261,-0.2162081691082179,PFM-1 (Butterfly)
-0.4402540608170161,0.05718812617128863,PFM-1 (Butterfly)
-0.04705796691523242,0.33436281623388264,PFM-1 (Butterfly)
-0.13991895379246966,-0.2657766788832181,PFM-1 (Butterfly)
0.5003291073433419,0.37349320417162785,PFM-1 (Butterfly)
0.873708441828704,0.40592980710469406,PFM-1 (Butterfly)
0.5074609758855029,0.46543835632095065,PFM-1 (Butterfly)
0.9164569086544168,0.32838527275938034,PFM-1 (Butterfly)
0.8428383331136029,0.837705216587672,PFM-1 (Butterfly)
0.8360201499939843,0.8722262075369777,PFM-1 (Butterfly)
0.9595805144223869,0.9381138711340203,PFM-1 (Butterfly)
0.9461491245564718,1.3278799883079477,PFM-1 (Butterfly)
1.1696888249542428,1.4180647065291165,PFM-1 (Butterfly)
1.1329805368967858,1.4521167102650594,PFM-1 (Butterfly)
1.3449776160454778,1.4777576845898528,PFM-1 (Butterfly)
1.3832140262239314,1.379750254733271,PFM-1 (Butterfly)
1.3438702964352518,1.5777656375962508,PFM-1 (Butterfly)
1.3176993972171298,1.2888204078451206,PFM-1 (Butterfly)
1.1746698197464196,1.1192342365020704,PFM-1 (Butterfly)
-1.155043385879317,0.9090340762765854,PFM-1 (Butterfly)
0.9097303299410606,1.2842707732342633,PFM-1 (Butterfly)
-1.3481268353006841,0.9556424842576855,PFM-1 (Butterfly)
1.1665084120789109,1.0714555998421085,PFM-1 (Butterfly)
-1.191818772147121,0.2875137962961681,PFM-1 (Butterfly)
1.2701869152547138,0.9369779668530317,PFM-1 (Butterfly)
-1.4158565343948941,0.8236689606865589,PFM-1 (Butterfly)
1.1894817822878418,1.1358207973147008,PFM-1 (Butterfly)
-1.3266041693164645,0.13260723911356828,PFM-1 (Butterfly)
1.3144805473220986,0.7688385654977866,PFM-1 (Butterfly)
-1.5033535701385412,0.25902670104294967,PFM-1 (Butterfly)
1.3940654863316206,0.8154655423551606,PFM-1 (Butterfly)
-1.3970480518595738,0.21266078566195545,PFM-1 (Butterfly)
1.9199480124909536,0.7192234841158607,PFM-1 (Butterfly)
-1.4884682272340803,0.23944707604056423,PFM-1 (Butterfly)
2.061734934777121,0.5234110026401584,PFM-1 (Butterfly)
-1.4851132899970279,0.18939298410568445,PFM-1 (Butterfly)
2.7648536785106343,0.11315311230793813,PFM-1 (Butterfly)
-1.493983327750085,0.15870111444442783,PFM-1 (Butterfly)
2.9940100748654963,0.019922925833393022,PFM-1 (Butterfly)
-1.4969506048261985,0.24643930712140621,PFM-1 (Butterfly)
3.2412534006543336,-0.0803828841133902,PFM-1 (Butterfly)
-1.4294271968718477,0.2164746445554457,PFM-1 (Butterfly)
3.92778879807929,0.025520134504184323,PFM-1 (Butterfly)
-1.5563320725243057,0.27730097424817296,PFM-1 (Butterfly)
4.692205628092219,0.13395940480435417,PFM-1 (Butterfly)
-1.4503127746800721,0.2595344501406629,PFM-1 (Butterfly)
5.166097594034366,-0.3398571478775269,PFM-1 (Butterfly)
-1.3531317718559808,-0.09246978054864058,PFM-1 (Butterfly)
4.0915791546952684,-1.2942110423799724,PFM-1 (Butterfly)
-1.4492046023819765,0.3909640648869931,PFM-1 (Butterfly)
-1.3012402077248073,0.21948494858500212,PFM-1 (Butterfly)
-1.1781535033317696,0.15913301497412402,PFM-1 (Butterfly)
-1.1518830666238022,0.00667405763499201,PFM-1 (Butterfly)
-0.9829907438900568,-0.13791230580696048,PFM-1 (Butterfly)
-0.8158479826379416,-0.23965070357017246,PFM-1 (Butterfly)
-0.7906349082931183,0.12697808442560374,PFM-1 (Butterfly)
-0.8099365346990964,0.1658283503353512,PFM-1 (Butterfly)
-0.7015396372427654,-0.25258404325803857,PFM-1 (Butterfly)
-0.5879855329686117,-0.10986950074122533,PFM-1 (Butterfly)
-0.4805039361350602,-0.0674067588091492,PFM-1 (Butterfly)
-0.3386683410290751,-0.3649975531564205,PFM-1 (Butterfly)
-0.3065245167193827,-0.5222402487210782,PFM-1 (Butterfly)
-0.16537646876583956,-0.4345104861016474,PFM-1 (Butterfly)
-1.2185400168769165,-1.1102466997185787,PMA-2 (Starfish)
-0.1183240626931595,-0.42539797102491705,PFM-1 (Butterfly)
-1.2357394199021716,-1.027310513477905,PMA-2 (Starfish)
0.2613734077704767,-0.6716880271440431,PFM-1 (Butterfly)
-1.2038997942956966,-0.9294428303413058,PMA-2 (Starfish)
0.5739102184005874,-0.5898827404855799,PFM-1 (Butterfly)
-1.3220558656921488,-0.8684609592682897,PMA-2 (Starfish)
1.0121557797876395,-0.6357829985423387,PFM-1 (Butterfly)
-1.3412428892744568,-0.7871986861326481,PMA-2 (Starfish)
1.0936506435663502,-0.30377790723166154,PFM-1 (Butterfly)
-1.4331084891408064,-0.7460344063207142,PMA-2 (Starfish)
1.3359604870258088,-0.07347102168465855,PFM-1 (Butterfly)
-1.6356927026357935,-0.6333962575652118,PMA-2 (Starfish)
1.6051656591527077,0.1722157522894597,PFM-1 (Butterfly)
-1.6760395880064816,-0.8529776369322546,PMA-2 (Starfish)
1.9348745808239345,0.23520882757663159,PFM-1 (Butterfly)
-1.5305518552464623,-0.9291053998600292,PMA-2 (Starfish)
1.9699931804228852,0.34883245735852075,PFM-1 (Butterfly)
-1.66838766047154,-0.7136776986796222,PMA-2 (Starfish)
2.2324660544888064,0.6233061239452454,PFM-1 (Butterfly)
-1.734217951056074,-0.6789131770894838,PMA-2 (Starfish)
2.944800828207889,0.7032958594405123,PFM-1 (Butterfly)
-1.7746944579463073,-0.741671115175133,PMA-2 (Starfish)
3.361055224954012,0.6821576427729784,PFM-1 (Butterfly)
-1.68819037632093,-0.7336501688247412,PMA-2 (Starfish)
4.082008517306407,0.8306413912937621,PFM-1 (Butterfly)
-1.6772058830730898,-0.7874139805317474,PMA-2 (Starfish)
-1.6340503939433066,-0.6049078901052921,PMA-2 (Starfish)
4.934969254182679,1.3364274683931665,PFM-1 (Butterfly)
-1.5655948972927178,-0.5199198677528247,PMA-2 (Starfish)
0.32151568515596407,3.117682148686327,PFM-1 (Butterfly)
-1.68526297883855,-0.39492229693586,PMA-2 (Starfish)
-1.4828027780635167,-0.3587867861766037,PMA-2 (Starfish)
-1.3563631173090709,-0.32177602263293836,PMA-2 (Starfish)
-1.4081533541655122,-0.11614236250001395,PMA-2 (Starfish)
-1.231946163188365,-0.34556074448085466,PMA-2 (Starfish)
-1.1309830153838676,-0.4513069510930577,PMA-2 (Starfish)
-1.2053086565947402,-0.47417208307912007,PMA-2 (Starfish)
-1.1468073338376628,-0.5327222072211435,PMA-2 (Starfish)
-1.0484716604487214,-0.3438402443523335,PMA-2 (Starfish)
-0.9793894516288998,-0.34198608179257806,PMA-2 (Starfish)
-0.7716765139167514,-0.42056953731703467,PMA-2 (Starfish)
-0.6467729336010739,-0.3029588681301284,PMA-2 (Starfish)
-0.5042042811683796,-0.3481549429271647,PMA-2 (Starfish)
-0.24580994519810243,-0.2730797218258377,PMA-2 (Starfish)
-0.22618366715166643,-0.23840911445972848,PMA-2 (Starfish)
-0.023540869157852824,-0.3123541218343844,PMA-2 (Starfish)
0.007211217494579277,-0.17509086175087693,PMA-2 (Starfish)
0.2486755799758938,-0.21468958022982193,PMA-2 (Starfish)
0.5625608762891534,-0.19757409710606297,PMA-2 (Starfish)
0.8779891579670372,-0.18154865989789398,PMA-2 (Starfish)
1.1881169345310603,-0.1870150022591828,PMA-2 (Starfish)
1.841894321811361,-0.14495907405440397,PMA-2 (Starfish)
2.1046169258380623,0.02716505981622438,PMA-2 (Starfish)
3.0904191721318144,0.10930909302021322,PMA-2 (Starfish)
3.3863287638151336,-0.46478392496496507,PMA-2 (Starfish)
-0.6243228744138772,-0.46044846114031684,PMA-2 (Starfish)
-0.757699424665232,-0.5093438081392725,PMA-2 (Starfish)
-0.6697073346343525,-0.5975691831311283,PMA-2 (Starfish)
-0.7943202752188832,-0.4143379125022334,PMA-2 (Starfish)
-0.7530667515020698,-0.3461419804331629,PMA-2 (Starfish)
-0.6782164162427388,-0.39687726042281835,PMA-2 (Starfish)
-0.5730399529039911,-0.5123652827640303,PMA-2 (Starfish)
-0.4703651762487415,-0.43817346851218725,PMA-2 (Starfish)
-0.3990081640759939,-0.4837738348524352,PMA-2 (Starfish)
-0.4219476944421316,-0.4498609303286038,PMA-2 (Starfish)
-0.3808278231617547,-0.37957119266355444,PMA-2 (Starfish)
-0.11871692529737168,-0.574400282056401,PMA-2 (Starfish)
0.05576361435774935,-0.39892143388876744,PMA-2 (Starfish)
-0.01795332196288149,-0.28000860072813605,PMA-2 (Starfish)
0.10048164296210525,-0.21658604154337743,PMA-2 (Starfish)
0.31600490293857997,-0.3123115585733698,PMA-2 (Starfish)
0.8193318180711399,-0.34000726661254477,PMA-2 (Starfish)
0.8850102147902347,-0.3224648229382024,PMA-2 (Starfish)
1.2729373575724294,-0.3369616330198694,PMA-2 (Starfish)
1.462279454016089,-0.057313635832315094,PMA-2 (Starfish)
1.3792477802848129,0.007386270736489992,PMA-2 (Starfish)
1.7449655631836822,-0.01899818974042952,PMA-2 (Starfish)
2.0305375810800537,0.07736583684261028,PMA-2 (Starfish)
2.8107054051206677,-0.025317027137766263,PMA-2 (Starfish)
3.206315932970744,0.07015757973693024,PMA-2 (Starfish)
3.611748468142691,0.16614124393274984,PMA-2 (Starfish)
3.228037797566197,0.3357199000721089,PMA-2 (Starfish)
2.918249574936774,0.2561020848053166,PMA-2 (Starfish)
2.46365494700278,0.08066939507428864,PMA-2 (Starfish)
2.1714605237151208,0.37028991305423553,PMA-2 (Starfish)
2.4843939300448157,0.4152707011213948,PMA-2 (Starfish)
0.9140462738028768,-0.9617927530992045,PMA-2 (Starfish)
-0.25707606195800603,-1.6450848931520465,PMA-2 (Starfish)
0.8075491276238503,-0.8418112970377981,PMA-2 (Starfish)
0.7697667490794822,0.20732096811212167,PMA-2 (Starfish)
-1.830255427901896,-0.7189835321547603,PMA-2 (Starfish)
0.7385926220194177,0.173875187539677,PMA-2 (Starfish)
-1.7024998441961283,-0.7147788647735819,PMA-2 (Starfish)
0.6290089579507161,-0.15720090000070777,PMA-2 (Starfish)
-1.4894804469590486,-0.6809409762243844,PMA-2 (Starfish)
0.6429743079989929,-0.16310343647395092,PMA-2 (Starfish)
-1.4157314373615562,-0.6754095353745115,PMA-2 (Starfish)
0.0663619829253257,-0.02300529543677966,PMA-2 (Starfish)
-1.5110008537798334,-0.31723726922758677,PMA-2 (Starfish)
-2.7185146491827887,0.6979919992475435,PFM-1 (Butterfly)
0.07598612280413865,-0.033967879441648294,PMA-2 (Starfish)
-1.420154367954044,-0.30818872916929857,PMA-2 (Starfish)
-2.6075877112196304,0.707219640551491,PFM-1 (Butterfly)
0.06606997407903996,-0.04081706109194771,PMA-2 (Starfish)
-1.3869792314274338,-0.3055672152182037,PMA-2 (Starfish)
-2.5842359623951117,0.7099991332583057,PFM-1 (Butterfly)
-0.19448259419670955,-0.025005541856661026,PMA-2 (Starfish)
-1.40669242665506,-0.3038349786479547,PMA-2 (Starfish)
-2.5250127818752035,0.7249285305363339,PFM-1 (Butterfly)
-0.45023334453806335,0.011831664183060506,PMA-2 (Starfish)
-1.3838733474544473,-0.29742773499153746,PMA-2 (Starfish)
-2.48515716272059,0.7352819423650836,PFM-1 (Butterfly)
-0.6431502602057999,0.0611820946378555,PMA-2 (Starfish)
-1.3599530717473682,-0.29097848972891194,PMA-2 (Starfish)
-2.463281328497675,0.7361979876548725,PFM-1 (Butterfly)
-0.8103278430718405,0.14839569419612642,PMA-2 (Starfish)
-1.3139045071210695,-0.2659839932894038,PMA-2 (Starfish)
-2.422959969469831,0.7538581835094784,PFM-1 (Butterfly)
-1.0162233353813646,0.007406863317894229,PMA-2 (Starfish)
-1.564051727649176,-0.5337236097926036,PMA-2 (Starfish)
-2.4754182458249203,0.7453256819039386,PFM-1 (Butterfly)
-1.1239149776651212,-0.131175821159639,PMA-2 (Starfish)
-1.6717053374088764,-0.28388204197617917,PMA-2 (Starfish)
-2.433856279677888,0.7507630693487471,PFM-1 (Butterfly)
-1.2221408871264328,-0.2919768250203303,PMA-2 (Starfish)
-1.5102756309030454,-0.5493632793649197,PMA-2 (Starfish)
-2.4788452154538936,0.739300749853659,PFM-1 (Butterfly)
-1.258798639387645,-0.44121883699510184,PMA-2 (Starfish)
-1.5733825549393858,-0.7454005611578065,PMA-2 (Starfish)
-2.4765070492717585,0.7417768536405542,PFM-1 (Butterfly)
-1.2297877201520646,-0.26922305182417483,PMA-2 (Starfish)
-1.728409445723548,-0.47841873436610005,PMA-2 (Starfish)
-2.5588554881845873,0.8512645938562581,PFM-1 (Butterfly)
-1.1948975913256383,-0.33904733485027483,PMA-2 (Starfish)
-1.732237395077746,-0.5254585550119224,PMA-2 (Starfish)
-2.53554979961282,0.5940508570509986,PFM-1 (Butterfly)
-1.2795347505422816,-0.3831445717852606,PMA-2 (Starfish)
-1.7713759328190612,-0.3396608289723865,PMA-2 (Starfish)
-2.4659411126959827,0.638335929646107,PFM-1 (Butterfly)
-1.2706723073789672,-0.23671856351398363,PMA-2 (Starfish)
-1.6864163357857023,-0.4972865020018739,PMA-2 (Starfish)
-2.468174822593811,0.7270229762645422,PFM-1 (Butterfly)
-1.2339638561910018,-0.3452324821428446,PMA-2 (Starfish)
-1.692546476047521,-0.4743283460327303,PMA-2 (Starfish)
-2.3720211642331717,0.4948392440305136,PFM-1 (Butterfly)
-1.219739766270384,-0.1953734077497345,PMA-2 (Starfish)
-1.6186916256457127,-0.47221423512930233,PMA-2 (Starfish)
-2.3824862967946894,0.9858645486577261,PFM-1 (Butterfly)
-1.2953471351533428,-0.3879250612194448,PMA-2 (Starfish)
-1.7099633868720197,-0.5506486032779998,PMA-2 (Starfish)
-2.3808265403677953,0.38675892688391655,PFM-1 (Butterfly)
-1.2924586959141517,-0.3397552410870829,PMA-2 (Starfish)
-1.6982385391885468,-0.5817441513127306,PMA-2 (Starfish)
-2.4287680392840416,0.605757105626704,PFM-1 (Butterfly)
-1.2787504486773396,-0.39697598673053386,PMA-2 (Starfish)
-1.7889661254115636,-0.3925384478589098,PMA-2 (Starfish)
-2.4230969894884793,0.6453858384911444,PFM-1 (Butterfly)
-1.2430679263778766,-0.24758500376787573,PMA-2 (Starfish)
-1.6890286846225837,-0.6253062700075788,PMA-2 (Starfish)
-2.310370072759415,0.4932288557014666,PFM-1 (Butterfly)
-1.1722685378113011,-0.3337688300043988,PMA-2 (Starfish)
-1.668994412610051,-0.5738223101763532,PMA-2 (Starfish)
-2.322683577513823,0.6002053581477937,PFM-1 (Butterfly)
-1.2429272787506027,-0.1432113725922046,PMA-2 (Starfish)
-1.7082230333206179,-0.45351552130460104,PMA-2 (Starfish)
-2.2827491347517515,0.27697456123227504,PFM-1 (Butterfly)
-1.2294898979584077,-0.05003197490136846,PMA-2 (Starfish)
-1.6723979555391955,-0.458934059483868,PMA-2 (Starfish)
-2.313995036116845,0.5182552801086171,PFM-1 (Butterfly)
-1.080471734219197,-0.36851602028455194,PMA-2 (Starfish)
-1.6702028598150735,-0.43751004124267884,PMA-2 (Starfish)
-2.3580269903538293,0.591436355620532,PFM-1 (Butterfly)
-1.0576829071136984,-0.2770015668524083,PMA-2 (Starfish)
-1.6342108129175719,-0.4290735982511991,PMA-2 (Starfish)
-2.276079365245936,0.4943090857337778,PFM-1 (Butterfly)
-0.9704154659718645,-0.23510250709927463,PMA-2 (Starfish)
-1.5793669215818624,-0.3875027540484387,PMA-2 (Starfish)
-2.2899579930254146,0.7103380895552733,PFM-1 (Butterfly)
-0.8459751264298148,-0.3654076266824847,PMA-2 (Starfish)
-1.536351047446805,-0.37126995679018016,PMA-2 (Starfish)
-2.2241831511458927,0.6488103945329888,PFM-1 (Butterfly)
-0.7680019003573937,-0.26254551289983913,PMA-2 (Starfish)
-1.4418406228252516,-0.5348331067893539,PMA-2 (Starfish)
-2.0773210403685827,0.2734043757252184,PFM-1 (Butterfly)
-0.7308858228130182,-0.18147773509700704,PMA-2 (Starfish)
-1.4673422798561246,-0.44291594150137853,PMA-2 (Starfish)
-2.256069280981079,0.8175184905618231,PFM-1 (Butterfly)
-0.5335188572417519,-0.26353657471074543,PMA-2 (Starfish)
-1.3439042872959452,-0.5166288982943233,PMA-2 (Starfish)
-2.091924619435788,0.35345028601976186,PFM-1 (Butterfly)
-0.42210575783851284,-0.3790938254481686,PMA-2 (Starfish)
-1.2084503749732083,-0.5269897040021868,PMA-2 (Starfish)
-2.0929182656458525,0.5872275744944391,PFM-1 (Butterfly)
-0.4154195232049853,-0.2830284180827876,PMA-2 (Starfish)
-1.0987434678454422,-0.456962535144466,PMA-2 (Starfish)
-1.9762959993276337,0.4046201591653246,PFM-1 (Butterfly)
-0.36529376962380916,-0.33693745210135945,PMA-2 (Starfish)
-1.0509098412422606,-0.4051659752822386,PMA-2 (Starfish)
-1.9993712609221523,0.1554718987681202,PFM-1 (Butterfly)
-1.9250108749572892,0.31095913389847474,PFM-1 (Butterfly)
-1.0291435376519966,-0.37327441442818216,PMA-2 (Starfish)
-0.2643839340109125,-0.43183590073984496,PMA-2 (Starfish)
-2.158169733421103,0.34391540166847395,PFM-1 (Butterfly)
-1.882799400300312,0.20990527955071098,PFM-1 (Butterfly)
-0.19982484680852955,-0.4138952785374372,PMA-2 (Starfish)
-0.9595619165270517,-0.3781616721902668,PMA-2 (Starfish)
-2.1119981221099406,0.6848621703400555,PFM-1 (Butterfly)
-1.9079400809628193,0.259285119284856,PFM-1 (Butterfly)
-0.894422001529127,-0.10027418099969165,PMA-2 (Starfish)
-0.1521495926336189,-0.3361164902398554,PMA-2 (Starfish)
-2.0932035518993253,0.35484657821329113,PFM-1 (Butterfly)
-1.7869184260677973,0.1596729935890645,PFM-1 (Butterfly)
-0.808270022692924,-0.20439069534261808,PMA-2 (Starfish)
-2.0053212833888145,0.1001708252910987,PFM-1 (Butterfly)
-1.7779362999439186,0.1220377294024214,PFM-1 (Butterfly)
-0.07767857425830604,-0.6324401328512053,PMA-2 (Starfish)
-1.9786875270467363,0.534082415952459,PFM-1 (Butterfly)
-1.7269253711231334,0.07332600519426227,PFM-1 (Butterfly)
-0.742838331733882,-0.16361127690148353,PMA-2 (Starfish)
-0.5537376878221557,-1.7690082744739928,PMA-2 (Starfish)
-1.9538373833162486,0.5218318463551254,PFM-1 (Butterfly)
-1.6776907248451618,-0.06571353982439689,PFM-1 (Butterfly)
-0.5969163184866113,-0.2843441630944539,PMA-2 (Starfish)
-0.4314845757198364,-0.2208303072113857,PMA-2 (Starfish)
-1.8754494796433543,0.9594086159241058,PFM-1 (Butterfly)
-1.651681634473805,0.24539897839800345,PFM-1 (Butterfly)
-1.8193451842603716,0.7271415254355811,PFM-1 (Butterfly)
-1.3996338191846953,-0.17175671737595088,PFM-1 (Butterfly)
-0.13567093221771948,-0.1987474807861569,PMA-2 (Starfish)
0.07226974535833709,-0.2643826637695637,PMA-2 (Starfish)
-1.6615653072563292,0.26743149077030787,PFM-1 (Butterfly)
-1.2483174815299298,-0.33961122951832834,PFM-1 (Butterfly)
0.35924379281431773,-0.19816056399402046,PMA-2 (Starfish)
-1.6117206383499187,0.23682815910457938,PFM-1 (Butterfly)
-1.1708418225948898,-0.33877331624600643,PFM-1 (Butterfly)
-1.479556123970139,0.05491947319491039,PFM-1 (Butterfly)
-1.1068194242921923,-0.344178674541574,PFM-1 (Butterfly)
-1.3965329415830965,0.03338093716153745,PFM-1 (Butterfly)
-0.9528075672014471,-0.32689871701512685,PFM-1 (Butterfly)
0.425201310304793,-1.4924300562159765,PMA-2 (Starfish)
-1.3358391730789196,-0.23456882926550332,PFM-1 (Butterfly)
-0.9528184360828321,-0.35460772487079767,PFM-1 (Butterfly)
-1.1808567022808574,-0.2761790202584473,PFM-1 (Butterfly)
-0.7493211774789079,-0.4051198543321739,PFM-1 (Butterfly)
-1.2123927627666446,-0.1900412811535411,PFM-1 (Butterfly)
-0.7111958846865136,-0.3266743795672056,PFM-1 (Butterfly)
-1.1308287452768206,-0.2517005992988177,PFM-1 (Butterfly)
-0.6163770216845227,-0.37779962218357926,PFM-1 (Butterfly)
-0.9861636244044925,-0.30991685696577354,PFM-1 (Butterfly)
-0.33559511429751254,-0.42904493415557515,PFM-1 (Butterfly)
-0.8213656634541293,-0.4767747843210707,PFM-1 (Butterfly)
-0.17221530866831908,-0.6960543459852013,PFM-1 (Butterfly)
-0.8010009217349392,-0.5340032514570618,PFM-1 (Butterfly)
-0.03974777146638705,-0.553036841292894,PFM-1 (Butterfly)
-0.7467441774104606,-0.41527297499112015,PFM-1 (Butterfly)
-0.7063277698637345,-0.4492074008429875,PFM-1 (Butterfly)
-0.7531730719991045,-0.4144386012716169,PFM-1 (Butterfly)
-0.47394622468860953,-1.184873293406339,PFM-1 (Butterfly)
-0.6554882040438927,-0.3775655876490178,PFM-1 (Butterfly)
-0.6262713455843829,-0.16528646373649594,PFM-1 (Butterfly)
-0.24921560534215909,-0.6209668505164095,PFM-1 (Butterfly)
-0.6219150575688348,0.0073701919029126525,PFM-1 (Butterfly)
-0.08593834892154185,-0.28933972642018563,PFM-1 (Butterfly)
-0.48308920880841855,-0.08412152368975756,PFM-1 (Butterfly)
-0.06783226669961794,-0.2145606173992814,PFM-1 (Butterfly)
-0.11400430681160818,-0.18704342337657626,PFM-1 (Butterfly)
-0.40379408527151583,0.08509637056652289,PFM-1 (Butterfly)
-0.14352820588031134,-0.023337876712573796,PFM-1 (Butterfly)
-0.2979993688359709,0.2057353534191566,PFM-1 (Butterfly)
-0.2481426221900191,0.06871742141779598,PFM-1 (Butterfly)
-0.23942003883755797,0.3354431621403383,PFM-1 (Butterfly)
-0.25682746756722347,0.13602893722792506,PFM-1 (Butterfly)
-0.0017145588681866627,0.3717171773837044,PFM-1 (Butterfly)
-0.36524035064444826,0.308233000343982,PFM-1 (Butterfly)
0.10274383873008297,0.5422382271094048,PFM-1 (Butterfly)
-0.3431848164672972,0.22053460044271472,PFM-1 (Butterfly)
0.4379765293363532,0.5117834210176687,PFM-1 (Butterfly)
-0.477297155566702,0.32450448243076946,PFM-1 (Butterfly)
0.8194092678151333,0.5784316709164151,PFM-1 (Butterfly)
-0.49854610091472,0.37382796112121247,PFM-1 (Butterfly)
1.049288928455919,0.5355178050630747,PFM-1 (Butterfly)
-0.6805705532615867,0.5910180828868116,PFM-1 (Butterfly)
1.1148873771379946,0.5308389564493303,PFM-1 (Butterfly)
-0.6972863264160827,0.42982522664477457,PFM-1 (Butterfly)
1.1541640726840625,0.7165696336741179,PFM-1 (Butterfly)
-0.6467230320992655,0.4564011033732094,PFM-1 (Butterfly)
0.15066624438398138,1.821696260585814,PFM-1 (Butterfly)
-0.5278692363585155,0.03393086226050772,PFM-1 (Butterfly)
-0.557784973072161,0.2671657240380972,PFM-1 (Butterfly)
-0.5324237233439515,0.252021910036946,PFM-1 (Butterfly)
-1.636685534390158,-0.6356309382106682,PMA-2 (Starfish)
-1.7239441016237806,-0.5306044232298479,PMA-2 (Starfish)
-1.6431855963219826,-0.6559014026997126,PMA-2 (Starfish)
-1.7317407903115574,-0.6466817374443457,PMA-2 (Starfish)
-1.898330883698134,-0.4368450929730021,PMA-2 (Starfish)
-1.803825171685906,-0.6353473656724892,PMA-2 (Starfish)
-1.8374200349117595,-0.5429339784129918,PMA-2 (Starfish)
-1.8100710967483342,-0.6791491362505452,PMA-2 (Starfish)
-1.830231160184581,-0.6692786580476022,PMA-2 (Starfish)
-1.8169161237817193,-0.7310317798018842,PMA-2 (Starfish)
-1.7457800057258068,-0.7078774990906573,PMA-2 (Starfish)
-1.6968395945776533,-0.802065741280885,PMA-2 (Starfish)
-1.6634405469786389,-0.8320957659301317,PMA-2 (Starfish)
-1.6504714599906074,-0.538970188221443,PMA-2 (Starfish)
-1.5978372821138411,-0.581947632497498,PMA-2 (Starfish)
-1.6229303730270626,-0.3753224674063548,PMA-2 (Starfish)
-1.5575924615940149,-0.44443249708610433,PMA-2 (Starfish)
-1.4654633808070374,-0.6326281618449369,PMA-2 (Starfish)
-1.2798251844479025,-0.7097517927537382,PMA-2 (Starfish)
-1.1564999894152588,-0.49291773981327347,PMA-2 (Starfish)
-1.1265240950193243,-0.37754485709133956,PMA-2 (Starfish)
-0.9057031273978,-0.5785577467526754,PMA-2 (Starfish)
-0.7237198147710626,-0.39010538578402565,PMA-2 (Starfish)
-0.5446963147898178,-0.4013427188554534,PMA-2 (Starfish)
-0.2928469780024589,-0.30851534077591414,PMA-2 (Starfish)
-0.17620410144641857,-0.26147013111915207,PMA-2 (Starfish)
0.23528254743971697,-0.2996996497576783,PMA-2 (Starfish)
0.49836790264073605,-0.08650214544965873,PMA-2 (Starfish)
0.9800276318577198,-0.1574696800235076,PMA-2 (Starfish)
1.1759752528257537,0.06051025978824019,PMA-2 (Starfish)
1.9454458403438626,-0.03150848832610078,PMA-2 (Starfish)
2.706025822178235,0.0839064197912422,PMA-2 (Starfish)
2.8114251083492547,-0.2113730482006071,PMA-2 (Starfish)
1.4899666761502124,-1.190946569196847,PMA-2 (Starfish)
-2.336545452443094,0.534366467112675,PFM-1 (Butterfly)
-2.2863985952784627,0.10248955388128224,PFM-1 (Butterfly)
-2.1031601750007347,0.06643186472029408,PFM-1 (Butterfly)
-2.070462757311642,-0.03853608648488373,PFM-1 (Butterfly)
-2.1398924417823633,0.400260897264343,PFM-1 (Butterfly)
-1.9760467085659092,0.2525549596688982,PFM-1 (Butterfly)
-1.8490608170233007,-0.054709408856787975,PFM-1 (Butterfly)
-1.7791714856763885,-0.17151468562946368,PFM-1 (Butterfly)
-1.706005228398322,-0.10752983349655718,PFM-1 (Butterfly)
-1.5960372315924476,-0.32813031598854087,PFM-1 (Butterfly)
-1.525488608889321,-0.6163303608597966,PFM-1 (Butterfly)
-1.6072043234621929,-0.34582702031008805,PFM-1 (Butterfly)
-1.3623530149591863,-0.43046336293415766,PFM-1 (Butterfly)
-1.3092512341849598,-0.32596612839854167,PFM-1 (Butterfly)
-1.1346237134609167,-0.49411817217100373,PFM-1 (Butterfly)
-0.9895530609210854,-0.4239035379125682,PFM-1 (Butterfly)
-0.7473907039886347,-0.5354876372986114,PFM-1 (Butterfly)
-0.7611006687089512,-0.3570473406604175,PFM-1 (Butterfly)
-0.6487928092978428,-0.6368079620333192,PFM-1 (Butterfly)
-0.4549600991810661,-0.7120881281970797,PFM-1 (Butterfly)
-0.33829005417605146,-0.846235013728055,PFM-1 (Butterfly)
-0.06919843451595047,-0.8993743344390138,PFM-1 (Butterfly)
0.2583077095575423,-0.8614484761303453,PFM-1 (Butterfly)
0.5524296817762657,-0.9036267916180648,PFM-1 (Butterfly)
0.8664836479356385,-0.9861709589003599,PFM-1 (Butterfly)
1.171884510241173,-1.0204147663085315,PFM-1 (Butterfly)
-1.5592331728742195,0.021386577580604797,PFM-1 (Butterfly)
1.641690249145283,-0.8573459150788768,PFM-1 (Butterfly)
-1.529042397540917,1.0914087240868688,PFM-1 (Butterfly)
2.1911545561627803,-0.7540104480478466,PFM-1 (Butterfly)
-1.5276664723043618,0.6457375886896731,PFM-1 (Butterfly)
-1.687563967495599,0.4082103262777578,PFM-1 (Butterfly)
2.2455909794730404,-1.9554034192380496,PFM-1 (Butterfly)
-1.5178949676727118,0.22072940291629756,PFM-1 (Butterfly)
-1.6008877606586498,0.5223231567471157,PFM-1 (Butterfly)
-1.5881143032133656,0.5937432903358848,PFM-1 (Butterfly)
-1.4851341918873209,0.3696107719147341,PFM-1 (Butterfly)
-1.3651923672923303,0.5095936695533284,PFM-1 (Butterfly)
-1.1570855591337932,0.40887136044212985,PFM-1 (Butterfly)
-1.1930738093615632,1.0082645596293693,PFM-1 (Butterfly)
-0.9643193267555602,0.7279198723971578,PFM-1 (Butterfly)
-0.8021972742447557,0.777759030127157,PFM-1 (Butterfly)
-2.0066468981877557,-0.07695408088700169,PMA-2 (Starfish)
-0.8000499875511131,1.0928112232348326,PFM-1 (Butterfly)
-1.6952923180810338,-0.48334289401290725,PMA-2 (Starfish)
-0.7703707429088885,1.2178099332712393,PFM-1 (Butterfly)
-1.6945581499333489,-0.3460232233883978,PMA-2 (Starfish)
-0.5418493343469243,1.4538238132803014,PFM-1 (Butterfly)
-0.356182979879185,1.664118259352793,PFM-1 (Butterfly)
-0.1485628666292273,1.7066040349613907,PFM-1 (Butterfly)
-0.039111094087652974,1.8693490561897843,PFM-1 (Butterfly)
0.05886068144355024,2.2325125213559205,PFM-1 (Butterfly)
0.18529209761426083,2.1881855170020366,PFM-1 (Butterfly)
0.44037445143469484,2.19200994640009,PFM-1 (Butterfly)
1.224071729605176,1.5357016540437205,PFM-1 (Butterfly)
1.2844716554159292,1.206469239711071,PFM-1 (Butterfly)
0.562789845556644,-0.26128178546987846,PFM-1 (Butterfly)
-0.7000684559405533,-1.6984050999654834,PFM-1 (Butterfly)
-0.8444099902578636,-1.0616157136781872,PMA-2 (Starfish)
0.2482171843336924,-0.36881723170671277,PMA-2 (Starfish)
0.26026583063114334,-0.44771413541313765,PMA-2 (Starfish)
0.3072131749306402,-0.5164422319975911,PMA-2 (Starfish)
0.5463899118192828,-0.4903379048939178,PMA-2 (Starfish)
0.7112223188336037,-0.31493402073053994,PMA-2 (Starfish)
0.8406632003241812,-0.44490901026670693,PMA-2 (Starfish)
0.7550240193789188,-0.2712531083309485,PMA-2 (Starfish)
0.9751316328147751,-0.47559387281455506,PMA-2 (Starfish)
0.9128380214026637,-0.31688601821821644,PMA-2 (Starfish)
0.7186668844227405,-0.35401767687987695,PMA-2 (Starfish)
0.7562301644981562,-0.3232520258150157,PMA-2 (Starfish)
0.5103478537481466,-0.4221013800939305,PMA-2 (Starfish)
0.4912621708286373,-0.4546210957099597,PMA-2 (Starfish)
0.29755192503349925,-0.32752289679254754,PMA-2 (Starfish)
0.2015247017354278,-0.6539082834795048,PMA-2 (Starfish)
0.06212817004053411,-0.47206553427198855,PMA-2 (Starfish)
-0.11824358442742017,-0.4039361152176181,PMA-2 (Starfish)
-0.27933159393078055,-0.5633813128236891,PMA-2 (Starfish)
-0.5354681411666364,-0.3215595075643474,PMA-2 (Starfish)
-0.5109073074487268,-0.47528608179442133,PMA-2 (Starfish)
-0.2999115299130126,-0.6681069774001486,PMA-2 (Starfish)
-0.5295937333088163,-0.553612200967829,PMA-2 (Starfish)
-0.5179128781497006,-0.4531402748138657,PMA-2 (Starfish)
-0.530476514199135,-0.382453200620495,PMA-2 (Starfish)
-0.5062198642700129,-0.6137251554553877,PMA-2 (Starfish)
-0.45396278615061486,-0.522698178739073,PMA-2 (Starfish)
-0.2900498213642279,-0.2861665552984487,PMA-2 (Starfish)
-0.2703437940678263,-0.41460720130516854,PMA-2 (Starfish)
-0.28907263741311956,-0.4169993322479543,PMA-2 (Starfish)
-0.37554968703935077,-0.5364165925360477,PMA-2 (Starfish)
-0.3343739690453136,-0.4344658625516049,PMA-2 (Starfish)
-0.3750670291305215,-0.45066365939055475,PMA-2 (Starfish)
-0.32968528496856986,-0.4130856319398912,PMA-2 (Starfish)
-0.51105232212298,-0.4418481035013147,PMA-2 (Starfish)
-0.4626271418586362,-0.5851317084571933,PMA-2 (Starfish)
-0.44015612727440917,-0.44829081944517624,PMA-2 (Starfish)
-0.49698100089401276,-0.3512951797980813,PMA-2 (Starfish)
-0.36508064933741097,-0.4635568535975576,PMA-2 (Starfish)
-0.4119049741956453,-0.3589671637030496,PMA-2 (Starfish)
-0.3017393994935672,-0.25885894677661375,PMA-2 (Starfish)
-0.25741227131155947,-0.8354512777910663,PMA-2 (Starfish)
-0.832787800311836,-1.7280703820880403,PMA-2 (Starfish)
-1.54409040520379,1.6381658114215913,PFM-1 (Butterfly)
-1.3380974652203976,1.6336470224147257,PFM-1 (Butterfly)
-1.5685751262693084,2.1840757951245946,PFM-1 (Butterfly)
-1.1883759551478277,1.6894840341712525,PFM-1 (Butterfly)
-1.5227820174450226,2.327305715625247,PFM-1 (Butterfly)
-1.515584448942187,2.8266710360727627,PFM-1 (Butterfly)
-1.9045698710067414,-0.23799656298061747,PFM-1 (Butterfly)
-1.383322054366262,1.787680968405353,PFM-1 (Butterfly)
-1.897462251065875,0.09280540363345183,PFM-1 (Butterfly)
-1.2972614029349487,2.113648285297631,PFM-1 (Butterfly)
-2.0127406182077068,0.12127115809340074,PFM-1 (Butterfly)
-1.1854822371402642,2.0010552619261133,PFM-1 (Butterfly)
-1.965674715376182,0.19940959121302335,PFM-1 (Butterfly)
-1.1257078742035667,1.8234056769441567,PFM-1 (Butterfly)
-0.7842554321113031,1.5292922569778966,PFM-1 (Butterfly)
-1.0658722211380758,1.9252141541472327,PFM-1 (Butterfly)
-0.6883280067246487,1.0150334838417256,PFM-1 (Butterfly)
-0.45129461357635847,1.1981958318357167,PFM-1 (Butterfly)
-0.5212974001561745,0.7718408724311981,PFM-1 (Butterfly)
-0.35184254810091287,0.33093873384986744,PFM-1 (Butterfly)
-0.21332632657765804,0.31799300836631844,PFM-1 (Butterfly)
-0.029410675137057914,0.09929512961466233,PFM-1 (Butterfly)
0.0668571973507295,0.16125940191318708,PFM-1 (Butterfly)
0.5054348085776575,-0.21523467396520873,PFM-1 (Butterfly)
-2.154631108973718,0.2739252346984971,PFM-1 (Butterfly)
0.9023822349260787,-0.25578983420858414,PFM-1 (Butterfly)
-2.1956846350631887,0.18318935017492,PFM-1 (Butterfly)
1.264866254447911,-0.32828633114331157,PFM-1 (Butterfly)
-2.396382574441227,0.6421213314658196,PFM-1 (Butterfly)
1.6924294172584624,-0.6283396109307922,PFM-1 (Butterfly)
-2.5339544872798947,1.6102356483527245,PFM-1 (Butterfly)
2.2309425141705566,-0.44983005052839115,PFM-1 (Butterfly)
-2.5786613180752127,1.6572049415755332,PFM-1 (Butterfly)
-2.293436991196694,1.584365922191968,PFM-1 (Butterfly)
3.085272708839481,-0.5663626139489792,PFM-1 (Butterfly)
-1.8815765398625668,0.5138406943721865,PFM-1 (Butterfly)
-1.7219900106643269,0.6365524321185891,PFM-1 (Butterfly)
-1.7436093461216038,1.4190632735696962,PFM-1 (Butterfly)
-1.4454158471766783,1.2106351719755144,PFM-1 (Butterfly)
-1.2774379029225225,1.4922775982620995,PFM-1 (Butterfly)
-1.0706124128040122,1.3492895099653095,PFM-1 (Butterfly)
-0.9322522379930155,1.4105500437852172,PFM-1 (Butterfly)
-0.5067379293337769,1.043883271686684,PFM-1 (Butterfly)
-0.24211325711966167,0.9490357357997999,PFM-1 (Butterfly)
-0.09351323175399764,1.4424954609877094,PFM-1 (Butterfly)
0.21117923342741943,1.5710088722915083,PFM-1 (Butterfly)
0.5812070749881508,1.4677795366597481,PFM-1 (Butterfly)
0.8002952178224348,1.8702070142328386,PFM-1 (Butterfly)
1.1264044629137333,1.68251701071014,PFM-1 (Butterfly)
1.3649455584332533,1.5791664390689186,PFM-1 (Butterfly)
1.5951617601432835,1.4401846110255756,PFM-1 (Butterfly)
2.0929965495316294,1.0564593438656216,PFM-1 (Butterfly)
2.5375632310378995,0.7014245368252251,PFM-1 (Butterfly)
2.4016080768494477,0.5588062641029272,PFM-1 (Butterfly)
2.586075877256227,0.552059561253117,PFM-1 (Butterfly)
2.466310700832627,0.13962540927570682,PFM-1 (Butterfly)
2.1457044167185173,-0.041426114423443246,PFM-1 (Butterfly)
2.3083719350557974,-0.326823397357223,PFM-1 (Butterfly)
1.247768964970794,-1.436172981343286,PFM-1 (Butterfly)
0.76586625591652,-1.7225455543419947,PFM-1 (Butterfly)
1.0742632623476849,-0.9160433721350204,PFM-1 (Butterfly)
0.7443417774996716,-0.9430036530056566,PFM-1 (Butterfly)
-1.682109600458612,-0.0015640983780540196,PFM-1 (Butterfly)
0.4625571710319781,-0.8606701519333978,PFM-1 (Butterfly)
-1.5335179848881284,-0.19244988088363124,PFM-1 (Butterfly)
0.4050745248655088,-0.6142610659312316,PFM-1 (Butterfly)
-1.7765779911520774,0.19066548947971282,PFM-1 (Butterfly)
-1.8400772197674702,-0.25000927486620467,PFM-1 (Butterfly)
-2.0572582356344764,-0.6577634721806636,PMA-2 (Starfish)
0.2995914409121465,-0.9001318220164666,PFM-1 (Butterfly)
0.1968944185317604,-0.7875538841639645,PFM-1 (Butterfly)
-1.6314760856719273,-0.2759072035291647,PFM-1 (Butterfly)
-2.0150801422316653,-0.9333040979327212,PMA-2 (Starfish)
0.0006991689440549145,-0.748325033878939,PFM-1 (Butterfly)
-1.897749905604494,-0.12467366516875586,PFM-1 (Butterfly)
-2.1142118027999963,-0.9386324704211757,PMA-2 (Starfish)
-0.11276952048069559,-0.54714809570079,PFM-1 (Butterfly)
-1.9718764876905113,-0.15808708213439587,PFM-1 (Butterfly)
-2.337897766010811,-0.6255604980079426,PMA-2 (Starfish)
-0.07458899204939773,-0.6931779849810721,PFM-1 (Butterfly)
-2.0332258498536926,0.23823141143181029,PFM-1 (Butterfly)
-2.2700393462855315,-0.7474912339246692,PMA-2 (Starfish)
-0.1264092858845424,-0.5397826339040785,PFM-1 (Butterfly)
-2.0634324478119477,0.5432619518642512,PFM-1 (Butterfly)
-2.244689951212444,-0.4459133077746096,PMA-2 (Starfish)
-0.3820136726829531,-0.5108084351562203,PFM-1 (Butterfly)
-2.058327780133869,0.1859331780171171,PFM-1 (Butterfly)
-2.2748896955606885,-0.7572313441152899,PMA-2 (Starfish)
-0.3172711704661765,-0.4744086401753919,PFM-1 (Butterfly)
-2.033903332759422,-0.03344978083557247,PFM-1 (Butterfly)
-2.3745101412963363,-0.7128047359852876,PMA-2 (Starfish)
-0.6237543793034964,-0.44451056103127284,PFM-1 (Butterfly)
-2.135995845465279,-0.09377060264662943,PFM-1 (Butterfly)
-2.418286787856851,-0.833731721662626,PMA-2 (Starfish)
-0.39711102597778014,-0.025661426303001215,PFM-1 (Butterfly)
-2.068046202572827,-0.32444605432968826,PFM-1 (Butterfly)
-2.5107447078750558,-0.7507836363198842,PMA-2 (Starfish)
-2.6461837508159074,-0.5890278260311955,PMA-2 (Starfish)
-1.3287425810966917,-0.6511126846895483,PMA-2 (Starfish)
-1.4301010585078917,-0.477223595949606,PMA-2 (Starfish)
-1.6441967411643619,-0.24435797528336742,PMA-2 (Starfish)
-1.5943511996898536,-0.34697490502602807,PMA-2 (Starfish)
-1.5353921515639937,-0.4845280402245172,PMA-2 (Starfish)
-1.550799852686395,-0.5411594586132134,PMA-2 (Starfish)
-1.5166303044913816,-0.39275203809131753,PMA-2 (Starfish)
-1.3896699292911248,-0.47907834686845613,PMA-2 (Starfish)
-1.2723273484871185,-0.3764941400748411,PMA-2 (Starfish)
-1.1525522335156817,-0.4724599310649222,PMA-2 (Starfish)
-1.098454609443346,-0.2806704636969791,PMA-2 (Starfish)
-1.0601823879637962,-0.5221207652335754,PMA-2 (Starfish)
-0.8730612746236249,-0.5707029994872904,PMA-2 (Starfish)
-0.7765006118316805,-0.7004902954391162,PMA-2 (Starfish)
-0.7062058346047155,-0.42131579499775174,PMA-2 (Starfish)
-0.4521274167324784,-0.4190615706049901,PMA-2 (Starfish)
-0.3650795781472713,-0.40919724331557134,PMA-2 (Starfish)
-0.2174778020551863,-0.4590833215486667,PMA-2 (Starfish)
-0.11199813388640786,-0.46878429806842903,PMA-2 (Starfish)
-0.09642898687225941,-0.20139798255462443,PMA-2 (Starfish)
0.17235520214461877,-0.30304246351431857,PMA-2 (Starfish)
0.16958972187305837,-0.23230239983253276,PMA-2 (Starfish)
0.35345383801714547,-0.45640106099764477,PMA-2 (Starfish)
0.4097704339299181,-0.331376300528362,PMA-2 (Starfish)
0.6180985448170894,-0.28721773136005546,PMA-2 (Starfish)
0.6267210952193389,-0.3492398257467032,PMA-2 (Starfish)
0.549006011648494,-0.3434109689857559,PMA-2 (Starfish)
0.5532979711649992,-0.33802677944852133,PMA-2 (Starfish)
0.44477379326970573,-0.11244853919617627,PMA-2 (Starfish)
0.4108088261412133,-0.21470168171379003,PMA-2 (Starfish)
0.18563934981668392,-0.11820528994443094,PMA-2 (Starfish)
0.20885877206684245,-0.31028575442943407,PMA-2 (Starfish)
0.1955082241855116,-0.3902986371800434,PMA-2 (Starfish)
0.22870532845805128,-0.3245690884983827,PMA-2 (Starfish)
-0.10483533261888368,-0.4032849434734342,PMA-2 (Starfish)
-0.1989287833827659,-0.47098262918280287,PMA-2 (Starfish)
-0.14816631236352715,-0.32845531442210035,PMA-2 (Starfish)
-0.2308651993447494,-0.4423276816654193,PMA-2 (Starfish)
-0.4023900100432347,-0.41060882980325564,PMA-2 (Starfish)
-0.3971569509727659,-0.48020127043920163,PMA-2 (Starfish)
-0.5032121653091295,-0.43162531774318746,PMA-2 (Starfish)
-0.5170339783652794,-0.39865921426034356,PMA-2 (Starfish)
-0.6396297976313046,-0.29903391863694295,PMA-2 (Starfish)
-0.6501126909394487,-0.32428634852282684,PMA-2 (Starfish)
-0.7147293694274838,-0.32701676513327055,PMA-2 (Starfish)
-0.4561662631773393,-0.5050209716906853,PMA-2 (Starfish)
-0.47620675147377023,-0.26131307895838185,PMA-2 (Starfish)
-0.499385501348032,-0.11327057580250889,PMA-2 (Starfish)
-0.5496678368851745,-0.14082445240882432,PMA-2 (Starfish)
-0.7376002805255022,-0.3663722408219069,PMA-2 (Starfish)
-0.8536238622011751,-0.48319709665252175,PMA-2 (Starfish)
-0.9011069090354108,-0.2708112873573924,PMA-2 (Starfish)
-0.8442598672546852,-0.6353588823879462,PMA-2 (Starfish)
-0.8434636105178466,-0.3135068644877786,PMA-2 (Starfish)
-0.8562704324478209,-0.45602305953969857,PMA-2 (Starfish)
-0.718933192938786,-0.05997344032673749,PMA-2 (Starfish)
-0.8440729176815672,-1.3010524239423227,PMA-2 (Starfish)
-1.5152582100502896,0.25319073394441566,PFM-1 (Butterfly)
-1.6097512830356224,0.23940034014852585,PFM-1 (Butterfly)
-1.7418904445783026,0.21863886470906418,PFM-1 (Butterfly)
-1.7235156498825914,0.23624370206186876,PFM-1 (Butterfly)
-1.699273499495449,0.2451049964175277,PFM-1 (Butterfly)
-1.7292855222696446,0.23524358725101605,PFM-1 (Butterfly)
-1.8136385788305396,0.21423562490408757,PFM-1 (Butterfly)
-1.804680367126677,0.22128633237367423,PFM-1 (Butterfly)
-2.3194812208334543,1.7840494837437377,PFM-1 (Butterfly)
-2.1109441373178677,1.4211916488009064,PFM-1 (Butterfly)
-2.136531031411476,1.7052979431679014,PFM-1 (Butterfly)
-2.205715832182532,2.1296077145178898,PFM-1 (Butterfly)
-1.9166989634984137,0.9825085167661329,PFM-1 (Butterfly)
-2.1009240178350796,1.895910663437834,PFM-1 (Butterfly)
-1.9014608979964194,2.292341324178397,PFM-1 (Butterfly)
-1.7936907873158177,1.824526406533609,PFM-1 (Butterfly)
-1.6465856823684346,1.6403973932659586,PFM-1 (Butterfly)
-1.7403819154971263,2.462936990055812,PFM-1 (Butterfly)
-1.1879774731956463,0.8300861581131929,PFM-1 (Butterfly)
-1.3591196895755069,1.5673057417404046,PFM-1 (Butterfly)
-1.3470030332972782,1.5331650800181496,PFM-1 (Butterfly)
-1.4657825349463982,2.3910564541517023,PFM-1 (Butterfly)
-0.7995364764603469,1.104302902245653,PFM-1 (Butterfly)
-0.7026713880063736,1.0112996313019027,PFM-1 (Butterfly)
-0.41727026301704156,1.1105149504727136,PFM-1 (Butterfly)
-0.3492146652938122,1.2756388882135417,PFM-1 (Butterfly)
-0.02490799595600658,1.0140296357435188,PFM-1 (Butterfly)
0.3964265233448987,1.129228676617399,PFM-1 (Butterfly)
0.4962194142287782,1.3712376957473293,PFM-1 (Butterfly)
1.045333047046112,1.6115737197499103,PFM-1 (Butterfly)
1.57315080311493,1.5973394300063248,PFM-1 (Butterfly)
2.575319583494928,1.8708713985652274,PFM-1 (Butterfly)
3.4062311873401985,2.041238287412972,PFM-1 (Butterfly)
4.191199164667825,1.4268471497583715,PFM-1 (Butterfly)
2.2403132453530437,0.5184949286340602,PFM-1 (Butterfly)
2.084894708303435,0.12367881402017124,PFM-1 (Butterfly)
0.2549582191587738,-1.426468238594889,PFM-1 (Butterfly)
-0.8175874512156689,0.2163910587030101,PFM-1 (Butterfly)
-0.9485883159163768,-0.13681964013935163,PFM-1 (Butterfly)
-1.313553588435038,0.37571643695739027,PFM-1 (Butterfly)
-0.967974653949693,-0.012211798172498008,PFM-1 (Butterfly)
-1.2579705144535032,0.6165428394931655,PFM-1 (Butterfly)
-1.032093469682381,0.014786749282091696,PFM-1 (Butterfly)
-1.07279813808505,0.18894369187246188,PFM-1 (Butterfly)
-2.2660414440225045,-0.9124759069000774,PMA-2 (Starfish)
-0.7359730488694861,0.06810238732970597,PFM-1 (Butterfly)
-2.212149412192876,-0.1978966285944124,PMA-2 (Starfish)
-1.0751234733267907,0.42853545545790034,PFM-1 (Butterfly)
-2.3038322152162287,-0.15464083125663405,PMA-2 (Starfish)
-0.8943510172760273,0.33981007851543754,PFM-1 (Butterfly)
-2.157344587207894,-0.8134820935297491,PMA-2 (Starfish)
-0.684483920409954,-0.0655778514113797,PFM-1 (Butterfly)
-2.076306744905329,-0.22359164253936506,PMA-2 (Starfish)
-0.43213886984873573,-0.1875638324559612,PFM-1 (Butterfly)
-2.1383443793299124,-0.17747149608679183,PMA-2 (Starfish)
-0.43045694745346563,-0.04235724359910539,PFM-1 (Butterfly)
-1.9998981642693563,-0.4819106122969418,PMA-2 (Starfish)
-0.4347042103631855,-0.004158998944818235,PFM-1 (Butterfly)
-2.1653819087126314,-0.09318035313192215,PMA-2 (Starfish)
-0.26882994203950433,0.07742107679413335,PFM-1 (Butterfly)
-2.1142050567121524,-0.36101282226495307,PMA-2 (Starfish)
-0.18337023650811218,0.18568333649819743,PFM-1 (Butterfly)
-2.087078001724948,-0.4429422385895919,PMA-2 (Starfish)
0.07606752709727803,0.2142910769949035,PFM-1 (Butterfly)
-2.069421766226164,-0.36443132368812303,PMA-2 (Starfish)
0.3941832655317874,-0.08760260252166223,PFM-1 (Butterfly)
-2.124013245796272,-0.538666699684588,PMA-2 (Starfish)
0.4310539114277192,0.15104526258114084,PFM-1 (Butterfly)
-2.154577956776457,-0.3077429500505769,PMA-2 (Starfish)
0.5748594232434432,0.4414642044739707,PFM-1 (Butterfly)
-2.1450976229562255,-0.4248299568416324,PMA-2 (Starfish)
0.8631309371938465,0.4220165529951454,PFM-1 (Butterfly)
-2.0312006659850512,-0.37634091574121464,PMA-2 (Starfish)
1.4353235995703757,0.17885127406102086,PFM-1 (Butterfly)
-2.0959792421155967,-0.4142670205652704,PMA-2 (Starfish)
1.8818181513042964,0.42480371477487183,PFM-1 (Butterfly)
-2.043222253379966,-0.2437029916771424,PMA-2 (Starfish)
2.750799885533454,0.39966784716541914,PFM-1 (Butterfly)
-1.889203754213548,-0.6811718780514648,PMA-2 (Starfish)
4.041094190907155,0.7234088817522676,PFM-1 (Butterfly)
-1.8442948292610242,-0.49301243203167916,PMA-2 (Starfish)
4.503449354390657,0.30500365611561875,PFM-1 (Butterfly)
-1.8818402656657436,-0.2847311554076216,PMA-2 (Starfish)
3.041860285303631,-0.37160185752690533,PFM-1 (Butterfly)
-1.8178126818578386,-0.4031609579877178,PMA-2 (Starfish)
1.19265725302613,-0.5847113812391839,PFM-1 (Butterfly)
-1.6323938674078822,-0.3974446145929107,PMA-2 (Starfish)
-1.521653630350842,-0.46703449436297406,PMA-2 (Starfish)
1.2456188318009265,-0.853513461638248,PFM-1 (Butterfly)
-1.39277609052229,-0.19917627947913144,PMA-2 (Starfish)
-1.2560599397481362,-0.3915704347778022,PMA-2 (Starfish)
-1.2421276008985354,-0.26954822292156205,PMA-2 (Starfish)
-1.056158705547259,-0.21132778071256603,PMA-2 (Starfish)
-0.9533415640138607,-0.46733618868807164,PMA-2 (Starfish)
-0.727176027465558,-0.3449650956409911,PMA-2 (Starfish)
-0.39849408452340707,-0.03802524380615584,PMA-2 (Starfish)
-0.309786532741199,-0.5361109623884555,PMA-2 (Starfish)
-0.3464078942615261,0.19614185677972454,PMA-2 (Starfish)
-0.09393402765760045,-0.2678354788754565,PMA-2 (Starfish)
0.129069298487954,-0.2022454508288725,PMA-2 (Starfish)
0.35574704115712635,-0.23265718414092182,PMA-2 (Starfish)
0.3628534299185382,-0.24955267531192188,PMA-2 (Starfish)
0.505893034873932,-0.12803194037022972,PMA-2 (Starfish)
0.6078143970768687,-0.22487644992495795,PMA-2 (Starfish)
0.7464598200219833,-0.35424684651921484,PMA-2 (Starfish)
0.7992325922232651,-0.2563490497222606,PMA-2 (Starfish)
1.030694406112297,-0.21016198486253068,PMA-2 (Starfish)
1.2794549982502905,-0.07737333165817806,PMA-2 (Starfish)
1.6983516568381427,-0.129177483100238,PMA-2 (Starfish)
2.168396408456163,-0.06505530082012442,PMA-2 (Starfish)
2.362702987650164,0.2321140813132065,PMA-2 (Starfish)
2.4568158801814843,0.15434457746397456,PMA-2 (Starfish)
2.9371047425772487,0.16371903668480414,PMA-2 (Starfish)
3.914288682152058,0.49328558216572527,PMA-2 (Starfish)
2.0961413859082483,-1.191270134092204,PMA-2 (Starfish)
-1.2665649558321688,-0.48959993662757245,PMA-2 (Starfish)
-1.2655034456362118,-0.7249189082330891,PMA-2 (Starfish)
-1.2552670668315682,-0.6749868038980036,PMA-2 (Starfish)
-1.1537734038805578,-0.5176593437559672,PMA-2 (Starfish)
-1.179531664010043,-0.6161876649896901,PMA-2 (Starfish)
-1.129550678297636,-0.6445669082147618,PMA-2 (Starfish)
-1.040533740892531,-0.5749027013062137,PMA-2 (Starfish)
-1.061182889215226,-0.6444948550944835,PMA-2 (Starfish)
-0.897938022300278,-0.5167675974663762,PMA-2 (Starfish)
-0.9692272447278423,-0.48235344452352413,PMA-2 (Starfish)
-0.8693946769272631,-0.5600383650328268,PMA-2 (Starfish)
-0.6139393382405526,-0.7284233705290737,PMA-2 (Starfish)
-0.6324134930284739,-0.6274891318105578,PMA-2 (Starfish)
-0.34783898058940615,-0.624558297599281,PMA-2 (Starfish)
-0.3702087680223345,-0.5148738259624476,PMA-2 (Starfish)
0.06805595362488981,-0.5022470452089088,PMA-2 (Starfish)
0.3092716355756972,-0.46373465076605486,PMA-2 (Starfish)
0.6216352886945635,-0.4776758726420427,PMA-2 (Starfish)
0.7595580509231029,-0.4368436644042747,PMA-2 (Starfish)
0.9450525684392155,-0.4439300389861233,PMA-2 (Starfish)
1.0674282192503295,-0.23956721240997128,PMA-2 (Starfish)
1.2410114073696903,-0.25925477547455344,PMA-2 (Starfish)
1.5416686563838826,-0.07694345838823348,PMA-2 (Starfish)
1.9895302094299048,-0.25433686820753043,PMA-2 (Starfish)
2.047851989730979,-0.025835609651902566,PMA-2 (Starfish)
2.793021705480402,0.14623010695937677,PMA-2 (Starfish)
3.204424311548098,0.1373529326483205,PMA-2 (Starfish)
3.5718204084434904,0.2661101915903999,PMA-2 (Starfish)
3.942992890681282,0.14184352313695772,PMA-2 (Starfish)
2.4908214941988396,-1.001042745730629,PMA-2 (Starfish)
2.401259178210719,-1.1758792389960986,PMA-2 (Starfish)
1.4369342242970171,-1.5058252986953007,PMA-2 (Starfish)
0.6359956323677498,-1.719879397545969,PMA-2 (Starfish)
1.8898950792421623,-1.26662317794038,PMA-2 (Starfish)
2.612646457248564,-0.03321882840164785,PMA-2 (Starfish)
2.272803248844691,-0.22818479075123252,PMA-2 (Starfish)
2.11259153150187,-0.16546647943302528,PMA-2 (Starfish)
2.1228160260879796,-0.13296794501021822,PMA-2 (Starfish)
2.601254066152849,-0.04324970764882342,PMA-2 (Starfish)
2.827523571617654,0.0933185666596571,PMA-2 (Starfish)
3.3107098579917933,0.1428385146281152,PMA-2 (Starfish)
3.747525092167019,0.15450924567625207,PMA-2 (Starfish)
4.320503757301607,0.35473130800488717,PMA-2 (Starfish)
4.938814179662975,0.457168396587325,PMA-2 (Starfish)
4.164552295440528,0.23238514781283948,PMA-2 (Starfish)
3.130467404531147,0.14702780183333894,PMA-2 (Starfish)
2.3851339546612675,0.04065726151118101,PMA-2 (Starfish)
1.9598157884822127,-0.04669366593362646,PMA-2 (Starfish)
1.52676506781435,-0.05719743011398213,PMA-2 (Starfish)
1.4336678406693049,-0.22675987481247473,PMA-2 (Starfish)
1.4612699857423759,-0.1802353383242312,PMA-2 (Starfish)
1.6840655300341159,-0.22167896954054747,PMA-2 (Starfish)
2.5960302090999035,-0.18481301331949979,PMA-2 (Starfish)
0.9157049961447814,1.617814214381327,PMA-2 (Starfish)
-2.336149794521243,1.4604077447445796,PFM-1 (Butterfly)
-2.262027585102738,1.7792300271535775,PFM-1 (Butterfly)
-2.092913988417009,1.9836533378050465,PFM-1 (Butterfly)
-1.6908329168991463,1.8472266186553568,PFM-1 (Butterfly)
-1.471875697744033,2.0218284516685596,PFM-1 (Butterfly)
-1.176416038948227,1.9403285001934034,PFM-1 (Butterfly)
-0.501383666065494,2.2093373203214073,PFM-1 (Butterfly)
0.093205267729306,1.7609767721276053,PFM-1 (Butterfly)
0.4133666017779498,1.9173152428467992,PFM-1 (Butterfly)
0.8969955473448141,1.7561843992124613,PFM-1 (Butterfly)
1.391102079181709,1.6878332066289514,PFM-1 (Butterfly)
1.6293757138386942,2.1424638219787733,PFM-1 (Butterfly)
2.6545776458278976,1.6141306494330894,PFM-1 (Butterfly)
3.183245789245154,1.7859230182608272,PFM-1 (Butterfly)
3.8183788310992397,1.6586070813644833,PFM-1 (Butterfly)
4.734845178740369,1.4351218548274227,PFM-1 (Butterfly)
5.862273314467859,1.1238904730419068,PFM-1 (Butterfly)
5.938094971139343,0.24216121931684223,PFM-1 (Butterfly)
5.003994480560372,-0.6834759879544943,PFM-1 (Butterfly)
4.4673907593469435,-0.7087680662851044,PFM-1 (Butterfly)
3.768835623490922,-0.6637781688276158,PFM-1 (Butterfly)
3.1391922789474185,-0.6577768362228158,PFM-1 (Butterfly)
2.5616431693433728,-0.5524940077457517,PFM-1 (Butterfly)
2.0919635305832545,-0.5431673482574396,PFM-1 (Butterfly)
2.256484208580768,-0.2870189092474011,PFM-1 (Butterfly)
3.075141480052512,-0.12834444564477754,PFM-1 (Butterfly)
4.150823146097343,0.12833193045166563,PFM-1 (Butterfly)
5.259160258606447,0.592306723982174,PFM-1 (Butterfly)
1.9962329143475042,-0.651354765820514,PFM-1 (Butterfly)
0.42471799122696735,-0.9021322665085671,PFM-1 (Butterfly)
0.30627791100347057,-0.892172318107219,PFM-1 (Butterfly)
0.16969890186799305,-0.8093151536325213,PFM-1 (Butterfly)
0.16779987428969192,-0.5962008645750112,PFM-1 (Butterfly)
0.24956665743877474,-0.5851711553419126,PFM-1 (Butterfly)
0.7221770972850996,-0.6405567778323935,PFM-1 (Butterfly)
1.0821943913744432,-0.573717796075351,PFM-1 (Butterfly)
1.5694914652612322,-0.500718108376095,PFM-1 (Butterfly)
2.205274261019903,-0.4711598766481486,PFM-1 (Butterfly)
2.8457827628660293,-0.3128455634075678,PFM-1 (Butterfly)
3.385359502591383,-0.03497999095691657,PFM-1 (Butterfly)
3.923869018523771,0.2508051339010424,PFM-1 (Butterfly)
3.9715559854083686,0.5521210019963072,PFM-1 (Butterfly)
4.187897112388908,0.5279086194577775,PFM-1 (Butterfly)
3.9050598018902356,0.840419334660422,PFM-1 (Butterfly)
3.14949070946621,1.0766558190006164,PFM-1 (Butterfly)
2.382929847016989,1.2033014647292466,PFM-1 (Butterfly)
1.495392694502992,1.2286326080201255,PFM-1 (Butterfly)
0.8040950484772461,1.4231438721478922,PFM-1 (Butterfly)
0.320639351455817,1.6672764569501004,PFM-1 (Butterfly)
0.005402159128535378,1.677725380951667,PFM-1 (Butterfly)
-0.494383989619783,1.8114146765107373,PFM-1 (Butterfly)
-0.8310729966707531,1.8842560917142217,PFM-1 (Butterfly)
-1.0224633566356096,2.0805936053024507,PFM-1 (Butterfly)
-0.9778524100071571,2.2045316146853673,PFM-1 (Butterfly)
-0.6590415577137099,1.7014684115519372,PFM-1 (Butterfly)
-0.5504700227933444,1.8960223003729295,PFM-1 (Butterfly)
0.0337020532471733,1.7765525094840302,PFM-1 (Butterfly)
0.46044717043132294,1.7342417765657085,PFM-1 (Butterfly)
0.9763633635155492,1.6730535863642433,PFM-1 (Butterfly)
1.3838853056338658,1.0023815272370373,PFM-1 (Butterfly)
1.3272350384314866,0.8369748089535615,PFM-1 (Butterfly)
1.346123226877868,0.6058565477942965,PFM-1 (Butterfly)
1.1705225695027832,0.5316110938855243,PFM-1 (Butterfly)
0.8714639970380732,0.5181571825837159,PFM-1 (Butterfly)
0.6619828200309459,0.4797318152654988,PFM-1 (Butterfly)
0.5245110398916819,0.5232654491484264,PFM-1 (Butterfly)
0.5164136651146438,0.6978836616370441,PFM-1 (Butterfly)
0.6733512245196436,0.6840496696676674,PFM-1 (Butterfly)
0.5704317949380322,0.5848489946169086,PFM-1 (Butterfly)
0.5883647885191796,0.3507847627707678,PFM-1 (Butterfly)
0.7715969281422357,0.0753900944628669,PFM-1 (Butterfly)
1.1474262361047163,-0.35053306145934665,PFM-1 (Butterfly)
1.278492648726191,-0.5227829305077031,PFM-1 (Butterfly)
1.2940661054467892,-0.6967277243559928,PFM-1 (Butterfly)
1.0478694904261334,-0.7152748749801985,PFM-1 (Butterfly)
1.0740332301274298,-0.9226852392634536,PFM-1 (Butterfly)
1.0663332686651879,-0.897120639677078,PFM-1 (Butterfly)
0.4131567494190112,-1.1517018031792134,PFM-1 (Butterfly)
0.11945947190778004,-1.123882519475232,PFM-1 (Butterfly)
-0.11209072234501442,-1.1753243281267964,PFM-1 (Butterfly)
-0.3312119317456819,-1.2109328218833268,PFM-1 (Butterfly)
-0.2704217432432576,-1.223960999716877,PFM-1 (Butterfly)
-0.2630173246632886,-1.2879488620844448,PFM-1 (Butterfly)
-0.1969289960373658,-1.2483880213536391,PFM-1 (Butterfly)
-0.024349177959430555,-1.0740211097979873,PFM-1 (Butterfly)
0.22359650376795925,-1.148624618190306,PFM-1 (Butterfly)
0.35237825862103517,-1.071955433515647,PFM-1 (Butterfly)
0.4943947285274717,-0.9533109812693132,PFM-1 (Butterfly)
0.7312100607354461,-0.7740430955238716,PFM-1 (Butterfly)
0.9579482198266669,-0.7381662747286281,PFM-1 (Butterfly)
1.0086663481296827,-0.4682650285506635,PFM-1 (Butterfly)
1.2241404807723277,-0.24616725714930404,PFM-1 (Butterfly)
1.580211948143153,-0.05608138916877664,PFM-1 (Butterfly)
1.7226459000905532,0.2507923724386285,PFM-1 (Butterfly)
1.823924945880391,0.7225415045568835,PFM-1 (Butterfly)
2.3075192642029676,0.7656849114716725,PFM-1 (Butterfly)
2.1806595577452152,1.0677627158745413,PFM-1 (Butterfly)
2.337412985104053,1.0579913393260554,PFM-1 (Butterfly)
2.326200108506322,0.8400137258563495,PFM-1 (Butterfly)
2.3948782060277485,0.6211233654506556,PFM-1 (Butterfly)
2.373848286517568,0.5010978711780399,PFM-1 (Butterfly)
1.8319433740317534,-0.7935563017785727,PFM-1 (Butterfly)
-1.0447799915127411,-0.9127397931729415,PMA-2 (Starfish)
-0.6374303370953623,-0.8346498262021622,PMA-2 (Starfish)
-0.29922744195327317,-0.6734898449063843,PMA-2 (Starfish)
0.12203535180472973,-0.6186482914785024,PMA-2 (Starfish)
0.3897545914957901,-0.59025457261128,PMA-2 (Starfish)
0.7046245271571528,-0.5524620211024115,PMA-2 (Starfish)
0.8684360920049039,-0.48535193832841556,PMA-2 (Starfish)
1.0255709773677213,-0.4846601916681199,PMA-2 (Starfish)
1.1495133670306183,-0.3570363622886298,PMA-2 (Starfish)
1.2534705430862103,-0.3493032983847845,PMA-2 (Starfish)
1.3503400234129521,-0.3429502388957909,PMA-2 (Starfish)
1.322839847037979,-0.3211388347255637,PMA-2 (Starfish)
1.382081742788773,-0.34213479673913144,PMA-2 (Starfish)
1.530017033486408,-0.1843321379883496,PMA-2 (Starfish)
1.8304886296644556,-0.19300764023362665,PMA-2 (Starfish)
1.5573129828178571,-0.14976585746744348,PMA-2 (Starfish)
1.6746721095296997,-0.2207579153463434,PMA-2 (Starfish)
1.5699336129463395,-0.21414652308665016,PMA-2 (Starfish)
1.3650320275831729,-0.18902940767690743,PMA-2 (Starfish)
1.4019463858443537,-0.21793733622634,PMA-2 (Starfish)
1.4733958519939263,-0.08601273069554997,PMA-2 (Starfish)
1.7029237285803533,-0.11581355858930198,PMA-2 (Starfish)
1.4541577336493674,-0.06242501019965605,PMA-2 (Starfish)
1.5455861538230193,-0.012600240996910603,PMA-2 (Starfish)
1.8510581008211897,0.031225221674164513,PMA-2 (Starfish)
2.638195313329399,0.031209559450657114,PMA-2 (Starfish)
2.9480646359481892,0.15550996886000817,PMA-2 (Starfish)
3.214650591498445,0.14879043248686588,PMA-2 (Starfish)
3.348945416036614,0.07568057053614478,PMA-2 (Starfish)
3.822593672550811,0.3949971756816289,PMA-2 (Starfish)
3.46469263569948,0.15884486657254593,PMA-2 (Starfish)
3.2157573206314556,0.10474963980149661,PMA-2 (Starfish)
3.0133383595922534,0.09759346232837687,PMA-2 (Starfish)
3.4501421855598537,0.16250256849925612,PMA-2 (Starfish)
4.025661691808995,0.17301960661596483,PMA-2 (Starfish)
4.528662837418401,0.28184214506248406,PMA-2 (Starfish)
4.351495814270416,0.21335269729610754,PMA-2 (Starfish)
3.7861692201165402,0.04775972967344557,PMA-2 (Starfish)
2.690659945104651,-0.027115025473787583,PMA-2 (Starfish)
1.6591701230013023,-0.19710486607234498,PMA-2 (Starfish)
1.3053397934347972,-0.2577014117098189,PMA-2 (Starfish)
1.049008016334603,-0.3949318793276116,PMA-2 (Starfish)
0.9007086384570396,-0.44748130742138464,PMA-2 (Starfish)
0.833714253268333,-0.38758826433388693,PMA-2 (Starfish)
1.0239057374337155,-0.32787915839362025,PMA-2 (Starfish)
1.070976445117001,-0.4059105215172502,PMA-2 (Starfish)
0.9382968872735711,-0.3427766885557374,PMA-2 (Starfish)
1.1018404632738006,-0.3115134508547817,PMA-2 (Starfish)
1.513287390181638,-0.24590883770890623,PMA-2 (Starfish)
1.8774319560709345,-0.1442002290095932,PMA-2 (Starfish)
2.153634990432157,-0.06386528512001556,PMA-2 (Starfish)
2.081806333615643,-0.24996408996114677,PMA-2 (Starfish)
2.084463250844093,-0.15683183124507213,PMA-2 (Starfish)
2.1639441227490224,-0.19008198077128544,PMA-2 (Starfish)
2.035258463135622,-0.10879234484846295,PMA-2 (Starfish)
2.1414691365687566,0.019521281210819967,PMA-2 (Starfish)
2.8663418272248453,0.08178013619131899,PMA-2 (Starfish)
3.6632547210254245,-0.11437324026087337,PMA-2 (Starfish)
2.6724564111592946,-1.3590522863711774,PMA-2 (Starfish)
1.8979605257224286,-1.6425961806615634,PMA-2 (Starfish)
1.2652986441149647,0.12729321581299594,PMA-2 (Starfish)
-2.7774478647473,2.2397235421840547,PFM-1 (Butterfly)
-2.432345225038005,1.7456863058073686,PFM-1 (Butterfly)
-2.0381638133328033,1.2635128769864172,PFM-1 (Butterfly)
-1.2284226360363857,0.9909424471378584,PFM-1 (Butterfly)
-1.2483134601760584,2.1175884293605796,PFM-1 (Butterfly)
-0.6715717801508551,1.9005971611977641,PFM-1 (Butterfly)
0.1756098120583101,1.3941486353764159,PFM-1 (Butterfly)
0.7833209018988962,1.2724660806327956,PFM-1 (Butterfly)
1.284529577398783,1.504894859149782,PFM-1 (Butterfly)
1.4974995155327646,1.6744090024163665,PFM-1 (Butterfly)
1.9315480670715686,1.4812931533441076,PFM-1 (Butterfly)
2.224701223361044,1.1420775600594109,PFM-1 (Butterfly)
2.9460964814961024,1.0562008082820724,PFM-1 (Butterfly)
3.5595577728921364,0.43575014570508047,PFM-1 (Butterfly)
4.017755032146321,-0.01919980663513784,PFM-1 (Butterfly)
4.672670629218272,-0.16520639944623527,PFM-1 (Butterfly)
4.569612389828481,-0.4512830649188714,PFM-1 (Butterfly)
5.215650361294233,-0.45823321663441796,PFM-1 (Butterfly)
5.845096057806441,-0.4417529388265114,PFM-1 (Butterfly)
5.872409639602897,-0.19939443523135378,PFM-1 (Butterfly)
6.027291671985469,-0.18991126145419018,PFM-1 (Butterfly)
6.444877320679408,-0.14926735519733947,PFM-1 (Butterfly)
4.765604563542426,0.007304184557587474,PFM-1 (Butterfly)
3.2505698308083275,-0.173007432688831,PFM-1 (Butterfly)
3.985887829885189,0.384216427733001,PFM-1 (Butterfly)
3.5136336116181797,0.5915266621552816,PFM-1 (Butterfly)
0.9459945856362261,-0.019000573152873183,PFM-1 (Butterfly)
-0.20167647476130632,1.0805774285657057,PFM-1 (Butterfly)
4.8650733734465605,1.2426225815635055,PFM-1 (Butterfly)
4.03096453838845,0.2572804023845046,PFM-1 (Butterfly)
3.036925795153328,-0.16837937205430312,PFM-1 (Butterfly)
2.3607870580510912,-0.29503698794008015,PFM-1 (Butterfly)
1.875528022041382,-0.4161802370982584,PFM-1 (Butterfly)
1.8659979033418825,-0.20500896162658563,PFM-1 (Butterfly)
1.4030266975707975,-0.5182949738696042,PFM-1 (Butterfly)
1.4387694960138195,-0.5491677921156628,PFM-1 (Butterfly)
1.3300876707059754,-0.6501178307077784,PFM-1 (Butterfly)
1.6893108384211628,-0.6064062406771814,PFM-1 (Butterfly)
2.1053813703935966,-0.6839345117617547,PFM-1 (Butterfly)
2.7094444924551184,-0.668175471921876,PFM-1 (Butterfly)
3.241064577047016,-0.6755870257640074,PFM-1 (Butterfly)
4.275134938708802,-0.558368678577454,PFM-1 (Butterfly)
5.827365822859822,-0.36191243838789405,PFM-1 (Butterfly)
-1.4473825416462065,-0.72980236346148,PFM-1 (Butterfly)
-0.9256305184440913,-0.8400688173451654,PFM-1 (Butterfly)
-0.6370834554380234,-0.7959512423350589,PFM-1 (Butterfly)
-0.08018269589722236,-0.8155507694449212,PFM-1 (Butterfly)
0.13126729678327367,-0.8318776529761205,PFM-1 (Butterfly)
0.31202948586915685,-0.8849043472376676,PFM-1 (Butterfly)
0.44045397398412367,-0.9445903109636721,PFM-1 (Butterfly)
0.718791055228658,-1.1818212590788482,PFM-1 (Butterfly)
1.1304477370078958,-1.293699595339054,PFM-1 (Butterfly)
1.4417774122801221,-1.1628706665004083,PFM-1 (Butterfly)
1.8328663797890494,-1.0791354950527403,PFM-1 (Butterfly)
2.4585416411789214,-1.0315389225311051,PFM-1 (Butterfly)
2.788409164625406,-1.0091716424652877,PFM-1 (Butterfly)
3.5667354583448954,-0.7319261090472222,PFM-1 (Butterfly)
3.709471022128024,-0.7646249999393038,PFM-1 (Butterfly)
3.568866182951588,-0.6059623246700337,PFM-1 (Butterfly)
3.4417670029265057,-0.1380974600653334,PFM-1 (Butterfly)
3.5421729237398685,0.3084329334093334,PFM-1 (Butterfly)
3.9465437483155874,0.7614817206221614,PFM-1 (Butterfly)
3.351710605631468,1.5705512919654288,PFM-1 (Butterfly)
2.7300214686728013,1.6253865605075473,PFM-1 (Butterfly)
2.888823791673833,1.2371482343087827,PFM-1 (Butterfly)
2.9177639666613016,0.9308616697865767,PFM-1 (Butterfly)
3.2114376309478505,0.4703578797702133,PFM-1 (Butterfly)
3.1653877288906163,-0.014995918926637434,PFM-1 (Butterfly)
2.740946972940161,-0.17641447968632262,PFM-1 (Butterfly)
1.9942294062501407,-0.31074963299209457,PFM-1 (Butterfly)
1.3284634368224808,-0.47187640830570377,PFM-1 (Butterfly)
0.4709542088718822,-0.5815427956730381,PFM-1 (Butterfly)
-0.08848325298730061,-0.4206199518306987,PFM-1 (Butterfly)
-0.3056371634823253,-0.4293510850417548,PFM-1 (Butterfly)
-0.5220944487313884,-1.0463692907933704,PFM-1 (Butterfly)
0.22245917459291742,-1.0870983697278247,PFM-1 (Butterfly)
0.8948138495810839,-0.8002485388331563,PFM-1 (Butterfly)
1.5953878590662198,-0.6397431035187687,PFM-1 (Butterfly)
1.6192057003441729,-0.2715074813472571,PFM-1 (Butterfly)
2.380858137362322,0.0762661057930474,PFM-1 (Butterfly)
3.175315301156214,0.32169019195765164,PFM-1 (Butterfly)
3.5290252054096833,0.5581473688820648,PFM-1 (Butterfly)
3.361203047516041,0.5339186027670746,PFM-1 (Butterfly)
3.143441132257248,-0.06052421689732812,PFM-1 (Butterfly)
2.438985679101646,-0.7639629780359095,PFM-1 (Butterfly)
-0.6367318056060945,-1.8017983737953402,PFM-1 (Butterfly)
0.949674398940306,-0.7496186231939844,PFM-1 (Butterfly)
0.8304077270536618,-0.6980672035271965,PFM-1 (Butterfly)
0.9650420597556505,-0.45489100525899495,PFM-1 (Butterfly)
0.7981581452838541,-0.14450645539736567,PFM-1 (Butterfly)
0.8724803016004326,0.03438736659019022,PFM-1 (Butterfly)
1.0040424095501232,0.3047578265034163,PFM-1 (Butterfly)
1.3493378875842081,0.4548167324469004,PFM-1 (Butterfly)
1.5133025766520587,0.6947107693015937,PFM-1 (Butterfly)
1.317605997565714,0.8740972344558267,PFM-1 (Butterfly)
1.1442241286372348,0.9560506873229018,PFM-1 (Butterfly)
1.1405391321983365,0.9128562517717473,PFM-1 (Butterfly)
0.9323687166897566,0.7451779512896378,PFM-1 (Butterfly)
0.642986740002756,0.8262103587549452,PFM-1 (Butterfly)
0.6612531889648289,0.9702436318273003,PFM-1 (Butterfly)
0.7811051162184376,0.78142383728643,PFM-1 (Butterfly)
0.7189473057205644,1.1284486884907758,PFM-1 (Butterfly)
0.8388182172988785,0.9382120996477606,PFM-1 (Butterfly)
0.9268016677340741,0.8902364797134661,PFM-1 (Butterfly)
1.2667049753063175,1.0957531183879483,PFM-1 (Butterfly)
1.5681851939880493,1.1194890395777044,PFM-1 (Butterfly)
1.5962175411490984,1.3163242032522104,PFM-1 (Butterfly)
1.6036653755101904,1.3583868221452524,PFM-1 (Butterfly)
0.827272353822421,1.604301799479879,PFM-1 (Butterfly)
0.43264872327225196,1.023287192600972,PFM-1 (Butterfly)
-0.10214699137129042,1.3278899371223691,PFM-1 (Butterfly)
-0.4365288201871022,0.8618863934646129,PFM-1 (Butterfly)
-0.47400609476176603,1.0507201620982518,PFM-1 (Butterfly)
-0.9508541530110797,0.7569592900909403,PFM-1 (Butterfly)
-1.1899618698661598,0.8973157558212946,PFM-1 (Butterfly)
-1.7265209897111076,1.4673923551793129,PFM-1 (Butterfly)
-1.6190087338617012,0.4355700779640626,PFM-1 (Butterfly)
-1.7197994356992823,-0.0722752741200527,PFM-1 (Butterfly)
-1.7980735343172003,-0.2657321906930077,PFM-1 (Butterfly)
-1.5672639736802252,-0.6792616873360203,PFM-1 (Butterfly)
-1.6951761910357777,0.3269088060824296,PFM-1 (Butterfly)
-1.587018405537321,0.3075497510499936,PFM-1 (Butterfly)
-1.3660023798631964,0.10783132620931711,PFM-1 (Butterfly)
-1.2902431645116863,-0.1585747914183126,PFM-1 (Butterfly)
-1.0613961237191714,-0.27235168391651093,PFM-1 (Butterfly)
-0.5824473256407607,-0.6952061783420637,PFM-1 (Butterfly)
-0.03464999038946537,-0.8171294472066274,PFM-1 (Butterfly)
0.12300470631063465,-0.6063157724586086,PFM-1 (Butterfly)
1.1852986908661447,-0.9739292252377422,PFM-1 (Butterfly)
1.8193517428676638,-0.6576728584763897,PFM-1 (Butterfly)
2.68244547434967,-0.6659832482329701,PFM-1 (Butterfly)
3.31799064072174,-0.4262819656873595,PFM-1 (Butterfly)
4.254044146391117,0.0784107016709345,PFM-1 (Butterfly)
5.2026025228763295,0.20945113873391297,PFM-1 (Butterfly)
1.3937017579326956,-1.3007840482546154,PFM-1 (Butterfly)
-1.9763890081119815,-0.30824085483221453,PFM-1 (Butterfly)
-1.0214916238906453,-0.7957596720665734,PFM-1 (Butterfly)
-0.7736674942876464,-0.8652735999264327,PFM-1 (Butterfly)
-0.3672044756323863,-0.8147200443976861,PFM-1 (Butterfly)
-0.13645556455224978,-0.8541500920042592,PFM-1 (Butterfly)
0.1937772240348748,-0.7267787346974828,PFM-1 (Butterfly)
0.33284600990805296,-0.49420415540337614,PFM-1 (Butterfly)
0.5650799054974774,-0.401847293797205,PFM-1 (Butterfly)
0.803833509680962,-0.21997581329954496,PFM-1 (Butterfly)
1.3989751641425023,-0.07398377322388093,PFM-1 (Butterfly)
1.5330670844434486,0.12288816501491638,PFM-1 (Butterfly)
2.0863385981556157,0.4780879714226779,PFM-1 (Butterfly)
2.1649527477916766,0.990963798622222,PFM-1 (Butterfly)
2.210715051510375,1.4030737134009867,PFM-1 (Butterfly)
2.680646045511984,1.346863193274873,PFM-1 (Butterfly)
1.757998437111045,-0.040223417567628796,PFM-1 (Butterfly)
0.6096065922530491,-0.6531365839104118,PFM-1 (Butterfly)
-0.2909584640349586,-0.9373268102056366,PFM-1 (Butterfly)
1.4407555031797095,-1.6853851041596979,PFM-1 (Butterfly)
2.1290492893295045,-0.7410541334150107,PFM-1 (Butterfly)
1.8459743072750605,-0.5392158146731562,PFM-1 (Butterfly)
1.518096065893912,-0.41608396640723233,PFM-1 (Butterfly)
1.7988498073620254,-0.017666186667738934,PFM-1 (Butterfly)
1.6249114543542393,0.05419858804402811,PFM-1 (Butterfly)
1.6529340369472534,0.044928325080574275,PFM-1 (Butterfly)
2.339247714382463,0.5516200429197584,PFM-1 (Butterfly)
2.820878549845721,0.6506859080314747,PFM-1 (Butterfly)
3.031617504923819,0.7255089217000882,PFM-1 (Butterfly)
3.635603616356513,0.818764108290308,PFM-1 (Butterfly)
4.703975478113009,1.0456914989490718,PFM-1 (Butterfly)
5.2823980764223215,1.4468874440269541,PFM-1 (Butterfly)
6.637191740617798,2.080182339816574,PFM-1 (Butterfly)
8.341949225622201,2.528206567909064,PFM-1 (Butterfly)
7.32177652879454,2.034222947209686,PFM-1 (Butterfly)
5.1366955444683855,1.6578262936830352,PFM-1 (Butterfly)
2.99960397010025,1.3718567561025086,PFM-1 (Butterfly)
2.276501051330896,0.8963140541399075,PFM-1 (Butterfly)
2.006892950080857,0.8279457678988835,PFM-1 (Butterfly)
1.804563582915899,0.5454016825248732,PFM-1 (Butterfly)
1.9082200891286922,0.3747486770048661,PFM-1 (Butterfly)
1.8966537468552,0.24535585111457126,PFM-1 (Butterfly)
2.3068564430180074,0.3974675583098371,PFM-1 (Butterfly)
2.561669301616766,0.39264068988091944,PFM-1 (Butterfly)
2.9269699842241015,0.21335021988006556,PFM-1 (Butterfly)
3.5199890921687675,0.06538942028298861,PFM-1 (Butterfly)
2.898262380568681,-0.8389147807797935,PFM-1 (Butterfly)
-1.5317304078825467,-0.8861004916484764,PMA-2 (Starfish)
-1.538351753930466,-0.9464196472040096,PMA-2 (Starfish)
-1.3315824011568989,-0.8329445601613331,PMA-2 (Starfish)
-1.26465997571441,-0.8416429889910125,PMA-2 (Starfish)
-1.5307598742632391,0.7945251047585403,PMA-2 (Starfish)
-0.8341753104953271,-0.4287315760300104,PMA-2 (Starfish)
-0.40579195076373115,-0.7006336218893844,PMA-2 (Starfish)
-0.1438590196637989,-0.5980819262943556,PMA-2 (Starfish)
0.24885427749551872,-0.5926003159156334,PMA-2 (Starfish)
0.9206036346372886,-0.5048420915779201,PMA-2 (Starfish)
1.2283581666399828,-0.3507306024525811,PMA-2 (Starfish)
1.6698429868969837,-0.30355635675608356,PMA-2 (Starfish)
2.2309796972961276,-0.2134632859963608,PMA-2 (Starfish)
2.6514692836705054,-0.11642499870460193,PMA-2 (Starfish)
3.4831072380624524,-0.00602232449566422,PMA-2 (Starfish)
4.059647035877343,0.12477920262315097,PMA-2 (Starfish)
4.310750645092005,0.18578792361747112,PMA-2 (Starfish)
3.8339255448555933,0.7755005984532809,PMA-2 (Starfish)
0.6881034825385792,0.40515401131177126,PMA-2 (Starfish)
2.4853637832338555,-0.5769347237879722,PMA-2 (Starfish)
2.827539551647679,-0.0017063088084565948,PMA-2 (Starfish)
3.128497882367123,-0.0015052092901395556,PMA-2 (Starfish)
3.573814706614956,0.2544720661598777,PMA-2 (Starfish)
3.703548213908111,0.2626038420159648,PMA-2 (Starfish)
3.9346978071395147,0.17020840666578246,PMA-2 (Starfish)
3.7445373460517155,0.18266905725522564,PMA-2 (Starfish)
3.545015615203566,0.14306459649280942,PMA-2 (Starfish)
3.408198178472846,0.12288276867288439,PMA-2 (Starfish)
2.9431030707715102,0.06742518359623227,PMA-2 (Starfish)
2.037310741496232,-0.0855628091686711,PMA-2 (Starfish)
1.4828631479677439,-0.22733767320943946,PMA-2 (Starfish)
1.060198875890505,-0.2953809580088518,PMA-2 (Starfish)
0.7429061960640715,-0.4602550291828639,PMA-2 (Starfish)
0.5894467905894687,-0.5208853636790609,PMA-2 (Starfish)
0.3175378043101717,-0.5552036208398817,PMA-2 (Starfish)
0.2632144664178383,-0.5383551131840312,PMA-2 (Starfish)
0.40736572528176085,-0.584922224400108,PMA-2 (Starfish)
0.4230958514781624,-0.5169449204649856,PMA-2 (Starfish)
0.7110298312498733,-0.500229743897669,PMA-2 (Starfish)
1.0148360486050603,-0.4263603720135459,PMA-2 (Starfish)
1.352241394788481,-0.2263592323004635,PMA-2 (Starfish)
1.7388976411718826,-0.2209992269438206,PMA-2 (Starfish)
1.5254686385886767,-0.2240389979848446,PMA-2 (Starfish)
1.6460659527545967,-0.22005531401136094,PMA-2 (Starfish)
1.9279306152011382,-0.2140787189324166,PMA-2 (Starfish)
2.4390968019954125,-0.16701741489655328,PMA-2 (Starfish)
2.9467828810270023,-0.017177311013415637,PMA-2 (Starfish)
3.8860290540416695,0.24410860632057405,PMA-2 (Starfish)
3.1396880986084392,-0.54122307300635,PMA-2 (Starfish)
3.3100385515533484,-0.29466751218916415,PMA-2 (Starfish)
3.023150960934706,0.19612711013993914,PMA-2 (Starfish)
-1.6984982088283365,0.7667599662862548,PFM-1 (Butterfly)
-1.344375915287166,0.4689429479355123,PFM-1 (Butterfly)
-0.7844366049834937,0.26288138045491477,PFM-1 (Butterfly)
-0.6321763025493911,0.46667883746770267,PFM-1 (Butterfly)
-0.06736277959144363,0.11890651153559763,PFM-1 (Butterfly)
0.6912670500787892,0.04944123937737942,PFM-1 (Butterfly)
1.3064792871065052,0.12490523246807754,PFM-1 (Butterfly)
1.9739182583055117,0.12340034810072933,PFM-1 (Butterfly)
2.7482819955584823,0.13504612534472532,PFM-1 (Butterfly)
3.2498897911034743,0.2772433253179321,PFM-1 (Butterfly)
4.493018022946131,0.34881234731142036,PFM-1 (Butterfly)
5.502421622830628,0.39228633944996405,PFM-1 (Butterfly)
3.3599059955538273,0.45933937791914203,PFM-1 (Butterfly)
1.7106569876485875,1.4077448976076135,PFM-1 (Butterfly)
-0.6043888064152136,-1.5948694998425266,PFM-1 (Butterfly)
-0.313348375680001,-0.9112431636553248,PFM-1 (Butterfly)
-0.5360175596863166,-0.6830142758323476,PFM-1 (Butterfly)
-0.5788261729340889,-0.47394558836249906,PFM-1 (Butterfly)
-0.3303907869158787,-0.5607139829133088,PFM-1 (Butterfly)
-0.32089570570376436,-0.4250042999486609,PFM-1 (Butterfly)
0.06262126625254885,-0.3999593962152523,PFM-1 (Butterfly)
0.2740115757202627,-0.44707290915279857,PFM-1 (Butterfly)
0.8268232944072735,-0.3334180554850847,PFM-1 (Butterfly)
1.3952171812171719,-0.18484055123208507,PFM-1 (Butterfly)
1.7136544488606806,0.003754727396955856,PFM-1 (Butterfly)
2.068541037541548,0.39905045195348576,PFM-1 (Butterfly)
2.871589221542326,0.5152600299105781,PFM-1 (Butterfly)
3.996573347523256,1.0606194747193112,PFM-1 (Butterfly)
4.697213619062347,1.2429724469747527,PFM-1 (Butterfly)
5.515100993941166,1.4229678786841957,PFM-1 (Butterfly)
5.549459216904291,1.8234890734852174,PFM-1 (Butterfly)
5.322443498908032,1.6644029902087196,PFM-1 (Butterfly)
4.098000175802683,0.804592794343988,PFM-1 (Butterfly)
2.8056754233600545,0.4469646648674732,PFM-1 (Butterfly)
2.1814840991594644,0.019199547290860645,PFM-1 (Butterfly)
1.932178352500375,0.06575429978610224,PFM-1 (Butterfly)
1.3823466459188682,-0.030492850105096597,PFM-1 (Butterfly)
1.156192522113575,0.061809210746745794,PFM-1 (Butterfly)
1.0047635559323638,-0.09800642434324186,PFM-1 (Butterfly)
0.969737557779293,0.04282661965152003,PFM-1 (Butterfly)
1.146042200363923,0.041293118185905045,PFM-1 (Butterfly)
0.9706113760312425,0.016221996266506063,PFM-1 (Butterfly)
1.1577779044450491,-0.10054734821661501,PFM-1 (Butterfly)
1.184159356101901,0.08895170948656977,PFM-1 (Butterfly)
0.8281992575905824,0.08072476240633371,PFM-1 (Butterfly)
0.5456650426325708,0.05033829666804609,PFM-1 (Butterfly)
0.18254765960706973,-0.09415723040641241,PFM-1 (Butterfly)
-0.3135237771499838,-0.1505929415137783,PFM-1 (Butterfly)
-0.9700401459997279,-0.05155443017366632,PFM-1 (Butterfly)
-1.1217546382475931,-0.3175699659622925,PFM-1 (Butterfly)
-1.2731638633447588,-0.2904233779991155,PFM-1 (Butterfly)
-1.51316604847278,-0.11696793158706188,PFM-1 (Butterfly)
-1.4668648929077857,-0.514769574521266,PFM-1 (Butterfly)
-1.4812350930535574,-0.39044857062245447,PFM-1 (Butterfly)
-1.4851004652025768,-0.1444345937634698,PFM-1 (Butterfly)
-1.3896305696760896,-0.3254650062441227,PFM-1 (Butterfly)
-1.1237777124967498,-0.29136190544456486,PFM-1 (Butterfly)
-0.9645325488563727,-0.455549972699672,PFM-1 (Butterfly)
-0.652489870807579,-0.3500926670639488,PFM-1 (Butterfly)
-0.3836895608646506,-0.4566540273145088,PFM-1 (Butterfly)
-0.0474101829379402,-0.26838649863339137,PFM-1 (Butterfly)
0.39020777724336375,-0.24834914982988462,PFM-1 (Butterfly)
0.5595622328271053,-0.4694918402901491,PFM-1 (Butterfly)
1.679062016566966,-0.3675352149494043,PFM-1 (Butterfly)
2.1481810661576994,-0.3674825717336695,PFM-1 (Butterfly)
2.5882342839305146,-0.04632293584042217,PFM-1 (Butterfly)
3.796347989494701,0.3360325205677319,PFM-1 (Butterfly)
5.7923565695761425,0.688685286800673,PFM-1 (Butterfly)
5.949103630508482,0.48925443422459486,PFM-1 (Butterfly)
2.6162924283535114,-0.9778319366640016,PFM-1 (Butterfly)
-1.6055035513001337,0.6265845999194131,PFM-1 (Butterfly)
-1.521934210859294,0.8290361173528719,PFM-1 (Butterfly)
-1.2869605066912715,0.7856950340426854,PFM-1 (Butterfly)
-1.0159202848880415,0.49101207484372483,PFM-1 (Butterfly)
-0.8619877400074126,0.46856747033097046,PFM-1 (Butterfly)
-0.20285185063208183,0.11340811371243599,PFM-1 (Butterfly)
-0.08153323407131936,0.47627653802444914,PFM-1 (Butterfly)
0.557463520174237,-0.04859644546510377,PFM-1 (Butterfly)
0.8971111719308923,-0.15387861343216194,PFM-1 (Butterfly)
1.6945329048986246,-0.3685704676206845,PFM-1 (Butterfly)
2.145377613587243,-0.38186141774334575,PFM-1 (Butterfly)
3.037211501069532,-0.6675814316091601,PFM-1 (Butterfly)
3.57388753302228,-0.7485568471874096,PFM-1 (Butterfly)
5.020283775101871,-0.42637849272029105,PFM-1 (Butterfly)
5.678928552800574,-0.42823514330922324,PFM-1 (Butterfly)
5.81211474796161,-0.08873466345360238,PFM-1 (Butterfly)
4.89916062303037,-0.09559437160420416,PFM-1 (Butterfly)
3.4359403813299885,-0.09818713548906484,PFM-1 (Butterfly)
3.2334546490080474,0.06919589093464801,PFM-1 (Butterfly)
2.21663854718867,0.07885159799190253,PFM-1 (Butterfly)
1.5690227883185721,0.0772513270288839,PFM-1 (Butterfly)
1.1457379319287935,0.04391641994248534,PFM-1 (Butterfly)
0.6725939372088819,0.0969035417354647,PFM-1 (Butterfly)
0.4080754733999811,0.1639226698240936,PFM-1 (Butterfly)
0.2819106932195702,0.05909582911396808,PFM-1 (Butterfly)
0.24991783899885103,0.021310994455916055,PFM-1 (Butterfly)
0.26722769749420683,0.021974174043160773,PFM-1 (Butterfly)
0.4497298941995707,0.052694686462160405,PFM-1 (Butterfly)
0.7095198351664156,0.04048251622574928,PFM-1 (Butterfly)
1.1928425760922003,0.0917788954156762,PFM-1 (Butterfly)
1.515717323711025,0.09618601198872809,PFM-1 (Butterfly)
2.202461392197016,0.5401677085998039,PFM-1 (Butterfly)
2.8643123412153297,0.659393846927933,PFM-1 (Butterfly)
2.9313239005840632,0.9575589725131376,PFM-1 (Butterfly)
3.205411785610769,1.335762947881322,PFM-1 (Butterfly)
3.8633657735674767,1.36754441509709,PFM-1 (Butterfly)
4.386604522158469,1.4563190629993203,PFM-1 (Butterfly)
4.556440756215079,1.4924928432924063,PFM-1 (Butterfly)
3.8245218610564353,0.867828853350843,PFM-1 (Butterfly)
3.0819531533548257,0.3874706496601072,PFM-1 (Butterfly)
3.459367563455883,0.5773063903359587,PFM-1 (Butterfly)
2.835627159151051,-0.09920228848390436,PFM-1 (Butterfly)
2.0308463518207565,-1.1369968956207162,PFM-1 (Butterfly)
2.1107996687741517,-1.4153628439288013,PFM-1 (Butterfly)
2.84211367092649,-0.7820806771915089,PFM-1 (Butterfly)
3.0320977233398176,-0.7011506841522943,PFM-1 (Butterfly)
2.483176824929117,-0.6516602973945044,PFM-1 (Butterfly)
2.0707903241702805,-0.7785495444869204,PFM-1 (Butterfly)
1.735986039267324,-0.5931115411473187,PFM-1 (Butterfly)
1.157884776436401,-0.6979895717558744,PFM-1 (Butterfly)
0.9824853408676992,-0.7319423553779926,PFM-1 (Butterfly)
0.8516745879160261,-0.7162784184045832,PFM-1 (Butterfly)
0.7810026323196982,-0.6784745036831231,PFM-1 (Butterfly)
1.0018257177254666,-0.5318966372646867,PFM-1 (Butterfly)
1.2796451218052431,-0.512740377370289,PFM-1 (Butterfly)
1.5224870514557407,-0.34105553792742566,PFM-1 (Butterfly)
1.7187592191584489,-0.036026973169660505,PFM-1 (Butterfly)
2.480481324671298,0.06923761580335253,PFM-1 (Butterfly)
3.3540696631734987,0.22570559815769803,PFM-1 (Butterfly)
4.256328313784831,0.2770503034455107,PFM-1 (Butterfly)
2.1694522756858725,1.494539802407932,PFM-1 (Butterfly)
-0.8411199233538348,-0.7701863690666847,PFM-1 (Butterfly)
-0.2812754384960194,-0.9514109410380608,PFM-1 (Butterfly)
0.1265449726664101,-0.8873886721599497,PFM-1 (Butterfly)
0.612387601296106,-0.9740496479581445,PFM-1 (Butterfly)
1.2309143640146236,-0.8585156794965996,PFM-1 (Butterfly)
1.7915474668854134,-0.8098132285712648,PFM-1 (Butterfly)
2.802081817660463,-0.7744752547955542,PFM-1 (Butterfly)
3.727218976020153,-0.5202951802434777,PFM-1 (Butterfly)
4.348818042966952,-0.49807003325543836,PFM-1 (Butterfly)
4.85924193587793,-0.008244358827367683,PFM-1 (Butterfly)
4.607776100177887,0.4074345511590319,PFM-1 (Butterfly)
4.673682191902702,0.7960274787408756,PFM-1 (Butterfly)
4.933698463772677,1.0134868458529611,PFM-1 (Butterfly)
0.7163259544195792,-0.04222523651505985,PFM-1 (Butterfly)
0.444094067119154,1.20406466218499,PFM-1 (Butterfly)
0.4827272832728013,1.1829541037286615,PFM-1 (Butterfly)
0.18247984380833412,1.1180775060162822,PFM-1 (Butterfly)
0.142492191844236,1.1109498222117111,PFM-1 (Butterfly)
0.22618023472969717,0.894392437511606,PFM-1 (Butterfly)
0.6026278617362198,1.0240830982927063,PFM-1 (Butterfly)
0.8604411700993477,1.2527062054152132,PFM-1 (Butterfly)
1.382148098620927,1.2679071776494133,PFM-1 (Butterfly)
1.9928664338226956,0.9906246377120318,PFM-1 (Butterfly)
2.7040474868121587,1.2113646128734539,PFM-1 (Butterfly)
2.979906863126168,1.7478632981944497,PFM-1 (Butterfly)
3.3324068768143054,1.4281164765750305,PFM-1 (Butterfly)
3.8946753709922777,1.077791441904218,PFM-1 (Butterfly)
5.06865107056961,0.9895377740602453,PFM-1 (Butterfly)
6.172225324370642,0.8619048916622093,PFM-1 (Butterfly)
3.262514553408278,2.2923732813680004,PFM-1 (Butterfly)
-0.9122934561534152,-0.8183343522157506,PMA-2 (Starfish)
-0.6270314877609547,-0.8279612047020708,PMA-2 (Starfish)
-0.4315207383411959,-0.8227961326171844,PMA-2 (Starfish)
-0.19728827893312634,-0.7396844612363742,PMA-2 (Starfish)
0.21494900816472287,-0.7037218704589837,PMA-2 (Starfish)
0.492379943913639,-0.6990357077824463,PMA-2 (Starfish)
0.9020084416817699,-0.4446925952315737,PMA-2 (Starfish)
1.266973985815074,-0.524144655418743,PMA-2 (Starfish)
1.4772911437457104,-0.26501222781944905,PMA-2 (Starfish)
2.0138158962371078,-0.20231886218547357,PMA-2 (Starfish)
2.6367076246335883,-0.07709366031590814,PMA-2 (Starfish)
3.371516242636555,0.07281624479261146,PMA-2 (Starfish)
5.006890115465665,0.3284114139154837,PMA-2 (Starfish)
-0.5744540811023374,-1.5978545262682282,PMA-2 (Starfish)
-0.34233004050344656,-1.0870441257697552,PMA-2 (Starfish)
-0.06692804979020904,0.01610132864296758,PMA-2 (Starfish)
-0.13428124577190712,-0.03911457570658201,PMA-2 (Starfish)
-0.16813098120424322,-0.67762724662358,PMA-2 (Starfish)
-0.1323207635681494,-0.8728565568369813,PMA-2 (Starfish)
-0.16006076688333157,-0.6656474572797454,PMA-2 (Starfish)
0.13148664373419722,-0.7828300378658368,PMA-2 (Starfish)
0.2809819787726983,-0.7033969909394391,PMA-2 (Starfish)
0.49437015758490765,-0.6497005372007042,PMA-2 (Starfish)
0.968450158902598,-0.642818647082979,PMA-2 (Starfish)
1.1777204162570465,-0.4770702957241666,PMA-2 (Starfish)
1.47174170240634,-0.3672762330859972,PMA-2 (Starfish)
2.0744933484035584,-0.24886309076382496,PMA-2 (Starfish)
2.159575751876158,-0.36155145661876437,PMA-2 (Starfish)
2.298520853875321,-0.08707424845332924,PMA-2 (Starfish)
2.790201597457601,-0.08690593761586621,PMA-2 (Starfish)
3.539729366343028,0.06165530717243064,PMA-2 (Starfish)
4.2636368755355765,-0.032527315858858354,PMA-2 (Starfish)
-1.7730653772553224,0.5066592662750777,PFM-1 (Butterfly)
-1.598971882330562,1.1330155877621912,PFM-1 (Butterfly)
-1.2033056529536206,0.46775538580786424,PFM-1 (Butterfly)
-0.8765344879058755,0.3318483858791497,PFM-1 (Butterfly)
-0.6000780162314806,0.5526983261745773,PFM-1 (Butterfly)
-0.20488570004739015,0.7918268918540521,PFM-1 (Butterfly)
0.373498082341527,0.45761989463081326,PFM-1 (Butterfly)
1.301561318044586,0.3988271845552915,PFM-1 (Butterfly)
1.666161104557448,0.4414092389385862,PFM-1 (Butterfly)
2.263802603346616,0.5712305030607113,PFM-1 (Butterfly)
3.5061529028224068,0.7722952274052192,PFM-1 (Butterfly)
4.013603035635135,0.7871372553958432,PFM-1 (Butterfly)
2.8991151611820927,-0.14457009556203598,PFM-1 (Butterfly)
2.1303336544376568,-0.8888828747244887,PFM-1 (Butterfly)
2.2178355864744472,-0.9595155983563929,PFM-1 (Butterfly)
1.533980351339389,-1.145802098091995,PFM-1 (Butterfly)
-1.1924694835233574,0.9344237924587125,PFM-1 (Butterfly)
-1.0968885333368998,0.7740522059887069,PFM-1 (Butterfly)
-0.8251405982214589,0.40658168995963906,PFM-1 (Butterfly)
-0.7453166891156934,0.48347912082663985,PFM-1 (Butterfly)
-0.6946028465932821,0.26684784356708025,PFM-1 (Butterfly)
-0.41822328425083255,-0.04081578899483138,PFM-1 (Butterfly)
-0.12930970608473297,-0.07371795132646008,PFM-1 (Butterfly)
-0.1655245356410558,-0.18323892639166,PFM-1 (Butterfly)
-0.171787317139564,-0.2841862527865684,PFM-1 (Butterfly)
-0.031409467757143324,-0.47967425512183043,PFM-1 (Butterfly)
0.24649380208211621,-0.627239868560829,PFM-1 (Butterfly)
0.5107246111528023,-0.7266892060092855,PFM-1 (Butterfly)
1.1332757547487289,-0.6031452080234047,PFM-1 (Butterfly)
1.6123871235831968,-0.6312476177408551,PFM-1 (Butterfly)
2.274991287887373,-0.6252630319465601,PFM-1 (Butterfly)
3.0555077650408746,-0.5757880742805567,PFM-1 (Butterfly)
4.060053357950681,-0.6073513497266589,PFM-1 (Butterfly)
4.91208442939729,-0.4463023330622243,PFM-1 (Butterfly)
6.3483866189427,-0.08777218389594592,PFM-1 (Butterfly)
1.5452289652444686,-0.029447586390439064,PFM-1 (Butterfly)
1.8147447942523451,0.008524927721579654,PFM-1 (Butterfly)
2.4337321732044592,-0.2943783380645993,PFM-1 (Butterfly)
2.839416365884375,-0.3768268496987249,PFM-1 (Butterfly)
3.7462780367306032,-0.45245580224347154,PFM-1 (Butterfly)
4.282642521827481,-0.5315749795807971,PFM-1 (Butterfly)
3.775318538631743,-0.5930216232377983,PFM-1 (Butterfly)
3.3164543296333346,-0.6988371276754171,PFM-1 (Butterfly)
2.6731312004482204,-0.9122483384804855,PFM-1 (Butterfly)
2.6084016074470604,-0.9151349771918004,PFM-1 (Butterfly)
2.314772187577273,-0.7997942739051582,PFM-1 (Butterfly)
2.1509914593932864,-0.7616093542458664,PFM-1 (Butterfly)
2.130200270822303,-0.6279912143713298,PFM-1 (Butterfly)
2.287054382752165,-0.562412113413907,PFM-1 (Butterfly)
2.2599839451925035,-0.4637127867503506,PFM-1 (Butterfly)
2.327165872465412,-0.47092043956107427,PFM-1 (Butterfly)
3.300242818987177,-0.07563700005495803,PFM-1 (Butterfly)
-2.167545389005831,1.2583903122647653,PFM-1 (Butterfly)
-1.785583797434494,0.8653086333010541,PFM-1 (Butterfly)
-1.5886105471344554,1.1201844263399103,PFM-1 (Butterfly)
-1.058958061191531,0.9531748424874472,PFM-1 (Butterfly)
-0.7250921042497493,0.9211735888959867,PFM-1 (Butterfly)
0.02755122554457935,0.7343786809083251,PFM-1 (Butterfly)
0.5784384031858073,0.8941557658068652,PFM-1 (Butterfly)
1.2932701980302792,0.8135708605424797,PFM-1 (Butterfly)
1.9162185966903407,0.9283833996512935,PFM-1 (Butterfly)
2.358623693916321,1.2166183424826427,PFM-1 (Butterfly)
2.8329725435401603,1.02327977262699,PFM-1 (Butterfly)
3.2240673891409353,1.199390044705572,PFM-1 (Butterfly)
3.371377047817338,1.342589044403749,PFM-1 (Butterfly)
3.3755793194350376,1.2709527484178544,PFM-1 (Butterfly)
2.9690696943976387,1.2205917345285116,PFM-1 (Butterfly)
2.4518790888064865,0.6652779676407825,PFM-1 (Butterfly)
1.726398368874428,0.578057466570731,PFM-1 (Butterfly)
1.6236280514114034,0.3227285719820042,PFM-1 (Butterfly)
1.2009683837462868,0.2297290805148954,PFM-1 (Butterfly)
0.7879698330656825,0.36401276347622125,PFM-1 (Butterfly)
0.6487285735907535,0.8386016418260909,PFM-1 (Butterfly)
0.5172422099277015,0.5096147592382013,PFM-1 (Butterfly)
0.43386267012240237,0.503666028793224,PFM-1 (Butterfly)
0.44851598089227995,0.631584488313195,PFM-1 (Butterfly)
0.7342883429218421,0.7295824686279498,PFM-1 (Butterfly)
1.2886005238804545,0.5757304095250374,PFM-1 (Butterfly)
1.6004687851457977,0.7538712315678757,PFM-1 (Butterfly)
2.2695713605574563,0.4468241024302054,PFM-1 (Butterfly)
1.6713531557267287,0.3852894583608687,PFM-1 (Butterfly)
1.1822233498517531,0.12457892669259267,PFM-1 (Butterfly)
0.9411682766763295,-0.31116175639358146,PFM-1 (Butterfly)
0.782087836251453,-0.6373476515932154,PFM-1 (Butterfly)
0.7938089978661719,-0.8235751252263162,PFM-1 (Butterfly)
0.6979385545032241,-0.9207852728376192,PFM-1 (Butterfly)
0.6654267830599156,-1.0158370512986021,PFM-1 (Butterfly)
0.6805327074916321,-1.0302123202491076,PFM-1 (Butterfly)
0.5979407093879161,-1.1099789353835687,PFM-1 (Butterfly)
0.7427263302206321,-1.1221209784323398,PFM-1 (Butterfly)
0.9644598491809214,-1.1203554946951406,PFM-1 (Butterfly)
0.9869312871946526,-1.044667358472597,PFM-1 (Butterfly)
1.1622070165705911,-0.8682256518053985,PFM-1 (Butterfly)
1.187955865275791,-1.0004921290312228,PFM-1 (Butterfly)
1.3383195812455324,-1.0219135249088482,PFM-1 (Butterfly)
1.5309964850871267,-0.9087492627935083,PFM-1 (Butterfly)
1.289603551753354,-1.036398890631687,PFM-1 (Butterfly)
-0.9014790156411151,-0.6443349825865465,PMA-2 (Starfish)
-1.0313985623538158,-0.5203863647175125,PMA-2 (Starfish)
-1.0264716556720535,-0.623512452774078,PMA-2 (Starfish)
-0.8319410189599649,-0.5182925571089173,PMA-2 (Starfish)
-1.0055762933099452,-0.6495559209188484,PMA-2 (Starfish)
-0.7619166411472346,-0.5672799000299367,PMA-2 (Starfish)
-0.578137975753769,-0.5034770270389485,PMA-2 (Starfish)
-0.45292602022837813,-0.6020357570971822,PMA-2 (Starfish)
-0.04376648533556429,-0.6845538415018119,PMA-2 (Starfish)
0.017515867414518573,-0.4449999235710702,PMA-2 (Starfish)
0.14581055938224424,-0.4946675620397798,PMA-2 (Starfish)
0.17340467277666483,-0.4251489198391464,PMA-2 (Starfish)
0.3850105356307478,-0.41385302043207667,PMA-2 (Starfish)
0.5208417693359058,-0.30143702103591435,PMA-2 (Starfish)
0.35833392725559793,-0.34227330051953514,PMA-2 (Starfish)
0.7084431393686118,-0.4505870447824559,PMA-2 (Starfish)
0.8667324342234665,-0.2667645198205145,PMA-2 (Starfish)
1.1801737632674107,-0.16501636459040733,PMA-2 (Starfish)
1.4822576876564482,-0.14086828618901334,PMA-2 (Starfish)
2.001132686157989,-0.05319296393525759,PMA-2 (Starfish)
2.844640429008797,0.3120038506274692,PMA-2 (Starfish)
3.533964750436522,0.23735523681720927,PMA-2 (Starfish)
3.2597894022637686,0.20896176251503706,PMA-2 (Starfish)
3.6636739522650754,0.097367998491884,PMA-2 (Starfish)
2.340979202151979,-1.3257585472019244,PMA-2 (Starfish)
-0.30510494799377263,-0.7407909379317797,PMA-2 (Starfish)
-0.21343736809954417,-0.688838206098858,PMA-2 (Starfish)
-0.2119276310433898,-0.6284909558054953,PMA-2 (Starfish)
-0.03903720790868165,-0.6965758959255552,PMA-2 (Starfish)
0.1512860027007722,-0.62825052615401,PMA-2 (Starfish)
0.3982499933163936,-0.47704850964830997,PMA-2 (Starfish)
0.7949155508926466,-0.2561464691538989,PMA-2 (Starfish)
1.1412518088190635,-0.3422147480634211,PMA-2 (Starfish)
1.654558209412692,-0.1872877871072103,PMA-2 (Starfish)
2.3170112903927014,-0.06215666885817399,PMA-2 (Starfish)
2.8621562574504886,0.034127245562535366,PMA-2 (Starfish)
3.8276796803283633,0.050626961751832227,PMA-2 (Starfish)
4.45373521868267,0.25391164322228094,PMA-2 (Starfish)
5.654033141216505,0.48434449368491106,PMA-2 (Starfish)
3.210953940383952,0.8602240640200867,PMA-2 (Starfish)
1.1209029481097796,-0.8633436597139456,PMA-2 (Starfish)
1.4439400917322107,-0.023152122137890904,PMA-2 (Starfish)
1.2257830510228338,-0.24397931566079187,PMA-2 (Starfish)
0.9504427741489876,-0.3290540526545282,PMA-2 (Starfish)
0.7619292486755106,-0.4348775214385234,PMA-2 (Starfish)
0.5082721763044181,-0.4660481989264248,PMA-2 (Starfish)
0.4098770157766586,-0.6109160302771276,PMA-2 (Starfish)
0.22032805964256427,-0.5658121495496888,PMA-2 (Starfish)
0.02470235809366413,-0.552267016076762,PMA-2 (Starfish)
-0.06945054232986612,-0.4368258690997868,PMA-2 (Starfish)
-0.01390721622452485,-0.46218975841799187,PMA-2 (Starfish)
0.12861109931273082,-0.5467473126102222,PMA-2 (Starfish)
0.20718526990243258,-0.5395380296351958,PMA-2 (Starfish)
0.2962902795475455,-0.45352655039883394,PMA-2 (Starfish)
0.5579089331724015,-0.43764297224656495,PMA-2 (Starfish)
0.9152800820258092,-0.26693686177975773,PMA-2 (Starfish)
1.2039863530155697,-0.23154898045414077,PMA-2 (Starfish)
1.801929401806593,-0.23932462406083696,PMA-2 (Starfish)
2.2013283360599654,-0.19303458671600865,PMA-2 (Starfish)
2.3959543025901526,-0.13135254058582999,PMA-2 (Starfish)
2.09696057825532,-0.1103806187288105,PMA-2 (Starfish)
2.6335816377874712,-0.09834873057219948,PMA-2 (Starfish)
3.6945384289476055,0.1723477730741839,PMA-2 (Starfish)
3.9500984265379815,0.3252341821356735,PMA-2 (Starfish)
4.0040988569592395,-0.1653645971450256,PMA-2 (Starfish)
2.956926205274846,0.5035112842823308,PMA-2 (Starfish)
1.164806575341532,2.587971154939327,PMA-2 (Starfish)
-1.3974584922674225,-0.4591505748107629,PFM-1 (Butterfly)
-0.8846988459185198,-0.5196537377113382,PFM-1 (Butterfly)
-0.4022380730261866,-0.46251266105704575,PFM-1 (Butterfly)
0.3049598616013024,-0.31060748607588534,PFM-1 (Butterfly)
1.0477137617513261,-0.19821537393393082,PFM-1 (Butterfly)
1.5260769275290411,-0.157496258081459,PFM-1 (Butterfly)
2.2499792976495705,0.07240711494701062,PFM-1 (Butterfly)
2.4363917461085087,0.3211381463651987,PFM-1 (Butterfly)
2.752225983859301,0.5190010674833729,PFM-1 (Butterfly)
2.904163287916228,0.8622754314914125,PFM-1 (Butterfly)
3.7426158331199124,1.1789380992311622,PFM-1 (Butterfly)
4.224889558958552,1.3990445407749763,PFM-1 (Butterfly)
5.893471550293239,1.853262390936873,PFM-1 (Butterfly)
6.43537690132327,1.4787247652555253,PFM-1 (Butterfly)
5.222569283133289,0.4704227298974149,PFM-1 (Butterfly)
2.971348716284474,-0.08924566304661376,PFM-1 (Butterfly)
2.898340088356376,-1.2470694312481945,PFM-1 (Butterfly)
6.01399172750964,-0.011679181138226519,PFM-1 (Butterfly)
4.399818964614611,-0.16862850949690175,PFM-1 (Butterfly)
3.104899635994259,-0.21120130878052545,PFM-1 (Butterfly)
2.5144497608866536,-0.03191441747686892,PFM-1 (Butterfly)
2.081692099781729,0.05558967511920847,PFM-1 (Butterfly)
1.8060506323031593,0.19114211554725916,PFM-1 (Butterfly)
1.7304799265818338,0.16573654956312003,PFM-1 (Butterfly)
1.559727177504683,0.2518758370328492,PFM-1 (Butterfly)
1.656360192309811,0.2989390984269983,PFM-1 (Butterfly)
1.8287730506581346,0.4161868302454558,PFM-1 (Butterfly)
1.804819918773242,0.6902116252169,PFM-1 (Butterfly)
1.9157151186371766,1.0125861055083487,PFM-1 (Butterfly)
1.9509667382428408,1.3180513412459656,PFM-1 (Butterfly)
2.3138262059923664,1.3785088958932419,PFM-1 (Butterfly)
2.3669249455346946,1.145693544596514,PFM-1 (Butterfly)
1.837424036087092,1.1617420190946657,PFM-1 (Butterfly)
1.3503888122068113,0.9388006311565539,PFM-1 (Butterfly)
0.6779559043471217,0.839935621311089,PFM-1 (Butterfly)
0.23765759497376002,1.0284170079728578,PFM-1 (Butterfly)
-0.30963355263432757,1.1283298803448223,PFM-1 (Butterfly)
-0.39025486449692304,0.7301970913048553,PFM-1 (Butterfly)
-0.638095421325748,0.6410082177503107,PFM-1 (Butterfly)
-0.8589135044961574,0.8784433816561376,PFM-1 (Butterfly)
-0.8822372310305181,0.9135740083630087,PFM-1 (Butterfly)
-0.9359498232856314,0.37306549374385634,PFM-1 (Butterfly)
-0.974387510219375,0.6792849430677701,PFM-1 (Butterfly)
-1.0182523812329323,0.35232459032416563,PFM-1 (Butterfly)
-0.9604668980445686,0.6485935954242787,PFM-1 (Butterfly)
-0.8518366879316632,0.5022668459634793,PFM-1 (Butterfly)
-0.5667670648806513,0.6509671580608801,PFM-1 (Butterfly)
-0.21982889146619863,0.43539237623843985,PFM-1 (Butterfly)
-0.018199514014790315,0.49991475587404577,PFM-1 (Butterfly)
0.027801366516173782,0.621880075919068,PFM-1 (Butterfly)
0.345446255096457,0.23255790528357967,PFM-1 (Butterfly)
0.3841585810383259,0.3366091217698722,PFM-1 (Butterfly)
0.7832732415391227,0.08693331513839918,PFM-1 (Butterfly)
1.1179544551287601,0.016452774462056046,PFM-1 (Butterfly)
2.1115546502260094,-0.5439737015014586,PFM-1 (Butterfly)
2.9777375137106477,-0.6766672405006111,PFM-1 (Butterfly)
3.971548511474119,-0.6858983390707286,PFM-1 (Butterfly)
4.796807981883602,-0.7219900552683204,PFM-1 (Butterfly)
4.478427324870379,-1.1731704450416223,PFM-1 (Butterfly)
-1.8310274856220432,1.7292005640289423,PFM-1 (Butterfly)
-0.9865891673866557,0.3716340366467797,PFM-1 (Butterfly)
-0.8253384292335463,0.483190857763298,PFM-1 (Butterfly)
-0.400041670420419,0.13161979630447748,PFM-1 (Butterfly)
-0.11796829010711724,0.20493110910534829,PFM-1 (Butterfly)
0.1216836072893887,0.3692337461582427,PFM-1 (Butterfly)
0.574411403153701,0.40723735366374963,PFM-1 (Butterfly)
0.9854365913513906,0.26833985936173055,PFM-1 (Butterfly)
1.4885002740288735,0.6761060659025576,PFM-1 (Butterfly)
1.8253730574809768,0.6889343409016895,PFM-1 (Butterfly)
1.9750866756719327,0.6784704396809987,PFM-1 (Butterfly)
1.9983877739791498,0.6098266171599082,PFM-1 (Butterfly)
2.621192529792348,0.31683772109573793,PFM-1 (Butterfly)
2.6406250422083644,0.10232580979965149,PFM-1 (Butterfly)
2.2022723427465434,-0.33998322711393286,PFM-1 (Butterfly)
1.646756169102236,-0.3551697103104213,PFM-1 (Butterfly)
1.5631072221591265,-0.382943584211484,PFM-1 (Butterfly)
1.0982971398788057,-0.34010009251693035,PFM-1 (Butterfly)
0.750474694402941,-0.25331871320824345,PFM-1 (Butterfly)
0.3054321286228897,-0.22165062587752038,PFM-1 (Butterfly)
-0.06936745783320135,-0.23289578217591123,PFM-1 (Butterfly)
-0.7562426871572056,0.18289726000577247,PFM-1 (Butterfly)
-1.10167180196345,0.015483775707268074,PFM-1 (Butterfly)
-1.2735225323388062,-0.04192304643624997,PFM-1 (Butterfly)
-1.3211887965459146,-0.06211492864456736,PFM-1 (Butterfly)
-1.410731624280196,0.0749488802609247,PFM-1 (Butterfly)
-1.261539593673316,0.14814965613696646,PFM-1 (Butterfly)
-1.256426795356089,0.35650098143888315,PFM-1 (Butterfly)
-1.0232291894801482,0.20262781303300095,PFM-1 (Butterfly)
-0.931457918180593,0.3484370179242039,PFM-1 (Butterfly)
-0.7161426403236627,0.4717163391027746,PFM-1 (Butterfly)
-0.1720315077175083,-0.02525343892038502,PFM-1 (Butterfly)
0.19741786160595287,0.013095440572731787,PFM-1 (Butterfly)
0.48661034298842426,-0.02015988504107731,PFM-1 (Butterfly)
0.7952250889144132,0.41954606260040167,PFM-1 (Butterfly)
0.8626556414630682,0.7933029710199518,PFM-1 (Butterfly)
0.9955829211728737,0.9174559952971283,PFM-1 (Butterfly)
1.3857866096509521,1.0660236835503247,PFM-1 (Butterfly)
1.812311279161148,1.3281031825111613,PFM-1 (Butterfly)
2.4819938204810676,1.049305403972671,PFM-1 (Butterfly)
2.6614923643946446,1.2665405229307776,PFM-1 (Butterfly)
2.919572043966281,1.131080286888404,PFM-1 (Butterfly)
2.778166337419361,1.2659709615344692,PFM-1 (Butterfly)
2.3730741749473907,0.88806798179806,PFM-1 (Butterfly)
2.273111849668946,0.2757029481558022,PFM-1 (Butterfly)
1.933882562197142,-0.01682377068482874,PFM-1 (Butterfly)
1.4289800577294065,0.24542531214253271,PFM-1 (Butterfly)
1.6043220221539696,-0.04191624901327871,PFM-1 (Butterfly)
1.2054731418948903,0.06533475478421684,PFM-1 (Butterfly)
1.733713793142132,0.0867802350890018,PFM-1 (Butterfly)
1.8269773437970251,-0.05716509007461335,PFM-1 (Butterfly)
2.0478184119431173,0.14415776998398994,PFM-1 (Butterfly)
-1.1777271648316838,-0.6287108995737465,PFM-1 (Butterfly)
-0.942431523521653,-0.687847173063051,PFM-1 (Butterfly)
-0.6576781427384498,-0.5692209953713463,PFM-1 (Butterfly)
-0.1495753865892905,-0.7444613840139691,PFM-1 (Butterfly)
0.46017510444534365,-0.7045758821169498,PFM-1 (Butterfly)
1.0505207692306104,-0.777219775480801,PFM-1 (Butterfly)
1.6013047377507936,-0.7895822763442573,PFM-1 (Butterfly)
2.031888012892832,-0.7366655994631295,PFM-1 (Butterfly)
2.9677216519761505,-0.48799822836087353,PFM-1 (Butterfly)
3.9738258186454454,-0.14008349115501062,PFM-1 (Butterfly)
3.688076945659401,0.3788208472316397,PFM-1 (Butterfly)
3.7069043971808666,0.4717606359358206,PFM-1 (Butterfly)
4.2562087327772735,0.7232430463594427,PFM-1 (Butterfly)
4.858494774015426,0.9438405245067584,PFM-1 (Butterfly)
4.344565966067061,0.6496588000916073,PFM-1 (Butterfly)
2.267154829331426,0.2878917410662112,PFM-1 (Butterfly)
1.4315103891159546,0.047856140644103824,PFM-1 (Butterfly)
1.9796503345502439,0.10952485520086441,PFM-1 (Butterfly)
2.9132847692198958,0.7066836314292845,PFM-1 (Butterfly)
3.7691027825901666,0.19742805605690136,PFM-1 (Butterfly)
3.78605846524786,-0.38917587868070946,PFM-1 (Butterfly)
2.8325919575079683,-1.309578095489239,PFM-1 (Butterfly)
3.646802098310739,-0.8158736808658101,PFM-1 (Butterfly)
3.9639847889124065,-0.7538525084745518,PFM-1 (Butterfly)
3.518259472139609,-0.7106248096297744,PFM-1 (Butterfly)
2.8656785906015596,-0.6088625527972589,PFM-1 (Butterfly)
2.1836448557211385,-0.615595586744957,PFM-1 (Butterfly)
1.950026955834868,-0.6115414762918233,PFM-1 (Butterfly)
1.7152784900327622,-0.431613294899313,PFM-1 (Butterfly)
1.7311632895871212,-0.05996330959158514,PFM-1 (Butterfly)
1.5953788238046605,0.11996980678023451,PFM-1 (Butterfly)
1.3623718446849455,0.15816275175107988,PFM-1 (Butterfly)
1.4003582933577046,0.40570329379275644,PFM-1 (Butterfly)
1.6964978771243546,0.5611765076865987,PFM-1 (Butterfly)
1.6979297719009394,0.7760194309177132,PFM-1 (Butterfly)
1.701819031275082,0.9072833605370407,PFM-1 (Butterfly)
1.3165539999484277,0.9545140935546746,PFM-1 (Butterfly)
1.0687900223791627,0.8094097668354329,PFM-1 (Butterfly)
0.7265117841503389,0.8921291707591174,PFM-1 (Butterfly)
0.04363175419008202,1.3003116601086255,PFM-1 (Butterfly)
-0.37862671667050835,1.1139030412241242,PFM-1 (Butterfly)
-1.0104109741861698,-0.5961309623959046,PMA-2 (Starfish)
-1.3513606398631608,-0.36169915710834627,PMA-2 (Starfish)
-2.43712437175691,2.3790755572550975,PMA-2 (Starfish)
-1.2199349720530699,-0.75241397788285,PMA-2 (Starfish)
-1.030903910034012,-0.7462027478459796,PMA-2 (Starfish)
-1.3891295335307667,-0.1243628428772445,PMA-2 (Starfish)
-1.040565696961175,-0.5913043959954007,PMA-2 (Starfish)
-1.0610800731425498,-0.616887506692314,PMA-2 (Starfish)
-0.8706152960815173,-0.61620364887617,PMA-2 (Starfish)
-0.7197937490316378,-0.6200613213390751,PMA-2 (Starfish)
-0.44847507852357293,-0.47894537211116156,PMA-2 (Starfish)
-0.05507237123062156,-0.45702576597681993,PMA-2 (Starfish)
0.0771451633560997,-0.464208661853936,PMA-2 (Starfish)
0.2976491405457643,-0.43492864214471444,PMA-2 (Starfish)
0.4338032168457462,-0.4034842407272416,PMA-2 (Starfish)
0.4780720340230814,-0.3906038046328695,PMA-2 (Starfish)
0.6899237324770364,-0.4891692997926389,PMA-2 (Starfish)
0.9866097226498546,-0.2546889422620708,PMA-2 (Starfish)
1.323482283806171,-0.3351626723470422,PMA-2 (Starfish)
1.586079584100277,-0.19367463595402468,PMA-2 (Starfish)
1.973034504463803,-0.12639367431376236,PMA-2 (Starfish)
1.9278320453134494,-0.051352765921258425,PMA-2 (Starfish)
1.8297919546819217,-0.04511443992878878,PMA-2 (Starfish)
1.7668796285113297,-0.10180673866164222,PMA-2 (Starfish)
1.9889892598696444,-0.0861964325359876,PMA-2 (Starfish)
2.206095965747854,-0.16952659734985426,PMA-2 (Starfish)
2.3241644345349677,-0.34591972442807256,PMA-2 (Starfish)
2.342141103945079,-0.12963664094268076,PMA-2 (Starfish)
2.429219746330795,-0.13693800735555808,PMA-2 (Starfish)
2.239134153479575,-0.17693408371914934,PMA-2 (Starfish)
1.8995608285902819,-0.20939483165358294,PMA-2 (Starfish)
1.2145551989136825,-0.6858323478624214,PMA-2 (Starfish)
1.1251128323338635,-0.8104593068835473,PMA-2 (Starfish)
1.3268786349077317,-0.34128264225917254,PMA-2 (Starfish)
1.0287047834430834,-0.3364257323176545,PMA-2 (Starfish)
0.5567381213664108,-0.3958961935951102,PMA-2 (Starfish)
0.2928303865854511,-0.38632156534339823,PMA-2 (Starfish)
0.07724965035144915,-0.48341961230355224,PMA-2 (Starfish)
-0.1265573418781437,-0.45239132710391644,PMA-2 (Starfish)
-0.2337339923430978,-0.5133980630287196,PMA-2 (Starfish)
-0.5388519455774659,-0.43067318877812316,PMA-2 (Starfish)
-0.5196389317906268,-0.5329150827102256,PMA-2 (Starfish)
-0.5925192339361537,-0.5479791655161419,PMA-2 (Starfish)
-0.7432856194031772,-0.6080679332073505,PMA-2 (Starfish)
-0.7594284305224472,-0.597324456364003,PMA-2 (Starfish)
-0.7682713310243195,-0.6023205599406427,PMA-2 (Starfish)
-0.7074637652679475,-0.6525602677083965,PMA-2 (Starfish)
-0.46021317678617246,-0.6319095669754765,PMA-2 (Starfish)
-0.3270674005814273,-0.5542276437857592,PMA-2 (Starfish)
-0.1088964281660287,-0.4346350599485591,PMA-2 (Starfish)
-0.046156293280890485,-0.3509955675842032,PMA-2 (Starfish)
0.44654107965969575,-0.20891210446680794,PMA-2 (Starfish)
0.8274565485840031,-0.2826578807238425,PMA-2 (Starfish)
1.2666152506317498,-0.17575123120275418,PMA-2 (Starfish)
1.8586561098539656,-0.11015361047719571,PMA-2 (Starfish)
2.6343500852133688,0.08712576788043616,PMA-2 (Starfish)
3.2910912333073,0.10002782385173463,PMA-2 (Starfish)
3.6775103825556936,0.1558670469289555,PMA-2 (Starfish)
-1.3113367101343385,-0.4609008960894156,PFM-1 (Butterfly)
-1.0708200855921606,-0.35646905628696074,PFM-1 (Butterfly)
-0.9618222445430588,-0.40621574712709346,PFM-1 (Butterfly)
-0.4314959515878167,-0.4156254255424701,PFM-1 (Butterfly)
-0.06345122969549144,-0.29117038838189047,PFM-1 (Butterfly)
0.39047554409253227,-0.13295260943756368,PFM-1 (Butterfly)
0.8348325948803987,-0.08695849155879959,PFM-1 (Butterfly)
1.5539957177372012,-0.0194706609519592,PFM-1 (Butterfly)
2.0358123554235457,0.3593349462896222,PFM-1 (Butterfly)
2.4541091305253184,0.310691713406408,PFM-1 (Butterfly)
2.8717559245705244,0.48249403228593524,PFM-1 (Butterfly)
4.256677936264795,0.8497074998519836,PFM-1 (Butterfly)
5.976910796974505,1.094171025699781,PFM-1 (Butterfly)
5.934685654177629,1.4394077887958778,PFM-1 (Butterfly)
5.921142805743426,1.5155287822027375,PFM-1 (Butterfly)
5.931368595515377,0.8473716212165449,PFM-1 (Butterfly)
3.8967579903911167,-0.05568638311517728,PFM-1 (Butterfly)
2.526771678559489,-0.7420344731976208,PFM-1 (Butterfly)
1.5930932314313473,-0.7341395809727176,PFM-1 (Butterfly)
1.4730720939145174,-0.5657587659096651,PFM-1 (Butterfly)
1.4294676055356081,-0.4651706586599754,PFM-1 (Butterfly)
1.5570811557002522,-0.23881371535420376,PFM-1 (Butterfly)
1.7641251096733221,0.061683113766884706,PFM-1 (Butterfly)
1.7656125583356508,0.17719802061954004,PFM-1 (Butterfly)
2.3761587670463697,0.3391446287917491,PFM-1 (Butterfly)
2.81928823834413,0.5347850397162071,PFM-1 (Butterfly)
2.8213112744787723,0.7252187461262565,PFM-1 (Butterfly)
2.627504103682846,1.0898055283571484,PFM-1 (Butterfly)
2.7165419410243183,1.0923591304157965,PFM-1 (Butterfly)
3.1496656017903653,1.3060931735264016,PFM-1 (Butterfly)
3.4917728658344473,1.7735427197885185,PFM-1 (Butterfly)
3.792041081963206,1.6212406762579776,PFM-1 (Butterfly)
4.125886061986049,0.39760207905727135,PFM-1 (Butterfly)
4.101081670647547,0.5747045928681721,PFM-1 (Butterfly)
4.285919285935483,0.13991936912634143,PFM-1 (Butterfly)
3.0786569929565744,-0.39332226078717514,PFM-1 (Butterfly)
-1.4502578576728373,-0.22435595325686525,PFM-1 (Butterfly)
-1.5626517855252484,0.004761857014224273,PFM-1 (Butterfly)
-1.4709290205147885,0.27250967397537723,PFM-1 (Butterfly)
-1.3728620064722152,0.5020530685477701,PFM-1 (Butterfly)
-1.0786927160050428,-0.124277942578725,PFM-1 (Butterfly)
-0.7833754827575776,-0.07872564546180705,PFM-1 (Butterfly)
-0.702671396979669,0.20154706687017737,PFM-1 (Butterfly)
-0.43581424150457815,0.012609023093944675,PFM-1 (Butterfly)
-0.022097472035689517,0.1734191595265462,PFM-1 (Butterfly)
0.18179398923644022,0.39012854225221255,PFM-1 (Butterfly)
0.40750841422615597,0.46590697455538577,PFM-1 (Butterfly)
0.7176696638100241,0.24550344153318984,PFM-1 (Butterfly)
1.216875148936647,0.11186958044858061,PFM-1 (Butterfly)
1.849542822207781,0.09577948013820514,PFM-1 (Butterfly)
2.2617651950208097,0.00543537036186281,PFM-1 (Butterfly)
2.5836016156269173,-0.18303514714524532,PFM-1 (Butterfly)
3.287848378377298,-0.3197691751769918,PFM-1 (Butterfly)
4.8230414357083164,-0.41214882512462825,PFM-1 (Butterfly)
3.743111123300174,-0.2489549965099483,PFM-1 (Butterfly)
-0.8030809915003007,-0.3169739769372311,PFM-1 (Butterfly)
-1.3207789678896344,2.070397322514595,PFM-1 (Butterfly)
-1.0519773364604195,1.918874023207092,PFM-1 (Butterfly)
0.33014210168985275,-0.5168147491092452,PFM-1 (Butterfly)
1.033727840099183,-0.892002182941512,PFM-1 (Butterfly)
1.1140871230745744,-0.725695824321261,PFM-1 (Butterfly)
1.3552288648625832,-0.5699389384519185,PFM-1 (Butterfly)
1.9710428241332365,-0.3577395377768519,PFM-1 (Butterfly)
2.2024601069669036,-0.7587075729673017,PFM-1 (Butterfly)
1.819989841701476,-0.7437329941385468,PFM-1 (Butterfly)
1.8629882999242497,-0.7856612011011993,PFM-1 (Butterfly)
1.3629742399743265,-0.8955772610177047,PFM-1 (Butterfly)
1.487923100213788,-0.8707077093708385,PFM-1 (Butterfly)
1.3130431210924756,-0.8391534389330298,PFM-1 (Butterfly)
1.0510840658736142,-0.8871839326407117,PFM-1 (Butterfly)
1.1250933844690008,-0.8168587957042103,PFM-1 (Butterfly)
1.19630075784556,-0.9694089216368105,PFM-1 (Butterfly)
1.2575552851325797,-0.8365525004805778,PFM-1 (Butterfly)
1.2604019212192896,-0.930086344059113,PFM-1 (Butterfly)
1.6984060763274658,-0.9159406902476338,PFM-1 (Butterfly)
2.4963433725693647,-0.8197688956392821,PFM-1 (Butterfly)
2.499218726356933,-0.6906634687201488,PFM-1 (Butterfly)
2.9680146949878665,-0.675289085726043,PFM-1 (Butterfly)
2.97281746541229,-0.8227842137601257,PFM-1 (Butterfly)
3.11996077583108,-0.7617866854308403,PFM-1 (Butterfly)
3.642676523987044,-0.8348875666163446,PFM-1 (Butterfly)
2.621850994079781,0.03080088700220634,PFM-1 (Butterfly)
2.8637070470207227,0.6354297586121298,PFM-1 (Butterfly)
1.7990967036795078,0.1686017947806197,PFM-1 (Butterfly)
2.1748071551457815,-0.010392519606648628,PFM-1 (Butterfly)
2.0121302601056676,0.3550181322033735,PFM-1 (Butterfly)
1.531834793768254,0.3487345910729489,PFM-1 (Butterfly)
1.3144028369652332,-0.011871372967005628,PFM-1 (Butterfly)
0.8348962584912855,0.08277677638718442,PFM-1 (Butterfly)
0.6427362368104884,-0.07692987010446713,PFM-1 (Butterfly)
0.4185545469950625,0.06049681731860898,PFM-1 (Butterfly)
0.2695656400639576,0.09007078867537831,PFM-1 (Butterfly)
-0.5162214475163627,0.7751703214718173,PFM-1 (Butterfly)
-0.3548738801804611,1.4333972315611343,PFM-1 (Butterfly)
0.08588642119622887,1.1912183655281905,PFM-1 (Butterfly)
0.5609711274056141,1.2876818892303952,PFM-1 (Butterfly)
0.5130358723055087,1.3424458034735083,PFM-1 (Butterfly)
0.7855022827620832,1.1773241557395446,PFM-1 (Butterfly)
0.9820215871242716,1.1091929112482326,PFM-1 (Butterfly)
1.2359806275063758,1.1678851327547064,PFM-1 (Butterfly)
1.1549200374030095,1.3530146605602682,PFM-1 (Butterfly)
1.5937942966355303,0.8196758071420762,PFM-1 (Butterfly)
1.604229010740325,0.477387708092228,PFM-1 (Butterfly)
1.6023246131363127,0.5281973475317435,PFM-1 (Butterfly)
2.430806269216652,0.10900779524130394,PFM-1 (Butterfly)
2.2021544639800696,0.21471854704344215,PFM-1 (Butterfly)
2.2229972208862945,0.20224396810066209,PFM-1 (Butterfly)
1.9771158554171806,0.2107253851091067,PFM-1 (Butterfly)
2.129642070963819,0.004063029269047795,PFM-1 (Butterfly)
2.797803434062746,-0.06195378260966303,PFM-1 (Butterfly)
3.236970401311951,-0.13676542425021895,PFM-1 (Butterfly)
4.146601592300258,-0.008268181544800027,PFM-1 (Butterfly)
4.099635467670719,0.12046229234557185,PFM-1 (Butterfly)
4.575922707637124,-0.14495345968122933,PFM-1 (Butterfly)
5.389835931717579,-0.15351649716899496,PFM-1 (Butterfly)
5.50118827917822,-0.47913320559527806,PFM-1 (Butterfly)
6.4741813935945425,-0.20938900229339397,PFM-1 (Butterfly)
7.36472681635395,-0.21890839638065054,PFM-1 (Butterfly)
7.914124573354721,-0.012953421440846066,PFM-1 (Butterfly)
7.084620819263544,0.2066042546057727,PFM-1 (Butterfly)
5.61842621526445,0.6160042339642915,PFM-1 (Butterfly)
2.5331969433465575,1.0675016819622232,PFM-1 (Butterfly)
2.5356779890658583,0.7239236953508086,PFM-1 (Butterfly)
2.1228290127527814,1.3313175597000846,PFM-1 (Butterfly)
2.4891333788654806,1.249603510151065,PFM-1 (Butterfly)
3.2280523082169,1.3544633349807638,PFM-1 (Butterfly)
4.0903972354571,1.462299438632502,PFM-1 (Butterfly)
4.214704427514664,1.708313652357418,PFM-1 (Butterfly)
5.097852183963293,1.7910415849984653,PFM-1 (Butterfly)
5.315838746493487,1.7044604393746012,PFM-1 (Butterfly)
5.751501751529237,1.5368016355196041,PFM-1 (Butterfly)
6.161117278827103,1.2173716824637721,PFM-1 (Butterfly)
6.21066228988415,1.1109781655062623,PFM-1 (Butterfly)
6.000824278031901,1.0794504467937978,PFM-1 (Butterfly)
5.561457996094298,0.7988627163841288,PFM-1 (Butterfly)
3.2335520710930474,2.1259199144785734,PFM-1 (Butterfly)
-1.3792257868751836,-0.12353731928702115,PMA-2 (Starfish)
-1.0085431446552413,-0.49425589892330957,PMA-2 (Starfish)
-0.7973775780045097,-0.6172428447763327,PMA-2 (Starfish)
-0.504827419213939,-0.42528067055109103,PMA-2 (Starfish)
-0.4254308161803372,-0.5607987401526521,PMA-2 (Starfish)
-0.18956707380323776,-0.48188267725846085,PMA-2 (Starfish)
0.22745393425676952,-0.4853341317325117,PMA-2 (Starfish)
0.6283091961297612,-0.36022149059996744,PMA-2 (Starfish)
0.7883451805254191,-0.43582707450970093,PMA-2 (Starfish)
0.9984137945062524,-0.06343549016592279,PMA-2 (Starfish)
1.5224270866885214,-0.2991733023361613,PMA-2 (Starfish)
1.843038839130794,-0.08287835218073682,PMA-2 (Starfish)
2.5125455158645758,-0.09595396995523395,PMA-2 (Starfish)
2.6164477260495853,-0.18095811892045027,PMA-2 (Starfish)
2.90236276614026,-0.12445930660881756,PMA-2 (Starfish)
3.1151344312490434,-0.19905322281896465,PMA-2 (Starfish)
3.5236194764672297,-0.04255904984470587,PMA-2 (Starfish)
3.467707564598341,0.024793518441652066,PMA-2 (Starfish)
3.846517872773473,0.08084714918020991,PMA-2 (Starfish)
3.872655751171076,0.19815698163307796,PMA-2 (Starfish)
4.377045304025785,0.3137325160461155,PMA-2 (Starfish)
4.595560861155462,0.4020374029915313,PMA-2 (Starfish)
2.5067224146087335,2.120752025635235,PMA-2 (Starfish)
2.887897526663829,1.9409990325262798,PMA-2 (Starfish)
2.818086950374215,2.463255746890593,PMA-2 (Starfish)
2.832451699737832,2.219937482777337,PMA-2 (Starfish)
2.3329422741146275,2.194124852241172,PMA-2 (Starfish)
3.477495396694841,1.5344067505978498,PMA-2 (Starfish)
5.515799051515749,0.5275094636378997,PMA-2 (Starfish)
4.91357883301611,0.37287645278558496,PMA-2 (Starfish)
3.9720814256641006,0.17379906121715244,PMA-2 (Starfish)
3.3509013538777093,-0.0493620014705251,PMA-2 (Starfish)
3.087936421254755,-0.10865124058161468,PMA-2 (Starfish)
2.3356180416941745,-0.12706145381095127,PMA-2 (Starfish)
2.444621250529007,-0.17807401338991166,PMA-2 (Starfish)
1.9204451675265142,-0.0903261800674416,PMA-2 (Starfish)
1.8296949393919717,-0.22100049277718894,PMA-2 (Starfish)
1.400450885158967,-0.06604464329585416,PMA-2 (Starfish)
1.1244149002162145,-0.38433785183053015,PMA-2 (Starfish)
0.6585058779188451,-0.36386085902109155,PMA-2 (Starfish)
0.35611289243670846,-0.38284795511031355,PMA-2 (Starfish)
0.46016887036294774,-0.42642626363710806,PMA-2 (Starfish)
0.7325721038559733,-0.38546251040792534,PMA-2 (Starfish)
0.8549868366684161,-0.34039928123486457,PMA-2 (Starfish)
0.8224956920532749,-0.35049649084541373,PMA-2 (Starfish)
0.9343145731748922,-0.40831893492677523,PMA-2 (Starfish)
0.9109590236210421,-0.1945296254797951,PMA-2 (Starfish)
0.958462282384859,-0.2918237225219646,PMA-2 (Starfish)
1.1335562728036925,-0.35106555780008053,PMA-2 (Starfish)
1.6079311890020611,-0.33003995247562196,PMA-2 (Starfish)
1.454734902168594,-0.30270756373350954,PMA-2 (Starfish)
1.8147519345885417,-0.2810628544279735,PMA-2 (Starfish)
1.7785900147084304,-0.169239174865601,PMA-2 (Starfish)
1.6856174104657404,-0.2374824233529124,PMA-2 (Starfish)
1.6534376667547577,-0.19204427953784023,PMA-2 (Starfish)
1.5669498808870597,-0.05115961468559117,PMA-2 (Starfish)
1.5665125465261989,-0.015932788245268725,PMA-2 (Starfish)
2.048475102181748,-0.02112722310186,PMA-2 (Starfish)
2.0812852823721553,0.04241456845986319,PMA-2 (Starfish)
2.191101911160822,0.002686064026191693,PMA-2 (Starfish)
2.246030411579832,0.16037843910388302,PMA-2 (Starfish)
2.2842681088024124,0.050748866677062104,PMA-2 (Starfish)
2.2557491797738813,0.025735325056625045,PMA-2 (Starfish)
2.2044248330301346,0.06177733033282461,PMA-2 (Starfish)
2.260471385653535,0.004095921614873823,PMA-2 (Starfish)
2.552312910303237,0.039270202311897116,PMA-2 (Starfish)
3.0182947136437175,0.20577758426433224,PMA-2 (Starfish)
3.3611203505929845,0.18837558911856717,PMA-2 (Starfish)
3.010451431182147,0.11260282221293366,PMA-2 (Starfish)
2.894345815295484,0.054238710013773284,PMA-2 (Starfish)
3.768519411224837,0.1086528615353007,PMA-2 (Starfish)
3.742227386624769,0.2685634523659545,PMA-2 (Starfish)
3.2068053211773315,0.02861350968142102,PMA-2 (Starfish)
2.5365652118250273,-0.09580697460444439,PMA-2 (Starfish)
2.2952496230057826,-0.11118054639976267,PMA-2 (Starfish)
1.8116828523811601,-0.21633192524089756,PMA-2 (Starfish)
1.7047373385100728,-0.26149871517886614,PMA-2 (Starfish)
1.721223490487742,-0.2954316662013221,PMA-2 (Starfish)
1.670020268948068,-0.1852547524606744,PMA-2 (Starfish)
1.8551940588238223,-0.24342502122098578,PMA-2 (Starfish)
2.1698833082177784,-0.17030911584994135,PMA-2 (Starfish)
2.7823978622027554,-0.07780256558011132,PMA-2 (Starfish)
3.430946330569738,0.27493191037848047,PMA-2 (Starfish)
-1.6811883856273457,1.7828534295829461,PFM-1 (Butterfly)
-1.635663799019028,1.8270704885427858,PFM-1 (Butterfly)
-1.110274461042592,1.2280887029236112,PFM-1 (Butterfly)
-0.8808695473517658,0.8081851524810153,PFM-1 (Butterfly)
-0.7958719357492546,0.8932439303368199,PFM-1 (Butterfly)
-0.5171053019474239,0.5647462461559403,PFM-1 (Butterfly)
-0.2712845000763974,0.6041698795263378,PFM-1 (Butterfly)
-0.25812453481971165,1.0680547511473943,PFM-1 (Butterfly)
0.13983942884178838,1.2457739167804347,PFM-1 (Butterfly)
0.4914744980208558,0.8762119311267104,PFM-1 (Butterfly)
0.5556673765507496,1.095387762815394,PFM-1 (Butterfly)
0.6422542129833421,0.9888101981987942,PFM-1 (Butterfly)
0.823704355338253,0.9559174952659681,PFM-1 (Butterfly)
1.1345652239928963,1.0883267223649429,PFM-1 (Butterfly)
1.4676370287169023,0.9200645290426198,PFM-1 (Butterfly)
1.6137904626434654,1.1486060394764774,PFM-1 (Butterfly)
1.7993819275620861,0.9745655438288262,PFM-1 (Butterfly)
1.9299717209451228,0.5882882747508452,PFM-1 (Butterfly)
2.1519738401270723,0.5438400342566857,PFM-1 (Butterfly)
2.621501746131631,0.37981129355468873,PFM-1 (Butterfly)
2.7524611647535466,0.3334864996525414,PFM-1 (Butterfly)
3.1275689136020497,0.32042471708368875,PFM-1 (Butterfly)
3.402525395191526,0.30939616169133594,PFM-1 (Butterfly)
3.5811984349956574,0.17838256333115116,PFM-1 (Butterfly)
4.082706329015035,0.19975455518342747,PFM-1 (Butterfly)
4.779565801540603,0.11406877436055138,PFM-1 (Butterfly)
5.409901761756619,-0.1065703573766283,PFM-1 (Butterfly)
5.869795354993874,-0.37887061492831503,PFM-1 (Butterfly)
6.089918877190212,-0.46223879549134456,PFM-1 (Butterfly)
5.900029527117241,-0.5137992311314372,PFM-1 (Butterfly)
5.5499010792456325,-0.5380833172693315,PFM-1 (Butterfly)
5.829082347599102,-0.701085935820701,PFM-1 (Butterfly)
4.7770926465940935,-0.6579497263471962,PFM-1 (Butterfly)
3.9071823408986814,-0.8389121650792409,PFM-1 (Butterfly)
3.343476880911837,-0.876031589224423,PFM-1 (Butterfly)
3.2766468643504445,-0.7694791259297908,PFM-1 (Butterfly)
2.980244550848301,-0.8909059141155188,PFM-1 (Butterfly)
3.769142957396424,-0.7990690984479273,PFM-1 (Butterfly)
4.841205511624975,-0.24401067505040716,PFM-1 (Butterfly)
3.6794934685489094,-0.9126894635785283,PFM-1 (Butterfly)
1.6110339992519862,-0.7944881151359218,PFM-1 (Butterfly)
2.24983522756071,0.029968780355304495,PFM-1 (Butterfly)
2.2344393493187438,0.14282747900829706,PFM-1 (Butterfly)
1.8140113814263321,0.1961044670785926,PFM-1 (Butterfly)
1.430079367807989,0.07261853110141676,PFM-1 (Butterfly)
1.2335514771495513,-0.012263120869751844,PFM-1 (Butterfly)
0.9939616726464587,-0.034172191965705735,PFM-1 (Butterfly)
0.9961398086495881,-0.15708444150369744,PFM-1 (Butterfly)
0.9542589631629353,-0.19575895952060718,PFM-1 (Butterfly)
1.4056956928998532,-0.05086575483678559,PFM-1 (Butterfly)
1.3903955724090082,-0.17611900202342232,PFM-1 (Butterfly)
1.8310818407560463,-0.3504149756186566,PFM-1 (Butterfly)
1.9247191333846687,-0.16325407071067433,PFM-1 (Butterfly)
2.4045682224828164,-0.5239991101127845,PFM-1 (Butterfly)
2.2881675119604403,-0.674880495808995,PFM-1 (Butterfly)
2.4267980537749043,-0.6959751884097273,PFM-1 (Butterfly)
2.814069043103386,-0.5681045709806006,PFM-1 (Butterfly)
3.542744224584218,-0.484057850901867,PFM-1 (Butterfly)
3.84356993391847,-0.5196615890667309,PFM-1 (Butterfly)
4.127655801412509,-0.6348268903409149,PFM-1 (Butterfly)
4.701923499373133,-0.6206368758178981,PFM-1 (Butterfly)
5.105293322708047,-0.461471502641801,PFM-1 (Butterfly)
5.642489418107326,-0.3304824098585923,PFM-1 (Butterfly)
5.891144246729445,-0.2484134100304928,PFM-1 (Butterfly)
5.780223570579867,0.021375106918951267,PFM-1 (Butterfly)
5.5016180127335925,0.2353947699338851,PFM-1 (Butterfly)
5.356685127358856,0.715810130775153,PFM-1 (Butterfly)
5.060777839008277,0.9395724189221619,PFM-1 (Butterfly)
4.471299517658788,1.1176856069896905,PFM-1 (Butterfly)
4.958560116886432,1.8884360912806484,PFM-1 (Butterfly)
-0.8539329165117805,-0.9751871511379625,PFM-1 (Butterfly)
-0.5589877450267435,-0.9950574551079259,PFM-1 (Butterfly)
-0.2849378154067824,-1.1887739823431989,PFM-1 (Butterfly)
-0.15335111409244623,-1.0161947310104074,PFM-1 (Butterfly)
0.03784451273926565,-1.060163678496521,PFM-1 (Butterfly)
0.5126635517968342,-0.8628958110781408,PFM-1 (Butterfly)
0.7784355711673134,-0.9699340018613645,PFM-1 (Butterfly)
1.2814522898784313,-1.0141905178345403,PFM-1 (Butterfly)
1.9264551712772753,-0.8998883130602178,PFM-1 (Butterfly)
2.5067313281829895,-0.7582316871869434,PFM-1 (Butterfly)
2.5225939896627434,-0.7504110989552759,PFM-1 (Butterfly)
2.914543744024918,-0.7184767482642126,PFM-1 (Butterfly)
2.670100355676743,-0.7116065706623403,PFM-1 (Butterfly)
3.2227775697432186,-0.638868435604296,PFM-1 (Butterfly)
3.679859356323418,-0.43966166857088074,PFM-1 (Butterfly)
3.8460697723629633,-0.1934651766628067,PFM-1 (Butterfly)
3.8452433982389738,-0.03156551518056198,PFM-1 (Butterfly)
4.779596250176431,0.14510499164741436,PFM-1 (Butterfly)
5.538913063666822,0.5371090413378934,PFM-1 (Butterfly)
5.598649736491068,0.930188374514284,PFM-1 (Butterfly)
2.3237199609151817,1.604255158904738,PFM-1 (Butterfly)
0.2361986285902932,-1.0382220741471762,PFM-1 (Butterfly)
0.2749541486732274,-1.18073936469596,PFM-1 (Butterfly)
0.2959344784819677,-1.19991640405026,PFM-1 (Butterfly)
0.4048209411198723,-1.1901128649815624,PFM-1 (Butterfly)
0.5695790242108829,-1.0359112632801701,PFM-1 (Butterfly)
0.5934972104726661,-1.1089065923077441,PFM-1 (Butterfly)
0.9339057690736032,-0.8710216430809744,PFM-1 (Butterfly)
1.1534802353774407,-0.8440025525195838,PFM-1 (Butterfly)
1.220272442586282,-0.8507143485118315,PFM-1 (Butterfly)
1.3013257755731538,-0.5630910562321753,PFM-1 (Butterfly)
1.4858460027107407,-0.4871325813251034,PFM-1 (Butterfly)
1.8594325355912031,-0.3562308508743358,PFM-1 (Butterfly)
2.2614711282839486,-0.30482271885597045,PFM-1 (Butterfly)
2.3882362071528074,-0.3607239816572192,PFM-1 (Butterfly)
2.7654129147517232,0.03448376915477279,PFM-1 (Butterfly)
3.096418061803473,0.5950920351273902,PFM-1 (Butterfly)
3.5233342846682656,0.7535383663491997,PFM-1 (Butterfly)
3.53383953534525,1.0765429791449674,PFM-1 (Butterfly)
3.919609543844712,1.109865980971894,PFM-1 (Butterfly)
4.483227865877502,1.1415896587824121,PFM-1 (Butterfly)
4.762580325848549,1.2161830378445073,PFM-1 (Butterfly)
3.8124405244536925,2.171742942681981,PFM-1 (Butterfly)
-1.687677708411334,0.1685532076959704,PMA-2 (Starfish)
-0.9549971143860835,-0.7355935370266279,PMA-2 (Starfish)
-1.1160831623435787,-0.5565132273952412,PMA-2 (Starfish)
-0.8131909499971427,-0.6481795306982705,PMA-2 (Starfish)
-0.8374178153993114,-0.4314739074886041,PMA-2 (Starfish)
-0.5403124428482274,-0.4076347874945237,PMA-2 (Starfish)
-0.6019732362018073,-0.32366753017477756,PMA-2 (Starfish)
-0.24163396075226767,-0.48758877165873715,PMA-2 (Starfish)
0.019607086474923107,-0.5133783758569613,PMA-2 (Starfish)
0.23071683950229155,-0.46318216355489483,PMA-2 (Starfish)
0.463590781831601,-0.443916852461756,PMA-2 (Starfish)
0.5696212505624384,-0.32643958835241665,PMA-2 (Starfish)
0.788479817636196,-0.24416019829016902,PMA-2 (Starfish)
1.0763967231263392,-0.32542212046689734,PMA-2 (Starfish)
1.5316817477110447,-0.08045550500149759,PMA-2 (Starfish)
1.4938210101115812,-0.18242766562691307,PMA-2 (Starfish)
1.2649708878550974,-0.15986481893129073,PMA-2 (Starfish)
1.868191492654803,-0.2633173504754326,PMA-2 (Starfish)
1.827925072891889,-0.3077384963971383,PMA-2 (Starfish)
2.1045777978332025,-0.07805451773532725,PMA-2 (Starfish)
2.453885070934748,-0.23692650362310846,PMA-2 (Starfish)
2.966040203442887,0.035290824896156155,PMA-2 (Starfish)
3.373696840786341,-0.03560081958848795,PMA-2 (Starfish)
1.7757615435428706,1.3842503742143535,PMA-2 (Starfish)
-0.047304148010209636,-0.6282622885267867,PMA-2 (Starfish)
1.133425416400617,-1.1783155806007481,PMA-2 (Starfish)
1.4454959823341047,-0.01652128948705645,PMA-2 (Starfish)
0.8441737237124274,-0.05857474409217103,PMA-2 (Starfish)
0.6216474129708276,-0.0959049956111873,PMA-2 (Starfish)
0.5765857962867248,-0.26755756841267886,PMA-2 (Starfish)
0.16313183785076568,-0.2365598855252647,PMA-2 (Starfish)
-0.14009978956743258,-0.18619753803161956,PMA-2 (Starfish)
-0.10072677083266696,-0.27818804261380414,PMA-2 (Starfish)
-0.24178931449177188,-0.3751609516960883,PMA-2 (Starfish)
-0.1925029124590783,-0.24841792197964305,PMA-2 (Starfish)
-0.1519918529692441,-0.25372226191565433,PMA-2 (Starfish)
-0.04972702400517904,-0.2690174723484974,PMA-2 (Starfish)
0.339188714063189,-0.41480837450570485,PMA-2 (Starfish)
0.6506512313797824,-0.2783237384025435,PMA-2 (Starfish)
1.03129376172004,-0.19110507968823065,PMA-2 (Starfish)
1.339027011148633,-0.05374180218911076,PMA-2 (Starfish)
1.4037652458872287,-0.20229862304278953,PMA-2 (Starfish)
1.602518753810374,-0.2573578319345478,PMA-2 (Starfish)
1.9914777997920419,-0.11388309673748885,PMA-2 (Starfish)
2.267134143116653,-0.16669031254790231,PMA-2 (Starfish)
2.4415256213836676,-0.030698928119868487,PMA-2 (Starfish)
2.4590690093734935,-0.043983164984587396,PMA-2 (Starfish)
2.6566728199463654,0.04636150826735206,PMA-2 (Starfish)
3.362887470924483,0.0633306884031487,PMA-2 (Starfish)
3.2564274913898457,0.38092583174201805,PMA-2 (Starfish)
-1.1285899703217999,0.3739522521095538,PFM-1 (Butterfly)
-1.3417124650110461,1.1630528833786644,PFM-1 (Butterfly)
-0.8767553270756127,0.7649129398453823,PFM-1 (Butterfly)
-0.7007137478568972,0.9468617518349689,PFM-1 (Butterfly)
-0.29468830346187747,0.6935821470340018,PFM-1 (Butterfly)
0.13948222700932567,0.8057199961184162,PFM-1 (Butterfly)
0.8293268322904668,0.6856018243923818,PFM-1 (Butterfly)
1.0005736430052132,1.080351722117905,PFM-1 (Butterfly)
0.937451376493152,1.2501033826280141,PFM-1 (Butterfly)
1.2332963668401125,0.9526965286262616,PFM-1 (Butterfly)
1.1561074581221333,1.3801172572570923,PFM-1 (Butterfly)
1.666877642340402,1.122064573180877,PFM-1 (Butterfly)
2.165981981991793,1.0659295991123425,PFM-1 (Butterfly)
2.636656967634897,1.367363376243126,PFM-1 (Butterfly)
3.368837643356346,1.1854077622548722,PFM-1 (Butterfly)
4.243589697946733,1.1440031690094805,PFM-1 (Butterfly)
5.153778521377945,1.0705782077790373,PFM-1 (Butterfly)
6.019675938475561,1.228756801940828,PFM-1 (Butterfly)
5.123041170800786,0.5189260383610931,PFM-1 (Butterfly)
3.8946270782360397,-0.0881818003512345,PFM-1 (Butterfly)
3.108520179552333,-0.6864511158794789,PFM-1 (Butterfly)
1.3978336067632995,-0.8577562396653043,PFM-1 (Butterfly)
4.193434644614251,0.19481574342977453,PFM-1 (Butterfly)
4.863609923354894,0.9761921750221644,PFM-1 (Butterfly)
5.097213727918017,0.6280600377176497,PFM-1 (Butterfly)
3.9568380227148086,0.6699157776622631,PFM-1 (Butterfly)
3.9131035191784598,0.33074330744235475,PFM-1 (Butterfly)
-0.9418325597555741,-0.6276190692699554,PMA-2 (Starfish)
-1.0717408687628227,0.024970474684196824,PMA-2 (Starfish)
-0.7417662465643307,-0.595215595291363,PMA-2 (Starfish)
-0.6676974843036269,-0.6034255811608419,PMA-2 (Starfish)
-0.4264408071365485,-0.5202967915492714,PMA-2 (Starfish)
-0.12319900720747229,-0.4705397310731266,PMA-2 (Starfish)
-0.001276320899760486,-0.36561752246609647,PMA-2 (Starfish)
0.2663640582295638,-0.3403749242538404,PMA-2 (Starfish)
0.568641015068142,-0.33467170371746335,PMA-2 (Starfish)
0.8038477176366697,-0.31594198942731566,PMA-2 (Starfish)
1.1881325630980275,-0.28097989175319127,PMA-2 (Starfish)
1.5525755468963074,-0.12976221923392395,PMA-2 (Starfish)
2.0705174318948774,-0.025520937094451277,PMA-2 (Starfish)
2.163509658596271,-0.09365290510325451,PMA-2 (Starfish)
2.380247595712804,0.04454259914217582,PMA-2 (Starfish)
2.452002601306947,0.08128639002850578,PMA-2 (Starfish)
2.813794989399484,0.09442664117602997,PMA-2 (Starfish)
2.8772812715445317,-0.04124194273383641,PMA-2 (Starfish)
2.62078438138794,0.03243296141941886,PMA-2 (Starfish)
2.8874731846238455,0.11890771256307779,PMA-2 (Starfish)
2.8863412031408195,0.15945564844079071,PMA-2 (Starfish)
3.0252833143470084,-0.11397694178208384,PMA-2 (Starfish)
2.699802304402487,-0.11753063407687572,PMA-2 (Starfish)
2.6363482433682273,-0.0460318236737685,PMA-2 (Starfish)
3.070658446026656,-0.08639012536179598,PMA-2 (Starfish)
3.5736508538126084,-0.00437654929456305,PMA-2 (Starfish)
3.818218780557915,0.06955815493282505,PMA-2 (Starfish)
4.185180665371096,0.16753075452170454,PMA-2 (Starfish)
4.1106756610596085,0.1887687350484481,PMA-2 (Starfish)
4.0048446596729,0.5701282500367257,PMA-2 (Starfish)
2.3573642485098087,2.000223093993319,PMA-2 (Starfish)
3.242669080345551,1.1562319578007652,PMA-2 (Starfish)
4.2368927025256236,0.17849605963470455,PMA-2 (Starfish)
3.953903816843826,0.17852335062594613,PMA-2 (Starfish)
3.3691397163038577,0.16470838784197744,PMA-2 (Starfish)
2.9551374554268124,0.12174165846760675,PMA-2 (Starfish)
2.770583640662377,0.03478977970565216,PMA-2 (Starfish)
3.1517032030103698,0.16745265296691697,PMA-2 (Starfish)
4.305530593295163,0.23815474067996797,PMA-2 (Starfish)
4.909865021034706,0.35983791068390747,PMA-2 (Starfish)
4.9664114020133105,0.4778666381291234,PMA-2 (Starfish)
5.291438235091212,0.5033130953274549,PMA-2 (Starfish)
1.4768161212079423,3.4838371951294445,PMA-2 (Starfish)
1.686538143915174,1.3947602242087123,PMA-2 (Starfish)
2.0017805601782612,0.9520183603885499,PMA-2 (Starfish)
4.553774962360505,0.5648229254408694,PMA-2 (Starfish)
4.105163172132232,0.21414163217348992,PMA-2 (Starfish)
3.6631826634935796,0.15491264072957933,PMA-2 (Starfish)
3.2512597119677435,0.08326935419809935,PMA-2 (Starfish)
2.839444240419969,-0.0044575490037098535,PMA-2 (Starfish)
2.553501801441819,-0.10055283278984183,PMA-2 (Starfish)
2.317833658138428,-0.13768344900208015,PMA-2 (Starfish)
2.0489953576331246,-0.17341582645946318,PMA-2 (Starfish)
1.8164533964551337,-0.20886461076468968,PMA-2 (Starfish)
1.9369752539285177,-0.2928641002077871,PMA-2 (Starfish)
1.811368654514522,-0.1733283439988874,PMA-2 (Starfish)
1.536331317447334,-0.23096055102036023,PMA-2 (Starfish)
1.33295904598794,-0.18401204157317377,PMA-2 (Starfish)
1.1366637422445507,-0.1727885551070576,PMA-2 (Starfish)
0.8363641135163314,-0.2502885132940244,PMA-2 (Starfish)
0.5947017426037441,-0.3246447881327565,PMA-2 (Starfish)
0.31795374469080023,-0.47308031587849775,PMA-2 (Starfish)
-0.06777135359056748,-0.29397988957353444,PMA-2 (Starfish)
-0.1604270510642044,-0.3640918134810206,PMA-2 (Starfish)
-0.32634651292651135,-0.4846573741591903,PMA-2 (Starfish)
-0.9230565036487668,0.15509141178902644,PFM-1 (Butterfly)
-0.8806238514849167,0.7848694856800151,PFM-1 (Butterfly)
-1.2020933950583765,1.224342056396323,PFM-1 (Butterfly)
-1.0958459359297215,1.1135753845463785,PFM-1 (Butterfly)
-1.124243260212301,1.2264856738913865,PFM-1 (Butterfly)
-0.5725992652460729,0.7592038071929386,PFM-1 (Butterfly)
-0.6593871883938265,0.9906211755858751,PFM-1 (Butterfly)
-0.27076727930189287,0.6605317139650493,PFM-1 (Butterfly)
-0.36417873446965715,0.7871072925496397,PFM-1 (Butterfly)
-0.10164612233412149,0.8390318829554824,PFM-1 (Butterfly)
-0.06798275196780175,0.7642339286991996,PFM-1 (Butterfly)
-0.06917171675093785,0.9863192061635018,PFM-1 (Butterfly)
0.3196846158953416,0.9600586308078555,PFM-1 (Butterfly)
0.5987393296841632,0.9091334456113833,PFM-1 (Butterfly)
0.9167970302285512,0.9219421274922435,PFM-1 (Butterfly)
1.0196679532646646,1.3132902354400346,PFM-1 (Butterfly)
1.1261327221561588,1.3017405453312123,PFM-1 (Butterfly)
1.5064292288192465,1.4064170254750021,PFM-1 (Butterfly)
1.9056584643873227,1.361950070285854,PFM-1 (Butterfly)
2.140922723070185,1.1262273753098426,PFM-1 (Butterfly)
2.4393572206699177,1.3333963457757616,PFM-1 (Butterfly)
2.2607074365366877,1.4412616927875,PFM-1 (Butterfly)
2.5478264302556806,1.288528924900359,PFM-1 (Butterfly)
2.5285950114597116,1.0862341214242464,PFM-1 (Butterfly)
2.7632037573839896,1.2810068716929148,PFM-1 (Butterfly)
2.9464973492818163,1.318933616489175,PFM-1 (Butterfly)
3.5295430607957536,1.4286367327415874,PFM-1 (Butterfly)
4.237090787552096,1.2189320447968124,PFM-1 (Butterfly)
4.336265062128465,0.9766651090591735,PFM-1 (Butterfly)
4.186992217038368,1.1972260229854548,PFM-1 (Butterfly)
3.650945190461191,0.9555856643321252,PFM-1 (Butterfly)
2.9812620941033434,0.8389087393568272,PFM-1 (Butterfly)
2.7924634000830326,0.7563495701289402,PFM-1 (Butterfly)
2.2599707787803327,0.7197935337268134,PFM-1 (Butterfly)
2.345045671374297,0.892112775680673,PFM-1 (Butterfly)
2.284132552047587,0.892401619168095,PFM-1 (Butterfly)
2.481740588077596,0.7877544736547198,PFM-1 (Butterfly)
2.4829008962940122,0.639981361585613,PFM-1 (Butterfly)
3.122238674888021,0.7999273776144221,PFM-1 (Butterfly)
3.279135551937096,0.8682006290052985,PFM-1 (Butterfly)
3.4672179014516225,0.7517018531277273,PFM-1 (Butterfly)
3.9805530013885306,0.5683588795742415,PFM-1 (Butterfly)
3.3839574839696707,0.6079069312851363,PFM-1 (Butterfly)
3.4116775316367516,0.620107843578763,PFM-1 (Butterfly)
3.7171943109005228,0.4978251293078855,PFM-1 (Butterfly)
3.3042436393838277,-0.08542861844854269,PFM-1 (Butterfly)
2.780269693972406,-0.3521163316955271,PFM-1 (Butterfly)
2.1391892397589194,-0.8289487687595485,PFM-1 (Butterfly)
1.3644762699970383,-1.318663377225561,PFM-1 (Butterfly)
-0.09010009628183373,-1.5771798298091668,PFM-1 (Butterfly)
1.5685142776720091,-0.760831325437913,PFM-1 (Butterfly)
2.8433985660160888,-0.03872684167460153,PFM-1 (Butterfly)
2.170457014776845,-0.045013376347564235,PFM-1 (Butterfly)
2.0939567636462764,-0.052644752683668174,PFM-1 (Butterfly)
1.6991587921123914,0.33243452555946995,PFM-1 (Butterfly)
1.4217502854339978,0.13888867688914155,PFM-1 (Butterfly)
1.3462478150796429,0.08702003479145853,PFM-1 (Butterfly)
1.4014373761998233,0.0041441848605678535,PFM-1 (Butterfly)
0.6898125795974015,0.4522805497855681,PFM-1 (Butterfly)
1.1192391381386437,0.24682734904105372,PFM-1 (Butterfly)
0.896959969900708,0.1748287203498157,PFM-1 (Butterfly)
0.6903578067243835,0.33660496968972087,PFM-1 (Butterfly)
0.4250629015252249,0.34612189588585324,PFM-1 (Butterfly)
0.6092669235278255,0.19615646975852716,PFM-1 (Butterfly)
0.7154123572791479,0.07957844986987504,PFM-1 (Butterfly)
0.7914632819558417,0.2741139886458279,PFM-1 (Butterfly)
1.276090720283666,0.2575133042999849,PFM-1 (Butterfly)
1.480939166474785,0.36186869208970424,PFM-1 (Butterfly)
1.8750880579294371,0.2584391537890777,PFM-1 (Butterfly)
1.9040688129994527,0.43100387582426286,PFM-1 (Butterfly)
2.201609343505024,0.45544912784762587,PFM-1 (Butterfly)
2.456135163327307,0.5801450878729748,PFM-1 (Butterfly)
2.4702653341807657,0.6911855111882687,PFM-1 (Butterfly)
2.954753292499646,0.8763640237060843,PFM-1 (Butterfly)
3.2574309566579553,0.8875621798719777,PFM-1 (Butterfly)
3.63617758226959,0.7332781747687191,PFM-1 (Butterfly)
3.7771691514372865,0.8019331510334955,PFM-1 (Butterfly)
3.978404210409021,0.8003212959994044,PFM-1 (Butterfly)
4.3502496741698655,0.957081708039121,PFM-1 (Butterfly)
5.305506717602883,0.8936186210073274,PFM-1 (Butterfly)
5.420417339242717,0.8292285590871206,PFM-1 (Butterfly)
5.441558407401368,0.8261394533283886,PFM-1 (Butterfly)
5.542652681934197,0.9152952819581297,PFM-1 (Butterfly)
6.469473879989835,0.9400216849017765,PFM-1 (Butterfly)
6.36701610515033,0.9854149817392962,PFM-1 (Butterfly)
3.9361212448593985,2.1270927813336744,PFM-1 (Butterfly)
-0.9984594953496695,-0.16959069854692116,PFM-1 (Butterfly)
-0.8061970090973283,-0.12799927872130493,PFM-1 (Butterfly)
-0.8639847130774153,0.08822870955616892,PFM-1 (Butterfly)
-0.5436156365579952,-0.2523868511968051,PFM-1 (Butterfly)
-0.534760123438403,-0.013090741729395566,PFM-1 (Butterfly)
-0.3671963316557596,0.12648277849805517,PFM-1 (Butterfly)
-0.28149189347567755,0.0702895534445951,PFM-1 (Butterfly)
-0.12549475653063996,-0.005537280263649364,PFM-1 (Butterfly)
0.08155066367776014,-0.05477943470703295,PFM-1 (Butterfly)
0.10564097932854835,0.13165638942872507,PFM-1 (Butterfly)
0.3722356353937024,0.002407490627401009,PFM-1 (Butterfly)
0.2553640956534609,0.2884987944366298,PFM-1 (Butterfly)
0.42055831684509526,0.5083237198951339,PFM-1 (Butterfly)
0.8066436584342177,0.307584842580008,PFM-1 (Butterfly)
1.040193676639417,0.3161674755647289,PFM-1 (Butterfly)
1.3035319709652893,0.3753843022816805,PFM-1 (Butterfly)
1.8192376346929051,0.577814284353298,PFM-1 (Butterfly)
2.010731984087524,0.6029599594495499,PFM-1 (Butterfly)
2.3586364283198193,0.5338386421987107,PFM-1 (Butterfly)
2.4725868963469133,0.4409395650335167,PFM-1 (Butterfly)
2.651293564912962,0.5212987770341103,PFM-1 (Butterfly)
2.7985055023816976,0.49429778830603555,PFM-1 (Butterfly)
3.2831243017904295,0.5629985997785336,PFM-1 (Butterfly)
3.8483386239035435,0.8489176859747459,PFM-1 (Butterfly)
4.558319898557909,0.9602482389088954,PFM-1 (Butterfly)
4.285025278404684,0.6850052046482321,PFM-1 (Butterfly)
1.3527343035884358,-0.8790547361731486,PFM-1 (Butterfly)
1.57668028806403,-0.886277113157523,PFM-1 (Butterfly)
2.945873761988572,0.08177136522535194,PFM-1 (Butterfly)
4.316181438432721,1.225039732682871,PFM-1 (Butterfly)
4.221872191807947,1.0933042477094792,PFM-1 (Butterfly)
4.069408312732121,0.7087266912446992,PFM-1 (Butterfly)
3.727781716115191,0.2939922270246145,PFM-1 (Butterfly)
3.5830885240152552,0.4500319538110338,PFM-1 (Butterfly)
3.101868975351095,0.35996576529567326,PFM-1 (Butterfly)
2.300305854287864,0.07535697048444025,PFM-1 (Butterfly)
2.7924152810250527,-0.024627782275877565,PFM-1 (Butterfly)
1.9415293903637514,0.2185745360958107,PFM-1 (Butterfly)
1.7561260480416265,0.4218238561782736,PFM-1 (Butterfly)
1.5998355465319265,0.4987275287541822,PFM-1 (Butterfly)
0.6723818146244535,0.7546156252695257,PFM-1 (Butterfly)
0.89359027989545,0.756753269615527,PFM-1 (Butterfly)
1.278549199876253,0.35481954201283344,PFM-1 (Butterfly)
1.2993247177248508,0.45481881040458805,PFM-1 (Butterfly)
2.1615006346350367,0.5456877126165253,PFM-1 (Butterfly)
2.2631652791670493,0.5465948242635794,PFM-1 (Butterfly)
3.296894211303094,0.34189107879182573,PFM-1 (Butterfly)
3.599464186027014,0.36732735203592365,PFM-1 (Butterfly)
3.864003620508465,0.33608820463507083,PFM-1 (Butterfly)
4.300588436518054,0.3836322342553205,PFM-1 (Butterfly)
4.630702368151206,0.4172298359581109,PFM-1 (Butterfly)
4.903293929869405,0.5701901412513952,PFM-1 (Butterfly)
5.1536389821806425,0.6681804885113558,PFM-1 (Butterfly)
5.45743492942149,0.5794993644015619,PFM-1 (Butterfly)
5.646179567242111,0.547715529955559,PFM-1 (Butterfly)
6.768677138710696,0.39657592730083446,PFM-1 (Butterfly)
7.506440491593396,0.06873413738016024,PFM-1 (Butterfly)
5.866644365188887,0.2946963421256446,PFM-1 (Butterfly)
4.024554497605764,0.38466607797443236,PFM-1 (Butterfly)
-0.4358850516754227,-1.0607158754836883,PFM-1 (Butterfly)
0.572541187319502,0.2768285778068352,PFM-1 (Butterfly)
0.9032155900533317,0.6668840830778495,PFM-1 (Butterfly)
0.4901177476979698,1.0277827621354867,PFM-1 (Butterfly)
0.7223603221879964,0.988122442144764,PFM-1 (Butterfly)
0.9263796391453285,1.3993342065609586,PFM-1 (Butterfly)
1.6097125289828023,1.1471882811084466,PFM-1 (Butterfly)
1.5615866532938252,1.295469467380301,PFM-1 (Butterfly)
1.8179571671595218,1.4663323057623567,PFM-1 (Butterfly)
2.209330336863229,1.3213887616018296,PFM-1 (Butterfly)
2.49283833156676,1.76600034092122,PFM-1 (Butterfly)
2.897435386702477,1.6719667711900923,PFM-1 (Butterfly)
3.1067418733619894,1.5379795114832948,PFM-1 (Butterfly)
3.124701669278191,1.0578821408863501,PFM-1 (Butterfly)
3.075896954368831,1.2173273130103093,PFM-1 (Butterfly)
2.3384558071977635,1.08094068904015,PFM-1 (Butterfly)
1.9213523712884848,0.9351322679478118,PFM-1 (Butterfly)
1.6425384303278205,0.930827206621162,PFM-1 (Butterfly)
1.8109753260760226,0.6227469049942176,PFM-1 (Butterfly)
1.6237841002912572,0.8002158552930193,PFM-1 (Butterfly)
1.9205054412406295,0.9048690609233756,PFM-1 (Butterfly)
1.8756516900295581,0.863654477029192,PFM-1 (Butterfly)
2.0382900253166447,0.6178131657121242,PFM-1 (Butterfly)
2.082865126906131,0.7146194235104106,PFM-1 (Butterfly)
2.2313745632565865,1.080695912216789,PFM-1 (Butterfly)
2.565753469680198,0.8708570102633723,PFM-1 (Butterfly)
2.621791972622368,0.9860939804550296,PFM-1 (Butterfly)
2.9667974773631056,0.9141244432273765,PFM-1 (Butterfly)
3.3623569978541674,0.929944620199733,PFM-1 (Butterfly)
3.861982273028925,0.24214341736794412,PFM-1 (Butterfly)
-2.0732613891424263,0.9519116519615074,PFM-1 (Butterfly)
-1.9964954269286792,1.1637431822826778,PFM-1 (Butterfly)
-2.06043315296029,0.25570203569081046,PFM-1 (Butterfly)
-2.1365436646336855,1.3172245126123796,PFM-1 (Butterfly)
-1.8057809868172843,0.2792137443935559,PFM-1 (Butterfly)
-1.6945558922519361,-0.061418380233248304,PFM-1 (Butterfly)
-1.4631334042422082,-0.44553210213594,PFM-1 (Butterfly)
-1.4989307815523718,0.24029238645414064,PFM-1 (Butterfly)
-1.2958189992895333,-0.12815864787073517,PFM-1 (Butterfly)
-0.8820267292440974,-0.07621916986640846,PFM-1 (Butterfly)
-0.2329500563547008,0.14653638883098374,PFM-1 (Butterfly)
0.2668566118061233,0.0688750804603119,PFM-1 (Butterfly)
0.3131515651136448,0.06733586859117902,PFM-1 (Butterfly)
0.634867837616324,0.121451272872522,PFM-1 (Butterfly)
0.8142531060274278,0.04383012693186673,PFM-1 (Butterfly)
1.1380307524673292,0.046391316148115584,PFM-1 (Butterfly)
1.4310280379699019,0.009749527612198374,PFM-1 (Butterfly)
1.9475358213623364,-0.03318712015148502,PFM-1 (Butterfly)
1.9733629715007168,-0.10522267414351302,PFM-1 (Butterfly)
2.6754442550780397,0.016073713096592553,PFM-1 (Butterfly)
2.6505016122617064,0.08695915886944357,PFM-1 (Butterfly)
3.1207844174000434,0.29950215695708443,PFM-1 (Butterfly)
3.396096813055871,0.31684243913305743,PFM-1 (Butterfly)
3.8457846198702517,0.3416698838505796,PFM-1 (Butterfly)
3.8583682703267157,0.5412376533935743,PFM-1 (Butterfly)
3.9341840261011365,0.42759161993045197,PFM-1 (Butterfly)
4.350743071044848,0.5635754471752974,PFM-1 (Butterfly)
4.773146552284395,0.6100759499878858,PFM-1 (Butterfly)
4.655865766698997,0.7728557098870988,PFM-1 (Butterfly)
5.450539220720755,0.9779337645270064,PFM-1 (Butterfly)
2.002376619020585,1.1722910265127664,PFM-1 (Butterfly)
0.33679794422134474,0.011017267509771701,PFM-1 (Butterfly)
-0.11362916727660308,0.04439068072402841,PFM-1 (Butterfly)
-0.2253010485072839,-0.2807625334950792,PFM-1 (Butterfly)
-0.3333908294952342,-0.33984790603123416,PFM-1 (Butterfly)
-0.47865869769316266,-0.21148103473246296,PFM-1 (Butterfly)
-0.4260280568267852,0.050605556337819164,PFM-1 (Butterfly)
-0.061820621722026285,0.16053281702487285,PFM-1 (Butterfly)
-0.06299872463546359,-0.08809880595501811,PFM-1 (Butterfly)
-0.16736976317389793,0.24165389048803376,PFM-1 (Butterfly)
0.06021195176068268,0.1481424040836772,PFM-1 (Butterfly)
0.3483063181819607,0.11756766850636355,PFM-1 (Butterfly)
0.20449148227900296,0.3236484724701602,PFM-1 (Butterfly)
0.32323599160232963,0.9156557220543988,PFM-1 (Butterfly)
0.5971684244814204,0.6010408977617178,PFM-1 (Butterfly)
0.8830166419301798,0.6006011332320019,PFM-1 (Butterfly)
0.9873442063045146,0.9138736788245094,PFM-1 (Butterfly)
0.8527042929414933,0.9127446146060977,PFM-1 (Butterfly)
0.9404420336409883,0.9808617221748047,PFM-1 (Butterfly)
0.7711981637379771,0.950577989766773,PFM-1 (Butterfly)
0.7421395272783975,1.0865263209731444,PFM-1 (Butterfly)
0.8713018163264075,1.103281963130429,PFM-1 (Butterfly)
0.7907793560959196,1.2474322127332587,PFM-1 (Butterfly)
0.7381504903447106,1.3267975028132044,PFM-1 (Butterfly)
1.1297593895694835,1.4513489692017116,PFM-1 (Butterfly)
1.3650972191905366,1.4031822533284963,PFM-1 (Butterfly)
1.89194071494255,1.2214202686166316,PFM-1 (Butterfly)
1.8623404911855592,1.37466373470382,PFM-1 (Butterfly)
2.1431283493732667,1.3764971801276014,PFM-1 (Butterfly)
2.37247067633208,1.395325368405134,PFM-1 (Butterfly)
2.5004863105343085,1.4019536763749163,PFM-1 (Butterfly)
2.7730727131221813,1.4445828983298339,PFM-1 (Butterfly)
2.976994006827943,1.2625482843134748,PFM-1 (Butterfly)
3.3252715010064584,1.0110724470007442,PFM-1 (Butterfly)
3.589383113430482,0.9432439212868556,PFM-1 (Butterfly)
3.761222615955003,0.7731721557213873,PFM-1 (Butterfly)
3.9899745858451667,0.6707200737156743,PFM-1 (Butterfly)
4.1209942407517905,0.4826942031521621,PFM-1 (Butterfly)
4.396047171604564,0.2695264028637615,PFM-1 (Butterfly)
5.274858083702668,0.11245666720618952,PFM-1 (Butterfly)
2.905285679170448,0.8276154765313175,PFM-1 (Butterfly)
-1.0759029770494724,-0.40968097666783904,PMA-2 (Starfish)
-0.8914314113473821,0.10864347422449148,PMA-2 (Starfish)
-0.4517487122309356,-0.1980088039112969,PMA-2 (Starfish)
-0.2530282738778289,-0.09102099994762256,PMA-2 (Starfish)
-0.12292858513906879,-0.038428883316184013,PMA-2 (Starfish)
0.138166998651031,-0.35887909276310254,PMA-2 (Starfish)
0.2433949154669472,-0.1811724878130943,PMA-2 (Starfish)
0.4477483233865823,-0.29395794761241456,PMA-2 (Starfish)
0.5969473008191372,-0.1610189277163528,PMA-2 (Starfish)
0.9921700634881935,-0.231731390325409,PMA-2 (Starfish)
1.1960915853101026,-0.16841111305789702,PMA-2 (Starfish)
1.3681295213460627,-0.07737042683876467,PMA-2 (Starfish)
1.6940939886225934,-0.20389676766968115,PMA-2 (Starfish)
1.8377725854955849,-0.11390434534428982,PMA-2 (Starfish)
2.081772203175841,-0.0831625658554983,PMA-2 (Starfish)
2.22038956967343,-0.06725375065308074,PMA-2 (Starfish)
2.428762621620465,-0.03552812457622157,PMA-2 (Starfish)
2.3302003658855823,-0.14881287324175965,PMA-2 (Starfish)
2.7111383371236824,0.049802476348745725,PMA-2 (Starfish)
3.0589121044942296,-0.006745216898604062,PMA-2 (Starfish)
3.0624813223419984,0.05393055154778635,PMA-2 (Starfish)
3.0519988121491277,-0.01649811348213547,PMA-2 (Starfish)
3.1468103844396373,0.1407541357468497,PMA-2 (Starfish)
3.373299048854316,0.15350815487008096,PMA-2 (Starfish)
3.3827081303447497,0.1998218408305277,PMA-2 (Starfish)
3.2992914396004616,0.17630810783397743,PMA-2 (Starfish)
2.997325052578706,0.1848551335808296,PMA-2 (Starfish)
2.72316603488088,0.003951420898127747,PMA-2 (Starfish)
2.1220232864924817,-0.15310441412215633,PMA-2 (Starfish)
1.6910128145909167,-0.09416051061448476,PMA-2 (Starfish)
1.4128798179361133,-0.22269050047145075,PMA-2 (Starfish)
0.9398226398732145,-0.14419546356093635,PMA-2 (Starfish)
0.7687428844032484,-0.14202553846084556,PMA-2 (Starfish)
0.8994696747742211,-0.24907314968506727,PMA-2 (Starfish)
0.7248205291133989,-0.22875713054910798,PMA-2 (Starfish)
0.6867832761894559,-0.23380330515425868,PMA-2 (Starfish)
0.7361772120825094,-0.1793839551051098,PMA-2 (Starfish)
0.7550777976868371,-0.11701435350621998,PMA-2 (Starfish)
1.0410824136674535,0.012168330395947731,PMA-2 (Starfish)
1.0733533193717792,0.012175302440319467,PMA-2 (Starfish)
1.259299328783987,-0.06320749069683772,PMA-2 (Starfish)
1.5506867045161354,0.0465889758904813,PMA-2 (Starfish)
2.0261087512277474,0.012872867929354877,PMA-2 (Starfish)
2.5755114557262764,0.0864708013032112,PMA-2 (Starfish)
3.2684719730957728,0.089873024740634,PMA-2 (Starfish)
3.903423054023046,0.18322194056867133,PMA-2 (Starfish)
2.3444709917378157,-0.19415003361476343,PMA-2 (Starfish)
0.9543362014018317,-0.41077074197099556,PMA-2 (Starfish)
0.6999360309843972,-0.4627490981909325,PMA-2 (Starfish)
0.6698240656875126,-0.4187044201617294,PMA-2 (Starfish)
0.3303231994683961,-0.511810276244999,PMA-2 (Starfish)
0.188724396640226,-0.44143684095515795,PMA-2 (Starfish)
0.2733991379127238,-0.5769672064777228,PMA-2 (Starfish)
0.16246880594459756,-0.55512559835607,PMA-2 (Starfish)
0.3904423229790095,-0.5887390164040833,PMA-2 (Starfish)
0.2928669088804626,-0.3169079864110271,PMA-2 (Starfish)
0.7253293701000276,-0.35857041879807555,PMA-2 (Starfish)
1.0120824337283976,-0.4450570930146104,PMA-2 (Starfish)
0.8947105392378578,-0.39010520094671947,PMA-2 (Starfish)
1.0041294245948897,-0.3442301741275746,PMA-2 (Starfish)
0.9585674058757179,-0.34082954590613534,PMA-2 (Starfish)
0.9669952246332726,-0.4923256371066825,PMA-2 (Starfish)
-1.0832657789260356,-0.37785351486040714,PFM-1 (Butterfly)
-0.504698696024848,-0.47965492930834774,PFM-1 (Butterfly)
-0.16882188352514194,-0.7970541993214764,PFM-1 (Butterfly)
0.13250398799415147,-0.964565773320124,PFM-1 (Butterfly)
0.3176682087287864,-0.8032637133471273,PFM-1 (Butterfly)
0.7748422131829714,-0.7200101668782988,PFM-1 (Butterfly)
1.631895634675861,-0.6464846133172205,PFM-1 (Butterfly)
1.8941051722254647,-0.5200775097307184,PFM-1 (Butterfly)
1.9451293449383693,-0.7609695228137632,PFM-1 (Butterfly)
2.476853171288176,-0.664120578753905,PFM-1 (Butterfly)
2.884235217147936,-0.6044856934220886,PFM-1 (Butterfly)
2.8314033261825555,-0.6447389035825624,PFM-1 (Butterfly)
2.8872063068443152,-0.5650105713399355,PFM-1 (Butterfly)
2.9367832140165633,-0.45015694307111365,PFM-1 (Butterfly)
3.4497937053117194,-0.46732271908395323,PFM-1 (Butterfly)
3.947846884655467,-0.22449214961628147,PFM-1 (Butterfly)
4.285312863092619,-0.1013621638990045,PFM-1 (Butterfly)
4.569822897585635,0.2958762670544871,PFM-1 (Butterfly)
4.57651644884339,0.6483730414653711,PFM-1 (Butterfly)
4.671988449918216,0.931624759365069,PFM-1 (Butterfly)
5.371601581878635,1.1324200331670005,PFM-1 (Butterfly)
6.425581497229123,1.456866912285022,PFM-1 (Butterfly)
3.912151336129762,1.1334626479025844,PFM-1 (Butterfly)
3.7469744359169033,0.5132668229388846,PFM-1 (Butterfly)
2.843971133297907,0.10978085651517162,PFM-1 (Butterfly)
2.439107211725965,-0.4262260579512746,PFM-1 (Butterfly)
2.1795669047382256,-0.5779827874463002,PFM-1 (Butterfly)
2.5146141620514593,0.19704348129521074,PFM-1 (Butterfly)
3.0484063391306218,-0.35396070648572614,PFM-1 (Butterfly)
4.147940349255109,0.1299232823547454,PFM-1 (Butterfly)
4.168229775869702,-0.027435816883867363,PFM-1 (Butterfly)
3.9610986834898667,-0.6902727403187193,PFM-1 (Butterfly)
3.0456355887240276,-0.8084087513854211,PFM-1 (Butterfly)
2.943121583772959,-0.9677276665431395,PFM-1 (Butterfly)
3.349364926532639,-0.6899175587730711,PFM-1 (Butterfly)
4.3825962674564884,-0.45602823995786645,PFM-1 (Butterfly)
4.164358250211409,-0.28313953094018635,PFM-1 (Butterfly)
4.276638552329768,-0.1957556763847984,PFM-1 (Butterfly)
4.224300452985451,-0.19354713911948024,PFM-1 (Butterfly)
3.4867403750858625,-0.05851468680986543,PFM-1 (Butterfly)
3.8994339016173054,-0.0480852022230216,PFM-1 (Butterfly)
4.423736156213684,0.022440726038019547,PFM-1 (Butterfly)
5.386841150876234,0.26540222040984884,PFM-1 (Butterfly)
5.176007514821798,0.5104345458828816,PFM-1 (Butterfly)
5.316988664695055,0.7984703389732519,PFM-1 (Butterfly)
4.2472408946242,0.8742341750895722,PFM-1 (Butterfly)
3.907618114087239,0.8786531263352283,PFM-1 (Butterfly)
2.8446887248863755,0.6397117603670021,PFM-1 (Butterfly)
2.399052568314338,0.26823135741382664,PFM-1 (Butterfly)
2.4937181354069873,0.5213703703688546,PFM-1 (Butterfly)
2.511772481028452,0.6155995016878871,PFM-1 (Butterfly)
2.5373755970608918,0.23298157746741624,PFM-1 (Butterfly)
2.1140085180574437,0.5233950202164255,PFM-1 (Butterfly)
2.373933000752521,0.5077722068418012,PFM-1 (Butterfly)
2.8536878902689775,0.47823337233342966,PFM-1 (Butterfly)
3.0773475804373462,0.712378360181753,PFM-1 (Butterfly)
3.145777728789109,1.0057245346814998,PFM-1 (Butterfly)
3.960259270367487,1.1439432159519958,PFM-1 (Butterfly)
4.226507220924641,1.4262337006769785,PFM-1 (Butterfly)
4.065773774923287,1.9988136396884728,PFM-1 (Butterfly)
4.741965595825387,2.108461304588518,PFM-1 (Butterfly)
3.1249590863916565,3.0334034341380223,PFM-1 (Butterfly)
-1.3850584933782664,-0.4197393507055596,PMA-2 (Starfish)
-1.440184976969464,-0.12919768765135956,PMA-2 (Starfish)
-1.611707029268693,0.7215947464199615,PMA-2 (Starfish)
-1.636174674932221,-0.034222727164079245,PMA-2 (Starfish)
-1.6693005990159036,-0.18049086181850138,PMA-2 (Starfish)
-1.4203852622295023,-0.16573237646430297,PMA-2 (Starfish)
-1.0455402844676618,-0.3679083747805386,PMA-2 (Starfish)
-0.9974558240438879,-0.38112574247873915,PMA-2 (Starfish)
-0.8568010227593714,-0.9864981132616022,PMA-2 (Starfish)
-0.7669079695323092,-0.5254058714421677,PMA-2 (Starfish)
-0.3833148178275058,-0.4358888370204913,PMA-2 (Starfish)
-0.36843069030275394,-0.715888509765492,PMA-2 (Starfish)
-0.04988321981774551,-0.9964463057317171,PMA-2 (Starfish)
0.21970966412737275,-0.5371839278501035,PMA-2 (Starfish)
0.16974241131007467,-0.4886845785445275,PMA-2 (Starfish)
0.43315450682526835,-0.6998446391555874,PMA-2 (Starfish)
0.8528900508961863,-0.5343004882130604,PMA-2 (Starfish)
1.076936341156095,-0.2502288452116767,PMA-2 (Starfish)
1.3671217362561339,-0.3923627919441164,PMA-2 (Starfish)
1.45063176295694,-0.10618485804867786,PMA-2 (Starfish)
1.5598439955652796,-0.37119855652499373,PMA-2 (Starfish)
1.6278837951700231,-0.15851187455599583,PMA-2 (Starfish)
1.6983061234325105,-0.39280561306388856,PMA-2 (Starfish)
1.6151788779273464,-0.2761788852140451,PMA-2 (Starfish)
1.7138116556064937,-0.14254586531484423,PMA-2 (Starfish)
1.6503268077745887,-0.28281730566123686,PMA-2 (Starfish)
1.6905620129463266,-0.19956043320457031,PMA-2 (Starfish)
1.701143802062192,-0.3790430978856228,PMA-2 (Starfish)
1.7301248818053607,-0.14239708728033862,PMA-2 (Starfish)
2.1775103548547854,-0.21185399852025935,PMA-2 (Starfish)
2.1195812794779463,0.09228368374004904,PMA-2 (Starfish)
2.47950504197461,-0.011151396433828929,PMA-2 (Starfish)
3.2603022263169237,-0.037210366453037984,PMA-2 (Starfish)
2.613240097202174,0.5073458004063379,PMA-2 (Starfish)
-0.9994555870047159,0.6243504843915505,PFM-1 (Butterfly)
-0.09477913583602167,-0.31090050881342535,PFM-1 (Butterfly)
-0.008961081066054023,-0.4560401245691844,PFM-1 (Butterfly)
0.19841398957663914,-0.3273882122639556,PFM-1 (Butterfly)
0.26149391874343886,-0.30816558531529603,PFM-1 (Butterfly)
0.7526155465624215,-0.27298641208994695,PFM-1 (Butterfly)
0.7593913808318881,-0.015220343601465488,PFM-1 (Butterfly)
0.9948237701793796,-0.07639496663629528,PFM-1 (Butterfly)
1.3174357207754175,0.1340803067195725,PFM-1 (Butterfly)
1.3959875372317452,0.21030091011122348,PFM-1 (Butterfly)
1.6920279169710182,0.38388114469344875,PFM-1 (Butterfly)
2.150189141793342,0.14139844595313633,PFM-1 (Butterfly)
2.1552311501121477,0.3551840274850482,PFM-1 (Butterfly)
2.3506517994417604,0.3399726603959145,PFM-1 (Butterfly)
2.5073428811057203,0.3003765281275246,PFM-1 (Butterfly)
2.689403296531891,0.5628544871228376,PFM-1 (Butterfly)
2.952204402890009,0.47432014219092905,PFM-1 (Butterfly)
3.6926638035717727,0.32226861379597904,PFM-1 (Butterfly)
3.6502126279803124,0.08263266043512699,PFM-1 (Butterfly)
4.063022639030028,0.04001495679384029,PFM-1 (Butterfly)
4.117771714769682,-0.26744331872873206,PFM-1 (Butterfly)
4.227006861342473,-0.3126216133040362,PFM-1 (Butterfly)
4.001735101921954,-0.42085819412799835,PFM-1 (Butterfly)
3.9391203893835667,-0.6720327475854954,PFM-1 (Butterfly)
3.9374581170953684,-0.7238911299555167,PFM-1 (Butterfly)
4.105960442232658,-0.6453882148330984,PFM-1 (Butterfly)
3.7989970465195215,-0.8284127664742903,PFM-1 (Butterfly)
2.8647367700628914,-0.7647954601634025,PFM-1 (Butterfly)
2.791655480394123,-0.8020840460673198,PFM-1 (Butterfly)
2.6014208232690583,-0.8715726721141555,PFM-1 (Butterfly)
2.1158097235050795,-1.0545293638174427,PFM-1 (Butterfly)
1.980867520855334,-0.9846097727964216,PFM-1 (Butterfly)
1.7039120004156514,-1.15104181973744,PFM-1 (Butterfly)
1.5637470757978826,-0.9785367501219664,PFM-1 (Butterfly)
1.6485272310207422,-0.9919939475797813,PFM-1 (Butterfly)
1.4773151975145327,-1.0411100351180889,PFM-1 (Butterfly)
1.686656787563613,-1.0446879034705447,PFM-1 (Butterfly)
1.730033075306493,-1.0377336817035567,PFM-1 (Butterfly)
2.253118755281596,-1.058353787563254,PFM-1 (Butterfly)
2.795022812941692,-0.9547559272254034,PFM-1 (Butterfly)
2.7954432404395004,-1.0779268933950314,PFM-1 (Butterfly)
3.265355581668689,-0.7082701684565618,PFM-1 (Butterfly)
3.620978753372338,-0.3198118230332348,PFM-1 (Butterfly)
3.981284392244228,-0.4090184069149459,PFM-1 (Butterfly)
4.332615149477447,-0.23579055139991953,PFM-1 (Butterfly)
5.271125266566402,0.013478506494221968,PFM-1 (Butterfly)
3.918474453084508,0.8618779112102262,PFM-1 (Butterfly)
0.8580620377870527,2.401340539574175,PFM-1 (Butterfly)
-0.27749728189242806,-0.34323236821811,PMA-2 (Starfish)
-0.17377702581322982,0.3848129770668887,PMA-2 (Starfish)
-0.3539563514063428,0.1530859401002061,PMA-2 (Starfish)
-0.4163861452251001,0.04832612643840913,PMA-2 (Starfish)
-0.34787037555517203,0.25369672000158205,PMA-2 (Starfish)
-0.023227536579340832,-0.04624158964416776,PMA-2 (Starfish)
0.32649493314723427,-0.3707671084754375,PMA-2 (Starfish)
0.5430270429931883,-0.38185021850452805,PMA-2 (Starfish)
0.21233970839668914,0.09151634195192432,PMA-2 (Starfish)
0.8919344849453326,-0.09084230924921285,PMA-2 (Starfish)
0.8950168848229013,0.2968464062511124,PMA-2 (Starfish)
1.1533620788616303,0.12647348747925682,PMA-2 (Starfish)
1.3978390354814796,0.13290980748182077,PMA-2 (Starfish)
1.7658531152706471,0.07606161691563826,PMA-2 (Starfish)
2.365689120409234,0.07743874376419162,PMA-2 (Starfish)
2.3567776730222127,0.0628365762536944,PMA-2 (Starfish)
2.2046324169506497,0.08714895120603042,PMA-2 (Starfish)
2.4097175555415227,-0.03854348945532516,PMA-2 (Starfish)
2.3730347149124857,-0.14245693480621643,PMA-2 (Starfish)
2.1037360663541085,-0.12274555888649907,PMA-2 (Starfish)
1.8989471025484483,-0.26944911573982816,PMA-2 (Starfish)
1.7128838151848824,-0.2031400257411932,PMA-2 (Starfish)
1.965524206466055,-0.20032081866235463,PMA-2 (Starfish)
1.8406713803802472,-0.1575232157553671,PMA-2 (Starfish)
2.168852605214761,-0.10372402963877489,PMA-2 (Starfish)
2.452406015961586,-0.04522261980924904,PMA-2 (Starfish)
2.4228734508722405,-0.17859367685022262,PMA-2 (Starfish)
2.6111805639780243,-0.09104238426619589,PMA-2 (Starfish)
2.6675715799112805,0.03176007010805355,PMA-2 (Starfish)
3.0514284532131293,0.06429910580458274,PMA-2 (Starfish)
3.5386711157295343,0.08491373885959745,PMA-2 (Starfish)
3.8690270715628587,0.02877803249688693,PMA-2 (Starfish)
1.0788653532244583,2.5445046071138284,PMA-2 (Starfish)
-0.7651219632602019,-0.48906255366727625,PFM-1 (Butterfly)
-0.25383437660940156,-0.4734221583658892,PFM-1 (Butterfly)
0.08742110693444005,-0.6534596825693572,PFM-1 (Butterfly)
0.6603826808030829,-0.9093478770646679,PFM-1 (Butterfly)
0.9569367905732511,-0.784821897661644,PFM-1 (Butterfly)
1.1012467217469435,-0.7266367295939803,PFM-1 (Butterfly)
1.28809972107653,-0.6254010827594292,PFM-1 (Butterfly)
1.5079270815025656,-0.5618715978102491,PFM-1 (Butterfly)
2.1481093172482364,-0.5060066515960733,PFM-1 (Butterfly)
2.1808536966337817,-0.43384876079019546,PFM-1 (Butterfly)
2.7816319894030204,-0.48628113502582404,PFM-1 (Butterfly)
3.03766687422678,-0.27706510454623184,PFM-1 (Butterfly)
2.876473405490968,-0.46916666051855355,PFM-1 (Butterfly)
2.9535201272123066,-0.3973654366019946,PFM-1 (Butterfly)
3.11342148623749,-0.39765408475178443,PFM-1 (Butterfly)
3.436462113861484,-0.31689583953027073,PFM-1 (Butterfly)
3.5170486935400938,-0.66121642431513,PFM-1 (Butterfly)
3.145047033671111,-0.8280558102819481,PFM-1 (Butterfly)
3.221540018836042,-0.6586908808852843,PFM-1 (Butterfly)
3.2410945746195856,-0.7724489923192217,PFM-1 (Butterfly)
3.0550426250323626,-0.7817559962892703,PFM-1 (Butterfly)
3.494061144548822,-0.7935279595273966,PFM-1 (Butterfly)
4.081156412773392,-0.6238685545650696,PFM-1 (Butterfly)
4.55191639383467,-0.4121364230071258,PFM-1 (Butterfly)
6.241243098518398,-0.2339841511143309,PFM-1 (Butterfly)
6.438023707767912,0.3988490536637681,PFM-1 (Butterfly)
5.212228528810889,0.5420383011750982,PFM-1 (Butterfly)
4.372618285448217,0.861188768967189,PFM-1 (Butterfly)
4.184102098506068,0.8021585678640972,PFM-1 (Butterfly)
3.6876900400990293,1.117245123315304,PFM-1 (Butterfly)
3.5312156462940556,1.191681514331027,PFM-1 (Butterfly)
3.2000087010682683,0.8302706268736922,PFM-1 (Butterfly)
3.005527815482528,0.8455744855149461,PFM-1 (Butterfly)
2.620823243001207,0.9281876164348125,PFM-1 (Butterfly)
2.42010995452298,0.8257459827851326,PFM-1 (Butterfly)
2.210006977117652,0.8122050034368733,PFM-1 (Butterfly)
1.9566492458616889,0.8138746028888485,PFM-1 (Butterfly)
2.062166540591366,0.6374437291905061,PFM-1 (Butterfly)
2.558414402566228,0.5198815383851669,PFM-1 (Butterfly)
2.4835053341315363,0.43967791633324604,PFM-1 (Butterfly)
2.4965173451669505,0.2336200600562005,PFM-1 (Butterfly)
2.606747631289593,-0.06144539611837101,PFM-1 (Butterfly)
2.7149622187497524,-0.24962218179884912,PFM-1 (Butterfly)
3.147395378261844,-0.34971709395429545,PFM-1 (Butterfly)
3.636441510297955,-0.34636803112331327,PFM-1 (Butterfly)
3.753142326352132,-0.6795711469979968,PFM-1 (Butterfly)
3.990839274840185,-0.555385108944374,PFM-1 (Butterfly)
-2.4915041452965587,0.03158198100089295,PMA-2 (Starfish)
-2.485170578801041,-0.21611285023432297,PMA-2 (Starfish)
-2.314354000916954,0.02864422374926822,PMA-2 (Starfish)
-1.615206386946762,-0.5835791562499365,PMA-2 (Starfish)
-1.15629528219897,-0.8617256609050321,PMA-2 (Starfish)
-0.5168295362019566,-0.38027196860726353,PMA-2 (Starfish)
-0.2504234658358705,-0.23656873506164358,PMA-2 (Starfish)
-0.09313718263734204,-0.3488463757710152,PMA-2 (Starfish)
0.3265646035190757,-0.2583173773956524,PMA-2 (Starfish)
0.7774839700423294,-0.1104988320823154,PMA-2 (Starfish)
0.8691794022185328,-0.055504642699653245,PMA-2 (Starfish)
1.0323722916266553,-0.09091648375181892,PMA-2 (Starfish)
1.2261276215696115,-0.13731958370857045,PMA-2 (Starfish)
1.3738549019428516,-0.106052945286306,PMA-2 (Starfish)
1.4971528563325196,-0.08103271259436487,PMA-2 (Starfish)
1.6157914177471924,-0.16783372993624976,PMA-2 (Starfish)
1.6903604281694073,-0.040606524724005645,PMA-2 (Starfish)
1.6718870537756114,-0.09231158551556168,PMA-2 (Starfish)
1.6652554762195462,-0.13419467166518068,PMA-2 (Starfish)
1.7715339847351697,-0.14159710539236453,PMA-2 (Starfish)
1.973849051635135,-0.07566412717233645,PMA-2 (Starfish)
2.3634481977969592,-0.029096534286206878,PMA-2 (Starfish)
2.610412134675864,-0.057486007228803225,PMA-2 (Starfish)
2.593160227827354,0.08093048882644431,PMA-2 (Starfish)
2.499140038480252,0.021036813461203698,PMA-2 (Starfish)
2.4824274035883747,-0.0230019505865076,PMA-2 (Starfish)
2.9210747242931316,-0.1201521376346846,PMA-2 (Starfish)
3.255978399598072,0.10022122059416039,PMA-2 (Starfish)
3.3904607109091107,0.08624067704965113,PMA-2 (Starfish)
-1.5573149392594388,2.4935557275355777,PFM-1 (Butterfly)
-0.6707253711258516,0.33489289956686497,PFM-1 (Butterfly)
-1.6866122561370522,1.6089081971793966,PFM-1 (Butterfly)
-1.0243750978701653,0.9361667943085884,PFM-1 (Butterfly)
-1.0371054766229633,0.9315666520495557,PFM-1 (Butterfly)
-0.012970756551374628,0.3480058017834055,PFM-1 (Butterfly)
0.24914403435782773,0.40603451305260524,PFM-1 (Butterfly)
0.17812624062665278,0.3862004854267643,PFM-1 (Butterfly)
0.342064609102578,0.3597022259260684,PFM-1 (Butterfly)
0.4049580788747206,0.6046119053010844,PFM-1 (Butterfly)
0.5860846459431435,0.5824142303702696,PFM-1 (Butterfly)
0.7797720998047322,0.764482064007263,PFM-1 (Butterfly)
1.2216236882175329,0.53926691943371,PFM-1 (Butterfly)
1.339058152554495,0.6601037930644982,PFM-1 (Butterfly)
1.30595371114584,0.5348436408737521,PFM-1 (Butterfly)
1.4542934257829014,0.5316065506732838,PFM-1 (Butterfly)
1.4915467849514996,0.741461567876418,PFM-1 (Butterfly)
1.6104401607069576,0.7871601802030295,PFM-1 (Butterfly)
1.8841887687923093,0.8289368899106424,PFM-1 (Butterfly)
2.13317390556656,0.9099893732128544,PFM-1 (Butterfly)
2.1956919016451724,0.8779855129291043,PFM-1 (Butterfly)
2.7291816982807138,0.7365993390905127,PFM-1 (Butterfly)
2.5169202684917833,0.7290142815680936,PFM-1 (Butterfly)
2.8364006454917963,0.7341800822245119,PFM-1 (Butterfly)
2.9706751492591805,0.6366045971424659,PFM-1 (Butterfly)
3.6262275036677996,0.7020366904337487,PFM-1 (Butterfly)
3.5886443403907804,0.6036469051586648,PFM-1 (Butterfly)
4.3262075022231885,0.5127150512461417,PFM-1 (Butterfly)
4.2419943662850415,0.48470730110701693,PFM-1 (Butterfly)
4.629326883166003,0.39396690003834917,PFM-1 (Butterfly)
3.3094817035549107,0.6684362852504361,PFM-1 (Butterfly)
2.7776250416171555,0.576394288214875,PFM-1 (Butterfly)
2.9235141850215736,-0.19250366483581394,PFM-1 (Butterfly)
3.3984698721563995,0.04025497958238417,PFM-1 (Butterfly)
2.359149357836614,-0.12452293376746337,PFM-1 (Butterfly)
3.3778738572479323,0.3663933360271542,PFM-1 (Butterfly)
1.8758206033458131,0.8614905863051673,PFM-1 (Butterfly)
2.7780976924483456,1.3076806772598444,PFM-1 (Butterfly)
5.223108968728839,0.3531690385993097,PFM-1 (Butterfly)
4.493328666593114,0.19174387048820815,PFM-1 (Butterfly)
4.067439729897186,0.2229794789399015,PFM-1 (Butterfly)
3.930587804123034,0.2723958050749595,PFM-1 (Butterfly)
3.902724533586895,0.23703255869185613,PFM-1 (Butterfly)
3.7392937446971746,0.3078700086918753,PFM-1 (Butterfly)
3.4473935277491674,0.27259831572746257,PFM-1 (Butterfly)
3.4877740050295394,0.34712070037344783,PFM-1 (Butterfly)
3.6241933044810803,0.3771240115590908,PFM-1 (Butterfly)
3.94675644300827,0.4982679138785084,PFM-1 (Butterfly)
3.8928152712383377,0.4443564295224574,PFM-1 (Butterfly)
4.352703325242852,0.6729738734558427,PFM-1 (Butterfly)
4.026604341538744,1.474354062666081,PFM-1 (Butterfly)
1.636555667407179,3.6583979081525126,PFM-1 (Butterfly)
-1.1243898879266554,-0.3634977298494051,PFM-1 (Butterfly)
-0.8177162155925805,-0.6391836267382396,PFM-1 (Butterfly)
-0.7585650871461761,-0.4451193556357131,PFM-1 (Butterfly)
-0.6156525122455463,-0.2613634919754739,PFM-1 (Butterfly)
-0.06391683242393295,-0.42675570524970635,PFM-1 (Butterfly)
0.12113179982876124,-0.33989653745146736,PFM-1 (Butterfly)
-0.04446409407500553,-0.1533055660256236,PFM-1 (Butterfly)
0.30179403927514176,-0.12269607291620589,PFM-1 (Butterfly)
0.5094474147006435,0.17292116638870036,PFM-1 (Butterfly)
0.6935928885712564,0.0009150705724398472,PFM-1 (Butterfly)
1.03926768709696,0.26172094219094993,PFM-1 (Butterfly)
1.4266617265297086,0.057813052998871774,PFM-1 (Butterfly)
1.2576384064892225,0.1957269849915837,PFM-1 (Butterfly)
1.3615100562381894,0.22673629987093602,PFM-1 (Butterfly)
1.420529247774088,0.4122354578433049,PFM-1 (Butterfly)
1.5330859283555889,0.31834304084268766,PFM-1 (Butterfly)
1.7588892588975722,0.3157526572299515,PFM-1 (Butterfly)
1.7558699608912403,0.6691639398339563,PFM-1 (Butterfly)
1.754287488108843,1.0144454555582694,PFM-1 (Butterfly)
1.6564811280966445,0.8771075645834505,PFM-1 (Butterfly)
2.0237010372016204,0.9081122004775094,PFM-1 (Butterfly)
2.214117491165567,0.8089959241266036,PFM-1 (Butterfly)
2.672519823481774,0.8858599373551809,PFM-1 (Butterfly)
3.0697717994627545,0.7905339539469093,PFM-1 (Butterfly)
3.0365689683757764,1.1111364633826568,PFM-1 (Butterfly)
3.21050837941596,0.9908982185375984,PFM-1 (Butterfly)
3.124975839026161,0.992646528883188,PFM-1 (Butterfly)
2.593723888209403,0.7248612791877577,PFM-1 (Butterfly)
2.3558780830308597,0.3414443917629132,PFM-1 (Butterfly)
1.9242824779983292,0.2278111368187228,PFM-1 (Butterfly)
2.0288375986173843,-0.10101360558569308,PFM-1 (Butterfly)
1.6761655830020146,0.03859646277713891,PFM-1 (Butterfly)
1.7161799455288593,0.10473906044126415,PFM-1 (Butterfly)
1.410346985074547,0.1504215775246217,PFM-1 (Butterfly)
1.2880109760866,0.2724373719283652,PFM-1 (Butterfly)
0.9584436540183578,0.07577504999871616,PFM-1 (Butterfly)
0.6670004225586164,0.26363826233577664,PFM-1 (Butterfly)
0.5035328027538359,0.31788702836650035,PFM-1 (Butterfly)
0.5454149580113162,0.2700355754734487,PFM-1 (Butterfly)
0.43071993409848774,-0.002839701772025861,PFM-1 (Butterfly)
0.6583258379195561,0.09266558955866964,PFM-1 (Butterfly)
0.6337171314988537,0.08360855435712228,PFM-1 (Butterfly)
0.9499983289401963,0.20344978451035273,PFM-1 (Butterfly)
1.216129190354758,0.07403371569633832,PFM-1 (Butterfly)
1.4080107139593177,0.22309181451092358,PFM-1 (Butterfly)
1.5639123639233583,-0.08653968144158689,PFM-1 (Butterfly)
1.9908062921518581,0.0940686330010554,PFM-1 (Butterfly)
2.510123900955825,-0.34535198982249193,PFM-1 (Butterfly)
-1.6037039076625557,-0.10187161885361809,PFM-1 (Butterfly)
-1.7245332565177804,0.5309251431447656,PFM-1 (Butterfly)
-1.436654983988298,-0.22252476684519784,PFM-1 (Butterfly)
-2.2386162725717127,1.6314046446653614,PFM-1 (Butterfly)
-1.448164881118792,0.5123804062579096,PFM-1 (Butterfly)
-1.210773808943059,-0.16137885539196,PFM-1 (Butterfly)
-1.2124857846471535,-0.27815192132303485,PFM-1 (Butterfly)
-1.0580710444317418,-0.19271555513461858,PFM-1 (Butterfly)
-0.8852183027265508,-0.24443254447168303,PFM-1 (Butterfly)
-0.6937733388898523,-0.3515425220420597,PFM-1 (Butterfly)
-0.6245183173585869,-0.23342092188477576,PFM-1 (Butterfly)
-0.4019181748368138,-0.3234723321699748,PFM-1 (Butterfly)
-0.31864078081391783,-0.4123464262979558,PFM-1 (Butterfly)
-0.1854274821369421,-0.3824902514466196,PFM-1 (Butterfly)
-0.047362655752692544,-0.484180861193523,PFM-1 (Butterfly)
0.22840660249881284,-0.5066824441820107,PFM-1 (Butterfly)
0.47452310818629595,-0.3500208823524362,PFM-1 (Butterfly)
0.6839862945411106,-0.5605314738611896,PFM-1 (Butterfly)
0.8732431377150036,-0.6152135993089697,PFM-1 (Butterfly)
0.9308191274224824,-0.7243861654257757,PFM-1 (Butterfly)
1.0996575950383702,-0.8015399917523471,PFM-1 (Butterfly)
1.5501921947050783,-0.8461091528059457,PFM-1 (Butterfly)
2.258971066470938,-0.779995044744806,PFM-1 (Butterfly)
2.9153359549751316,-0.7572692974979947,PFM-1 (Butterfly)
2.995743758257189,-0.7726115239500896,PFM-1 (Butterfly)
2.5552658313158956,-0.839635349683471,PFM-1 (Butterfly)
2.2161622334417115,-0.9082104525231307,PFM-1 (Butterfly)
2.154709786403025,-0.9761723796548105,PFM-1 (Butterfly)
2.105106001204103,-0.9731051034872168,PFM-1 (Butterfly)
2.018527422295641,-1.0644965049160522,PFM-1 (Butterfly)
2.0674995677768657,-0.9578322419583081,PFM-1 (Butterfly)
2.0433198177014327,-1.0058969922353893,PFM-1 (Butterfly)
2.1286445811253745,-0.9389521726915309,PFM-1 (Butterfly)
2.168026440651552,-1.0064185207857876,PFM-1 (Butterfly)
2.3832147730429347,-0.9562590595358709,PFM-1 (Butterfly)
2.4696789858006443,-0.9637361307372522,PFM-1 (Butterfly)
2.446535718496711,-1.0147146411868406,PFM-1 (Butterfly)
2.397086649495967,-1.0283038903704447,PFM-1 (Butterfly)
2.6929995247946867,-0.9394643148212637,PFM-1 (Butterfly)
2.7219965453345925,-0.8636213082509523,PFM-1 (Butterfly)
2.5801332522410982,-0.890903649399403,PFM-1 (Butterfly)
3.148190365578438,-0.807370338618294,PFM-1 (Butterfly)
4.1761965546622974,-0.6767806462643993,PFM-1 (Butterfly)
5.5127403869807505,-0.5653850401339597,PFM-1 (Butterfly)
3.906463421111511,0.15175776864012783,PFM-1 (Butterfly)
0.9141509847147475,2.9073460336730323,PFM-1 (Butterfly)
-0.9688750962664927,0.2135353561593949,PMA-2 (Starfish)
-0.3098219136760336,-0.06548086045147225,PMA-2 (Starfish)
0.014509276470062329,-0.14252462250668987,PMA-2 (Starfish)
0.6726809484597327,-0.18259378132225457,PMA-2 (Starfish)
1.0435351348073418,-0.33715932130696963,PMA-2 (Starfish)
1.2764108771789127,-0.1717601349799342,PMA-2 (Starfish)
1.4448624464686084,-0.03739906140325472,PMA-2 (Starfish)
1.58461839188598,-0.0496493239704316,PMA-2 (Starfish)
1.665882195336993,0.12950881493484298,PMA-2 (Starfish)
2.150885496721379,-0.09853843354299645,PMA-2 (Starfish)
2.065031178202305,-0.1566642230024598,PMA-2 (Starfish)
2.1143622601608385,0.034146732246947205,PMA-2 (Starfish)
2.1580286473267454,-0.06979402322980033,PMA-2 (Starfish)
1.9863912146728366,0.12814838662918307,PMA-2 (Starfish)
1.6936269380344953,0.2642186837567262,PMA-2 (Starfish)
2.2288490519659754,0.024260661310401218,PMA-2 (Starfish)
2.5947039834334147,0.19718655321498704,PMA-2 (Starfish)
3.3097280087968843,0.25966744671498715,PMA-2 (Starfish)
3.200108596850348,0.6352012423882373,PMA-2 (Starfish)
-2.265274276471782,1.759621515175438,PFM-1 (Butterfly)
-1.4379440805764254,-0.7183446909202031,PMA-2 (Starfish)
-2.1126438113911585,1.2638906769829303,PFM-1 (Butterfly)
-1.4168375768882162,-0.6402533288845422,PMA-2 (Starfish)
-2.3318403034011332,2.1526303857731826,PFM-1 (Butterfly)
-1.4245531747838536,-0.516022585723396,PMA-2 (Starfish)
-2.1288799070758153,1.5790259868789718,PFM-1 (Butterfly)
-1.3630041951177243,-0.5399409569721374,PMA-2 (Starfish)
-2.153842681436063,1.7462965763447968,PFM-1 (Butterfly)
-1.30888621270599,-0.5138237424525302,PMA-2 (Starfish)
-2.1093749793836922,1.8533047015745203,PFM-1 (Butterfly)
-1.2077263298369245,-0.6260947604106433,PMA-2 (Starfish)
-2.024746804827151,1.6114426721297062,PFM-1 (Butterfly)
-1.1814144823052828,-0.7062505084664202,PMA-2 (Starfish)
-2.0592370300111504,1.927739773226451,PFM-1 (Butterfly)
-1.1578520025435695,-0.6273285453653618,PMA-2 (Starfish)
-2.051371462776371,1.8586254115378018,PFM-1 (Butterfly)
-1.1642988872971718,-0.5945594414436876,PMA-2 (Starfish)
-2.0343975311328535,1.8116111065968301,PFM-1 (Butterfly)
-1.2035354657805488,-0.5905100046685107,PMA-2 (Starfish)
-1.9913485473702475,1.7183144343748291,PFM-1 (Butterfly)
-1.1948133640791954,-0.6155626158039788,PMA-2 (Starfish)
-2.052158352638063,1.9485173718220652,PFM-1 (Butterfly)
-1.1960524094958103,-0.6361341363002722,PMA-2 (Starfish)
-2.237343076778888,1.6968577402582767,PFM-1 (Butterfly)
-1.4218254447162515,-0.9400095108815436,PMA-2 (Starfish)
-2.0239334354770238,1.969865446563346,PFM-1 (Butterfly)
-1.1410930734694287,-0.654896982971163,PMA-2 (Starfish)
-2.125128649542251,2.1723664402216176,PFM-1 (Butterfly)
-1.2474578138323187,-0.4253857664873989,PMA-2 (Starfish)
-2.0535332605844268,2.0107675216275185,PFM-1 (Butterfly)
-1.1703730648924826,-0.576590892688239,PMA-2 (Starfish)
-1.9936885284086832,2.023684612921095,PFM-1 (Butterfly)
-1.1312745152532475,-0.5310490427464661,PMA-2 (Starfish)
-2.212207812141194,2.502908095535399,PFM-1 (Butterfly)
-1.1986410474509068,-0.5724093667193321,PMA-2 (Starfish)
-2.146050233744899,2.3472847233930647,PFM-1 (Butterfly)
-1.2196824277594691,-0.5184497947396436,PMA-2 (Starfish)
-1.2118890123945039,-0.5798036113897368,PMA-2 (Starfish)
-2.02754264719773,1.8965070153480852,PFM-1 (Butterfly)
-2.323634913761376,2.8728510804729877,PFM-1 (Butterfly)
-1.2582290396405489,-0.5793947253609311,PMA-2 (Starfish)
-2.233596227764238,2.298231645380233,PFM-1 (Butterfly)
-1.3266354627697674,-0.5773254524860171,PMA-2 (Starfish)
-2.233289802219058,2.5755010960231868,PFM-1 (Butterfly)
-1.2703338394754682,-0.26062879265866845,PMA-2 (Starfish)
-2.2142346178858583,1.6311062503697185,PFM-1 (Butterfly)
-1.4181696938549515,-0.8897526360092051,PMA-2 (Starfish)
-2.3335160530307455,2.9390849258061036,PFM-1 (Butterfly)
-1.2977401657964756,-0.5098205020712713,PMA-2 (Starfish)
-2.1548100992884303,2.331277056564183,PFM-1 (Butterfly)
-1.312109241363014,-0.545295816881895,PMA-2 (Starfish)
-2.0570971087689456,1.8665583421377299,PFM-1 (Butterfly)
-1.2474517840384733,-0.5510971341903635,PMA-2 (Starfish)
-2.0934473251437886,2.074089638852052,PFM-1 (Butterfly)
-1.221696165979247,-0.48230748864324713,PMA-2 (Starfish)
-2.0466062808951895,1.9090023683978214,PFM-1 (Butterfly)
-1.2828574308254617,-0.5457766506151513,PMA-2 (Starfish)
-2.0276013261146417,1.970380122931604,PFM-1 (Butterfly)
-1.2376706249548157,-0.43627702373483807,PMA-2 (Starfish)
-2.0279066897281974,2.108787629863195,PFM-1 (Butterfly)
-1.2111186625246946,-0.3756956281544281,PMA-2 (Starfish)
-2.0509914199601265,2.374576773107295,PFM-1 (Butterfly)
-1.7877157053802186,-0.7315457762396707,PMA-2 (Starfish)
-1.7937472286941838,0.09397039462253724,PFM-1 (Butterfly)
-1.7622246982866936,-0.7404329386068675,PMA-2 (Starfish)
-1.7864804482577938,-0.7655417275352402,PMA-2 (Starfish)
-1.7543659154544269,-0.5981898832873965,PMA-2 (Starfish)
-1.7140806284651973,-0.8067362079514254,PMA-2 (Starfish)
-1.8318305502975962,1.9847344144909915,PFM-1 (Butterfly)
-1.8020452911861187,2.1342147226058037,PFM-1 (Butterfly)
-1.6482806303556004,-0.17934526437234347,PMA-2 (Starfish)
-1.6435165587667961,-0.1368468964415581,PMA-2 (Starfish)
-1.655571005428205,-0.35002243687058193,PMA-2 (Starfish)
-1.6414547720542334,-0.3415969328914158,PMA-2 (Starfish)
-1.645262392757446,-0.5074899732090837,PMA-2 (Starfish)
-1.7520806047399193,-0.25338930044196406,PMA-2 (Starfish)
-1.9485651233423922,1.3306171121118158,PFM-1 (Butterfly)
-1.6762087203158709,-0.4450808566296699,PMA-2 (Starfish)
-1.6274921934880018,-0.6776364315217074,PMA-2 (Starfish)
-1.8184931360476566,0.8517292062135033,PFM-1 (Butterfly)
-1.7122771299656454,-0.660856257266314,PMA-2 (Starfish)
-2.076516716490252,1.5605785089475235,PFM-1 (Butterfly)
-1.682137062155868,-0.4846309511802847,PMA-2 (Starfish)
-1.909867096206069,1.0073484437396396,PFM-1 (Butterfly)
-2.2154852628532193,1.5498121276948995,PFM-1 (Butterfly)
-1.3758391847724851,-0.9457448919217204,PMA-2 (Starfish)
-1.8819133626249038,2.523906077713603,PFM-1 (Butterfly)
-1.7531381875757504,-0.3163469837260756,PMA-2 (Starfish)
-2.1249014406074216,1.8489934100881875,PFM-1 (Butterfly)
-1.6369800219896251,-0.6542398639126755,PMA-2 (Starfish)
-1.872565148634963,1.1746035563793864,PFM-1 (Butterfly)
-1.7199642636595502,-0.6865719369487365,PMA-2 (Starfish)
-1.8328741538123308,0.5289956822590884,PFM-1 (Butterfly)
-1.6771774653601599,-0.4399301167260622,PMA-2 (Starfish)
-1.870026661870306,0.8642496345982367,PFM-1 (Butterfly)
-1.6735212180435117,-0.6478381737376306,PMA-2 (Starfish)
-1.7872436234961535,0.5147113865705263,PFM-1 (Butterfly)
-1.57776972226063,-0.7691343412818239,PMA-2 (Starfish)
-1.9679508370536862,1.7030682391855245,PFM-1 (Butterfly)
-1.7165741302006265,-0.2881495812989708,PMA-2 (Starfish)
-1.986651915286012,1.4333283409040927,PFM-1 (Butterfly)
-1.6998523529329577,-0.2797594662381215,PMA-2 (Starfish)
-2.123594008061694,2.69388258783027,PFM-1 (Butterfly)
-1.6383376423889953,-0.5042989912914156,PMA-2 (Starfish)
-1.8107115340413475,1.764513156658175,PFM-1 (Butterfly)
-1.606136476025266,-0.6256134547036074,PMA-2 (Starfish)
-1.9622326623598931,2.185860514806023,PFM-1 (Butterfly)
-1.8746723754248245,2.5084364878649303,PFM-1 (Butterfly)
-1.5736385463862481,-0.6808283377642669,PMA-2 (Starfish)
-2.078812033320523,2.7338242353849753,PFM-1 (Butterfly)
-1.5743032324203463,-0.5733049202145852,PMA-2 (Starfish)
-2.152387030162288,3.076308684939046,PFM-1 (Butterfly)
-1.57155782968548,-0.6970903334175048,PMA-2 (Starfish)
-2.0314775761944914,2.4991118632809934,PFM-1 (Butterfly)
-1.5819647503804322,-0.7580944875814193,PMA-2 (Starfish)
-2.097528240623265,2.665445801973791,PFM-1 (Butterfly)
-1.5588217324143994,-0.6108734988545089,PMA-2 (Starfish)
-1.9856283778754513,2.5954267188939,PFM-1 (Butterfly)
-1.5042539104333572,-0.6515857525098879,PMA-2 (Starfish)
-1.8494227992891925,1.965306264724965,PFM-1 (Butterfly)
-1.4554490499826631,-0.7362283070775649,PMA-2 (Starfish)
-1.767643438995547,1.7989992681697236,PFM-1 (Butterfly)
-1.4486677882242718,-0.5312789721193308,PMA-2 (Starfish)
-1.7070834468999017,1.685791307641818,PFM-1 (Butterfly)
-1.461086952930954,-0.7278544931313443,PMA-2 (Starfish)
-1.8507064192163023,2.2305124466652226,PFM-1 (Butterfly)
-1.4588791581442704,-0.6734065629226453,PMA-2 (Starfish)
-1.6601217602601712,1.6651100821053495,PFM-1 (Butterfly)
-1.7324572308525368,2.2730383712721456,PFM-1 (Butterfly)
-1.413244044421505,-0.6721280495352673,PMA-2 (Starfish)
-1.661646856563397,0.8748438276374771,PFM-1 (Butterfly)
-1.391980324544384,-0.6468702462713167,PMA-2 (Starfish)
-1.721165154233459,1.1438034943618618,PFM-1 (Butterfly)
-1.382167196816328,-0.688611006795496,PMA-2 (Starfish)
-1.5476026498980762,0.5568946183146443,PFM-1 (Butterfly)
-1.3955406493742661,-0.631658936685091,PMA-2 (Starfish)
-1.5871821986045112,0.7176747818590541,PFM-1 (Butterfly)
-1.3357986956221493,-0.7450928905892824,PMA-2 (Starfish)
-1.7760210950663686,2.3899282458902182,PFM-1 (Butterfly)
-1.4056948237252034,-0.5897637975336908,PMA-2 (Starfish)
-1.9300872141295526,2.621900734048692,PFM-1 (Butterfly)
-1.2896201061441175,-0.755923719309646,PMA-2 (Starfish)
-1.8023775138466926,2.2592615904251563,PFM-1 (Butterfly)
-1.3187905007286915,-0.6480421603510517,PMA-2 (Starfish)
-1.6813615059674418,1.8376702958278726,PFM-1 (Butterfly)
-1.224586565785307,-0.5842255045923628,PMA-2 (Starfish)
-1.6307151937371172,2.0034975138391475,PFM-1 (Butterfly)
-1.2372393359135274,-0.7033181990510687,PMA-2 (Starfish)
-1.7392542865502527,2.3488054518414,PFM-1 (Butterfly)
-1.7193718524606212,2.3260708458441806,PFM-1 (Butterfly)
-1.2381690980284736,-0.6065235263648513,PMA-2 (Starfish)
-1.7487454293400713,2.2573581412592696,PFM-1 (Butterfly)
-1.2417876190169714,-0.587612727538192,PMA-2 (Starfish)
-1.868799418683943,2.7079924235453183,PFM-1 (Butterfly)
-1.2300171037202419,-0.686545855597384,PMA-2 (Starfish)
-1.9277524436899005,2.728995278442864,PFM-1 (Butterfly)
-1.3440269386192276,-0.4976176897492409,PMA-2 (Starfish)
-1.9797865766641383,2.497879986832159,PFM-1 (Butterfly)
-1.2812079233914153,-0.6993686508175798,PMA-2 (Starfish)
-1.9791452399825622,2.3606020319635803,PFM-1 (Butterfly)
-1.2016005999616393,-0.6532894789590403,PMA-2 (Starfish)
-1.9413229787778885,2.554547346026742,PFM-1 (Butterfly)
-1.158799770859057,-0.5584069829721002,PMA-2 (Starfish)
-1.8473345170231816,2.4218969312036376,PFM-1 (Butterfly)
-1.1520737139205999,-0.513825169434987,PMA-2 (Starfish)
-1.802090722620585,2.1306517064268133,PFM-1 (Butterfly)
-1.2000704767822232,-0.44661218534829744,PMA-2 (Starfish)
-1.8946195312760377,2.390355955808866,PFM-1 (Butterfly)
-1.1166351321950292,-0.6188809134922544,PMA-2 (Starfish)
-1.9841961542846398,2.132635221710336,PFM-1 (Butterfly)
-1.757487366718293,2.5684532036477847,PFM-1 (Butterfly)
-0.9492657230745362,-0.5648591222173275,PMA-2 (Starfish)
-1.918597980069937,2.2489580137423886,PFM-1 (Butterfly)
-0.9905585759997378,-0.6105986180218816,PMA-2 (Starfish)
-1.8884646184738922,2.1863277506224814,PFM-1 (Butterfly)
-0.8739814005338049,-0.57279293718206,PMA-2 (Starfish)
-1.940052992430142,2.603690950606922,PFM-1 (Butterfly)
-0.7446500964691162,-0.5270132540772998,PMA-2 (Starfish)
-1.9231878487747358,2.5789317466747894,PFM-1 (Butterfly)
-0.7824510025348569,-0.5489908670096121,PMA-2 (Starfish)
-1.6858920746658548,1.6250198870141297,PFM-1 (Butterfly)
-0.7207905496297371,-0.5073674717381829,PMA-2 (Starfish)
-1.8782774048854805,2.725102354349801,PFM-1 (Butterfly)
-0.6538233880082951,-0.5250627300944339,PMA-2 (Starfish)
-1.798395887365659,2.560402895948889,PFM-1 (Butterfly)
-0.5962208369149621,-0.4273757657409823,PMA-2 (Starfish)
-1.7483245511070424,2.3833737520511615,PFM-1 (Butterfly)
-0.50464550082366,-0.4920564952050686,PMA-2 (Starfish)
-1.598846123382121,1.7895987796479893,PFM-1 (Butterfly)
-0.4239232079478667,-0.5010830139740436,PMA-2 (Starfish)
-1.6408269337326324,2.1024514265164256,PFM-1 (Butterfly)
-1.7174057751618887,2.416372865043996,PFM-1 (Butterfly)
-0.3122308077324117,-0.5034242681327932,PMA-2 (Starfish)
-1.6541479290602745,2.191908589253079,PFM-1 (Butterfly)
-0.29303081795858194,-0.5373224752581179,PMA-2 (Starfish)
-1.7397558839758176,2.546416180512767,PFM-1 (Butterfly)
-0.21180816483541617,-0.5210409269785723,PMA-2 (Starfish)
-1.5376247430396675,1.9926512237055187,PFM-1 (Butterfly)
-0.15064910829506228,-0.38482981662254445,PMA-2 (Starfish)
-1.5054028584376498,2.035308904909052,PFM-1 (Butterfly)
0.052189914439498664,-0.460194178588962,PMA-2 (Starfish)
-1.6240626856435931,2.7785017853661964,PFM-1 (Butterfly)
0.09555092837089565,-0.21999822794213164,PMA-2 (Starfish)
-1.5237228939695309,2.3562612991502463,PFM-1 (Butterfly)
0.13737129204030532,-0.5904498599564617,PMA-2 (Starfish)
-1.47277549930013,2.299858304534682,PFM-1 (Butterfly)
0.21233018253529204,-0.9081335619442786,PMA-2 (Starfish)
-1.4824165668783318,2.6368189176425183,PFM-1 (Butterfly)
-0.2464620088586437,-1.2067471476100964,PMA-2 (Starfish)
-1.4397445007307432,2.503260888502429,PFM-1 (Butterfly)
-0.4450969322097727,-1.6893714869668868,PMA-2 (Starfish)
-1.3482247665694513,2.375815441614526,PFM-1 (Butterfly)
-1.6699402580619138,2.5948894060637415,PFM-1 (Butterfly)
-1.305501997616772,2.2557164404937247,PFM-1 (Butterfly)
-1.2316216894664624,2.3129954872685206,PFM-1 (Butterfly)
-1.2776832931809332,2.62320866103472,PFM-1 (Butterfly)
-1.164299229181925,2.3079170797274786,PFM-1 (Butterfly)
-1.1429218662326404,2.5307687552728653,PFM-1 (Butterfly)
-0.673588903966335,1.5972221729635192,PFM-1 (Butterfly)
-0.7550123846210063,2.0063849577426573,PFM-1 (Butterfly)
-0.804703678634617,2.027058137506515,PFM-1 (Butterfly)
-0.6341245286549371,0.41320019471636305,PFM-1 (Butterfly)
-0.644276273931617,0.657472354495975,PFM-1 (Butterfly)
-1.531686089726316,2.012357052694046,PFM-1 (Butterfly)
-0.4243503789974698,1.1252049662984482,PFM-1 (Butterfly)
-0.5254980463968064,-0.04626987197415174,PFM-1 (Butterfly)
-0.7966384886367336,-0.36682565692387253,PFM-1 (Butterfly)
-0.6035103796163289,-0.3587522778410057,PFM-1 (Butterfly)
-0.4314767552359209,-0.7176434975579832,PFM-1 (Butterfly)
-0.7814921981020242,-1.054306764886483,PFM-1 (Butterfly)
-1.6317691854588334,2.5665005212539413,PFM-1 (Butterfly)
-1.5655468132387655,2.502829286723401,PFM-1 (Butterfly)
-2.366514319652863,2.138871498426796,PFM-1 (Butterfly)
-1.4272441050013491,-1.0113143249169987,PMA-2 (Starfish)
-1.528699772559271,2.331065793513315,PFM-1 (Butterfly)
-1.450931016567838,2.335417271293698,PFM-1 (Butterfly)
-1.3454227697525765,2.196557898653368,PFM-1 (Butterfly)
-1.4760439694564935,2.503291751827007,PFM-1 (Butterfly)
-1.3229616869194123,2.204982665161877,PFM-1 (Butterfly)
-1.4717725003221516,2.894908735428715,PFM-1 (Butterfly)
-1.3546814823950073,2.3666466057175954,PFM-1 (Butterfly)
-1.1850318344877124,2.0921141551211586,PFM-1 (Butterfly)
-1.2396438968167545,2.3504292490732235,PFM-1 (Butterfly)
-1.2493771452594913,2.6014198837500078,PFM-1 (Butterfly)
-2.233425511927683,1.6721722214362433,PFM-1 (Butterfly)
-1.4387608492556172,-0.9075970858147332,PMA-2 (Starfish)
-1.1509021719461632,2.4882892407326587,PFM-1 (Butterfly)
-1.2512538003476334,2.772418484737261,PFM-1 (Butterfly)
-1.0800649313239976,2.550169326518247,PFM-1 (Butterfly)
-0.8749921072608582,2.363084169378261,PFM-1 (Butterfly)
-0.9308307313406162,2.519530472338072,PFM-1 (Butterfly)
-0.8882036272940476,2.4517303593887836,PFM-1 (Butterfly)
-0.6662501823948737,2.421993507099676,PFM-1 (Butterfly)
-0.7129583810076086,2.9235226502177287,PFM-1 (Butterfly)
-0.5713752796851009,2.756370303482581,PFM-1 (Butterfly)
-0.40192957363903464,2.6943395286818124,PFM-1 (Butterfly)
-2.158083267892269,1.4330841553430786,PFM-1 (Butterfly)
-1.4486235287358864,-0.738025758150178,PMA-2 (Starfish)
-0.16650495203525315,2.5817092968617263,PFM-1 (Butterfly)
-0.06766846107569084,2.6654240129198703,PFM-1 (Butterfly)
-0.1432773236635404,2.2319323525361194,PFM-1 (Butterfly)
0.010014491424980529,0.31834782593317434,PFM-1 (Butterfly)
-0.40468980182888475,0.7026085713247525,PFM-1 (Butterfly)
-0.3781738833585459,-0.23187973985365484,PFM-1 (Butterfly)
-0.4072943340751378,-1.0097812799936947,PFM-1 (Butterfly)
-2.186699000820747,1.54421360145996,PFM-1 (Butterfly)
-1.4305206295490263,-0.6756369036059243,PMA-2 (Starfish)
-2.2352567453023306,1.8755956508486609,PFM-1 (Butterfly)
-1.3995720956549316,-0.5518876299137176,PMA-2 (Starfish)
1.030031381906105,-0.19882995088096464,PMA-2 (Starfish)
0.9441605095978134,-0.71358946152365,PMA-2 (Starfish)
0.9072140257956502,-0.8542605987906735,PMA-2 (Starfish)
0.32563816634411036,-1.2090675152774355,PMA-2 (Starfish)
-1.4734751271700304,0.32854792618270356,PFM-1 (Butterfly)
-1.3480654148363174,-0.08456946622435722,PFM-1 (Butterfly)
-1.2856624226491602,-0.19248526277029504,PFM-1 (Butterfly)
-1.0587724099318927,-0.5054004544389726,PFM-1 (Butterfly)
-0.9740445374587259,-0.5144403256315275,PFM-1 (Butterfly)
-0.973429502910326,-0.19618531624814362,PFM-1 (Butterfly)
-0.9592473384438934,-0.12759819234731537,PFM-1 (Butterfly)
-0.5425968474998647,-0.6456411149731061,PFM-1 (Butterfly)
-0.6554862586378197,-0.3773188609544959,PFM-1 (Butterfly)
-0.451688460509673,-0.572545082342378,PFM-1 (Butterfly)
-0.3184640235126889,-0.6540287532219583,PFM-1 (Butterfly)
-0.13304515551228557,-0.7148144117443537,PFM-1 (Butterfly)
-0.1596651592483258,-0.7096580774494923,PFM-1 (Butterfly)
0.15798030651394274,-0.6232399322978524,PFM-1 (Butterfly)
0.2736116796777531,-0.773853779622161,PFM-1 (Butterfly)
0.25769539247737594,-0.5614767596644563,PFM-1 (Butterfly)
0.8012589178329117,-0.6214659710686121,PFM-1 (Butterfly)
1.1319614516704286,-0.599948627072444,PFM-1 (Butterfly)
1.8469118915769938,-0.49182356989511766,PFM-1 (Butterfly)
0.09239188019448176,-1.0046848160867445,PFM-1 (Butterfly)
-2.6415630294530863,1.1903133379317958,PFM-1 (Butterfly)
-2.47683097234406,1.0438625337469247,PFM-1 (Butterfly)
-2.401162423773564,1.2682743336526219,PFM-1 (Butterfly)
-2.573489028385796,1.8193642567531707,PFM-1 (Butterfly)
-2.876102247354805,3.0967771773962776,PFM-1 (Butterfly)
-2.3209160167986527,1.262593304994037,PFM-1 (Butterfly)
-2.2372941563692175,0.7898883373502836,PFM-1 (Butterfly)
-2.196362984838796,1.0997614769450217,PFM-1 (Butterfly)
-2.361648948423575,1.5481196112442999,PFM-1 (Butterfly)
-2.352375277408403,1.8120072229255648,PFM-1 (Butterfly)
-2.1726421281266903,1.234311685741726,PFM-1 (Butterfly)
-2.161106004708786,1.1674864362053123,PFM-1 (Butterfly)
-2.1541144633049307,1.2930074314412108,PFM-1 (Butterfly)
-2.2204993556524513,1.8501526570917652,PFM-1 (Butterfly)
-2.262487707898758,1.8441989035827522,PFM-1 (Butterfly)
-2.1618737170515296,1.8994784437147523,PFM-1 (Butterfly)
-2.065156596214383,1.3979698017604705,PFM-1 (Butterfly)
-2.10593885075078,1.5761706550369727,PFM-1 (Butterfly)
-2.1708422199224064,1.6206273027781914,PFM-1 (Butterfly)
-2.430251895981867,2.3563723793581435,PFM-1 (Butterfly)
-2.1183313758251634,1.4282128291491831,PFM-1 (Butterfly)
-2.0866949893428255,1.494424647024843,PFM-1 (Butterfly)
-1.9894305619326602,1.4351252192692727,PFM-1 (Butterfly)
-1.8966312215516636,1.5617466492769292,PFM-1 (Butterfly)
-1.8477500121775656,1.5460045738192816,PFM-1 (Butterfly)
-1.815602899687464,1.0012195006821425,PFM-1 (Butterfly)
-1.9667236173501406,1.6625597799470282,PFM-1 (Butterfly)
-1.8221870826800943,1.5030637368138564,PFM-1 (Butterfly)
-1.7179830919458567,1.3553421361106393,PFM-1 (Butterfly)
-1.6163732114661857,1.1553427066569453,PFM-1 (Butterfly)
-1.4765654595079176,0.8990680928129117,PFM-1 (Butterfly)
-1.5058597818009218,1.1063439329894886,PFM-1 (Butterfly)
-1.4364633819010988,1.139868532879202,PFM-1 (Butterfly)
-1.19874858284543,1.3020291141927038,PFM-1 (Butterfly)
-0.8720122205357651,0.6850946483537013,PFM-1 (Butterfly)
-0.8450681835607483,1.1714212123962053,PFM-1 (Butterfly)
-0.623546783925409,0.705342343996309,PFM-1 (Butterfly)
-0.5680343289488105,1.095582826886933,PFM-1 (Butterfly)
-0.8144782905073465,-0.7091205397651291,PFM-1 (Butterfly)
-1.633130056014392,-0.9519957956450639,PMA-2 (Starfish)
-1.5332152369701944,-1.172579180953502,PMA-2 (Starfish)
-1.5484522657787494,-1.0185447657893005,PMA-2 (Starfish)
-1.470444846034983,-1.0281832387423933,PMA-2 (Starfish)
-1.4896747192418445,-0.8547744041319132,PMA-2 (Starfish)
-1.4492726566476997,-0.8162655852790647,PMA-2 (Starfish)
-1.3669326083550517,-0.6870085261095443,PMA-2 (Starfish)
-1.294218305414578,-0.7765275008700103,PMA-2 (Starfish)
-1.2529079038692408,-0.7923781508795876,PMA-2 (Starfish)
-1.196731883264329,-0.7420104902521525,PMA-2 (Starfish)
-1.0903187970533466,-0.6176432380824993,PMA-2 (Starfish)
-1.0262445956117798,-0.7250328472116612,PMA-2 (Starfish)
-0.9110539001709438,-0.45817760638127986,PMA-2 (Starfish)
-0.8267195596808509,-0.6313529364644977,PMA-2 (Starfish)
-0.8003015048112037,-0.5776374891850624,PMA-2 (Starfish)
-0.620718713343198,-0.5317457827873062,PMA-2 (Starfish)
-0.4683643939002773,-0.5386951960740937,PMA-2 (Starfish)
-0.40865820843865186,-0.24993223093889663,PMA-2 (Starfish)
-0.13671168972227546,-0.3901866303656869,PMA-2 (Starfish)
-0.06878679304441515,-0.24213876187666583,PMA-2 (Starfish)
0.018826768038208146,-0.23106272225665353,PMA-2 (Starfish)
0.37045578471145535,-0.4066663099410922,PMA-2 (Starfish)
0.5489682221913398,-0.2299866851865814,PMA-2 (Starfish)
1.0809361569713378,-0.2811842692199068,PMA-2 (Starfish)
1.6829977152114683,-0.17251808037583058,PMA-2 (Starfish)
2.3543003106968956,-0.3062784126512521,PMA-2 (Starfish)
0.839312669647112,-1.3598966376699895,PMA-2 (Starfish)
-2.1364427856464907,-1.3344653577844772,PMA-2 (Starfish)
-2.0824241793481093,-1.4061390383271226,PMA-2 (Starfish)
-1.9341927175575484,-1.3262986890532045,PMA-2 (Starfish)
-1.8689924081390807,-1.1214512664008598,PMA-2 (Starfish)
-1.7375536221214718,-1.1949969699870788,PMA-2 (Starfish)
-1.7786802481943211,-1.1196086295471346,PMA-2 (Starfish)
-1.812491367631791,-1.1212488504576676,PMA-2 (Starfish)
-1.817178918785268,-1.2847075392745644,PMA-2 (Starfish)
-1.6464663950298382,-0.7632751859709864,PMA-2 (Starfish)
-1.5798333864522895,-0.59829567131283,PMA-2 (Starfish)
-1.5227368030189372,-0.4726511689688628,PMA-2 (Starfish)
-1.5657121916307764,-0.5324268932190133,PMA-2 (Starfish)
-1.5160483054616813,-0.640673352406195,PMA-2 (Starfish)
-1.4568260302441955,-0.630803562488551,PMA-2 (Starfish)
-1.4373138083312362,-0.708401669991005,PMA-2 (Starfish)
-1.4393800573320645,-0.5080805387087424,PMA-2 (Starfish)
-1.4422894769881967,-0.6185012573815606,PMA-2 (Starfish)
-1.468590120037579,-0.597433859724792,PMA-2 (Starfish)
-1.3829240677723897,-0.29232190587509177,PMA-2 (Starfish)
-1.410723599338372,-0.47840012611230437,PMA-2 (Starfish)
-1.269128055377602,-0.6479570377099831,PMA-2 (Starfish)
-1.49859929344639,-1.1051882046148975,PMA-2 (Starfish)
-1.3513817605758718,-1.2377789438249278,PMA-2 (Starfish)
-0.9223363500371831,-0.3879111546297931,PMA-2 (Starfish)
-0.7257564826862086,-0.38289859368569706,PMA-2 (Starfish)
-0.5406208442273367,-0.43041163034494156,PMA-2 (Starfish)
-0.4345326844220184,-0.5065048178730639,PMA-2 (Starfish)
-0.30723828250614277,-0.5139040620160071,PMA-2 (Starfish)
-0.20041216270109266,-0.5606373694713038,PMA-2 (Starfish)
0.009743922493155345,-0.4104756643758072,PMA-2 (Starfish)
0.16437213541319318,-0.4103594043928868,PMA-2 (Starfish)
0.4595671240154321,-0.31715931185323587,PMA-2 (Starfish)
0.892163162689522,-0.32337702914652444,PMA-2 (Starfish)
-0.7215688234789422,-0.6956223074808717,PMA-2 (Starfish)
-0.6762873740290836,-0.7513436991298521,PMA-2 (Starfish)
-0.6077398950467442,-0.6870719577204969,PMA-2 (Starfish)
-0.6005795614859196,-0.7505634274198019,PMA-2 (Starfish)
-0.5256556160076762,-0.6939677058555432,PMA-2 (Starfish)
-0.5738369748691694,-0.7615159510143332,PMA-2 (Starfish)
-0.6005887409306914,-0.7633231546248601,PMA-2 (Starfish)
-0.5479356384329843,-0.7622151989387591,PMA-2 (Starfish)
-0.5472156980565167,-0.8049336784611335,PMA-2 (Starfish)
-0.6386210721088215,-1.2627389825308948,PMA-2 (Starfish)
-0.9528675729831746,-1.542510544943541,PMA-2 (Starfish)
-0.66947385604681,-0.7186820705453723,PMA-2 (Starfish)
-0.7918353813301842,-1.595020458248,PMA-2 (Starfish)
-2.4543333275898895,3.0275293730406885,PFM-1 (Butterfly)
-2.5378857128903345,3.5348579826064785,PFM-1 (Butterfly)
-0.5743329306626437,-0.7505532841261097,PMA-2 (Starfish)
-1.9490882349225822,1.0069277160133283,PFM-1 (Butterfly)
-1.9848797530799804,1.457294626985791,PFM-1 (Butterfly)
-2.007608015912924,1.4410825610838858,PFM-1 (Butterfly)
-1.9437580527944074,1.5337295817758416,PFM-1 (Butterfly)
-1.847111360700925,1.4337581683375629,PFM-1 (Butterfly)
-1.8915330139016873,1.500546389537793,PFM-1 (Butterfly)
-1.9632168992346344,1.7706388045044834,PFM-1 (Butterfly)
-1.8200632046602316,1.471869325655983,PFM-1 (Butterfly)
-1.86892770617529,1.9590268677417484,PFM-1 (Butterfly)
-1.7145824242228782,1.0837368656203323,PFM-1 (Butterfly)
-0.5685161977348663,-0.7501584216388122,PMA-2 (Starfish)
-1.9721813098931271,2.0007563453881616,PFM-1 (Butterfly)
-1.862930814058946,1.5564206464231074,PFM-1 (Butterfly)
-1.6996317567951003,1.1964263655990328,PFM-1 (Butterfly)
-1.908393480916733,2.460580521983198,PFM-1 (Butterfly)
-1.755207390079462,2.0950934134541455,PFM-1 (Butterfly)
-1.6691115307004336,2.4209543940030445,PFM-1 (Butterfly)
-1.3201354426848877,1.450698507813356,PFM-1 (Butterfly)
-1.7306466721066527,3.2455872213298593,PFM-1 (Butterfly)
-1.6542432918933578,2.7220761317808955,PFM-1 (Butterfly)
-1.6091911474888962,2.6442708059179387,PFM-1 (Butterfly)
-0.6128359489245089,-0.7624891568411237,PMA-2 (Starfish)
-1.5093961903983508,1.5664623314778647,PFM-1 (Butterfly)
-1.7504426866878366,1.0639469180674426,PFM-1 (Butterfly)
-0.5719502424784408,-0.7995175812983398,PMA-2 (Starfish)
-1.497925915099642,-0.9777540532662169,PFM-1 (Butterfly)
-0.8279495361290204,0.4139712654986623,PFM-1 (Butterfly)
-1.026538196450535,0.7883828583293332,PFM-1 (Butterfly)
-1.4315328892424481,-1.25324496029978,PFM-1 (Butterfly)
0.8116097832101716,2.086559035236881,PFM-1 (Butterfly)
0.9913703013273926,2.086131187780023,PFM-1 (Butterfly)
1.4619367832919865,1.9638664901742402,PFM-1 (Butterfly)
2.07156438577714,2.0197865609042744,PFM-1 (Butterfly)
-0.62371144082429,-0.7419018636509045,PMA-2 (Starfish)
2.3828968151441736,1.546844566791071,PFM-1 (Butterfly)
2.93051171040152,0.8540498051883731,PFM-1 (Butterfly)
-0.6281475790126931,-0.7808633616367486,PMA-2 (Starfish)
-0.609358922466194,-0.7097846105873241,PMA-2 (Starfish)
-1.7558495741850695,0.7390865913362362,PFM-1 (Butterfly)
-1.7941895235127594,-0.5036473693889113,PFM-1 (Butterfly)
-1.3115828549063813,-0.26572640605212805,PFM-1 (Butterfly)
-1.3181119189998218,-4.2059993551262676e-06,PFM-1 (Butterfly)
-1.1046155361277845,-0.1415286620905572,PFM-1 (Butterfly)
-1.020336613202522,-0.07021352072597752,PFM-1 (Butterfly)
-0.8348762110804882,-0.07282400373764117,PFM-1 (Butterfly)
-1.9015742847714452,0.26425542688848375,PFM-1 (Butterfly)
-1.8461602354186908,0.19129775214281391,PFM-1 (Butterfly)
-1.7848360124831044,0.11517477750948928,PFM-1 (Butterfly)
-1.7503388589368383,-0.09058609819132901,PFM-1 (Butterfly)
-1.8334758463912182,-0.07750903361051309,PFM-1 (Butterfly)
-1.750013498301235,-0.27921670486520694,PFM-1 (Butterfly)
-1.611030674964472,-0.3673611515629482,PFM-1 (Butterfly)
-0.8127118597480701,-0.06297590793272397,PFM-1 (Butterfly)
-1.7073021958654369,-0.2885842081297919,PFM-1 (Butterfly)
-1.6099615159323077,-0.2954612692724723,PFM-1 (Butterfly)
-1.5489523344292289,-0.09208207825542103,PFM-1 (Butterfly)
-1.4522254174575409,-0.2535228754829784,PFM-1 (Butterfly)
-1.4726218773322315,-0.16634413228726716,PFM-1 (Butterfly)
-1.5683015411247176,-0.06395313072998152,PFM-1 (Butterfly)
-1.5384418080897397,-0.2949269829594865,PFM-1 (Butterfly)
-1.4124779862516206,-0.6068216471237684,PFM-1 (Butterfly)
-1.3369142688151274,-0.5433840459003721,PFM-1 (Butterfly)
-1.2500331042056276,-0.5615127821747151,PFM-1 (Butterfly)
-0.5857989528110699,-0.15877251235041662,PFM-1 (Butterfly)
-1.1453552481540814,-0.6443446117116248,PFM-1 (Butterfly)
-1.1497835458897967,-0.552525763301713,PFM-1 (Butterfly)
-1.1169456678586556,-0.7188084077386654,PFM-1 (Butterfly)
-0.9269481492640018,-0.7638075970983919,PFM-1 (Butterfly)
-0.5661628682464214,-0.6988329712964185,PFM-1 (Butterfly)
-0.4104798720300213,-0.6553519420873065,PFM-1 (Butterfly)
-0.3092506463877893,-0.5632480115117656,PFM-1 (Butterfly)
-0.21034246467902534,-0.6118751940224194,PFM-1 (Butterfly)
-0.039515891922617695,-0.6058752974419498,PFM-1 (Butterfly)
0.149185129239701,-0.5970662142323896,PFM-1 (Butterfly)
-0.374733418930095,-0.516410042826951,PFM-1 (Butterfly)
0.5030799864006641,-0.5936624269007751,PFM-1 (Butterfly)
0.8190094173282809,-0.595177254928458,PFM-1 (Butterfly)
0.9707545656292064,-0.5781941819721808,PFM-1 (Butterfly)
1.1768632742884846,-0.33434907117257784,PFM-1 (Butterfly)
1.4951077129844448,-0.153298089033922,PFM-1 (Butterfly)
1.9395194306794539,0.20863939721812988,PFM-1 (Butterfly)
2.1862535625150437,0.3386894563280983,PFM-1 (Butterfly)
2.8243628098748013,0.6834189467290093,PFM-1 (Butterfly)
3.6833513371310254,0.7746755527103388,PFM-1 (Butterfly)
4.880585642495355,1.037258918960933,PFM-1 (Butterfly)
-0.31144787472817964,-0.3145980781196261,PFM-1 (Butterfly)
6.344533173373036,1.1451098732092369,PFM-1 (Butterfly)
3.014734015043521,1.5391515616718163,PFM-1 (Butterfly)
-0.2051493825015034,-0.21340148375378698,PFM-1 (Butterfly)
-1.621726168961863,-0.544976540969753,PFM-1 (Butterfly)
0.16839217269264545,-0.40108389113585907,PFM-1 (Butterfly)
0.28919673627753617,-0.39255487642053977,PFM-1 (Butterfly)
0.641072386796077,-0.5886663016682685,PFM-1 (Butterfly)
0.7492518349403363,-0.6219027150324925,PFM-1 (Butterfly)
-0.5227468969627848,-0.33133962587455235,PMA-2 (Starfish)
-0.2946347839885319,-0.37112139684244516,PMA-2 (Starfish)
1.1817365889972242,-0.6119081064384563,PFM-1 (Butterfly)
0.09771475656687051,-0.5093350634369171,PMA-2 (Starfish)
0.2592949263586767,-0.6158277164714989,PMA-2 (Starfish)
0.42196877148311884,-0.48329194823714383,PMA-2 (Starfish)
0.7334571922833489,-0.4696636850735124,PMA-2 (Starfish)
1.2070424007952816,-0.41602147798517247,PMA-2 (Starfish)
1.4293483565523233,-0.3677255383464877,PMA-2 (Starfish)
1.9375270740254724,-0.32406072971333816,PMA-2 (Starfish)
2.284575804488574,-0.28533876327683755,PMA-2 (Starfish)
2.8459237324211206,-0.13164748899940315,PMA-2 (Starfish)
3.6183534566266258,0.031221586312633706,PMA-2 (Starfish)
1.37497902735003,-0.5878113315482756,PFM-1 (Butterfly)
3.78184085531946,0.06788522579110974,PMA-2 (Starfish)
4.188645265330426,0.14014419028313765,PMA-2 (Starfish)
4.912446070396215,0.2982084650652307,PMA-2 (Starfish)
6.168462680228304,0.4108730201793047,PMA-2 (Starfish)
7.2849428070647475,0.734630714040639,PMA-2 (Starfish)
5.784455885765675,1.7438149670154428,PMA-2 (Starfish)
2.3701699758921917,3.2136578293903084,PMA-2 (Starfish)
1.5519840256187916,-0.6208666897504744,PFM-1 (Butterfly)
2.0504702206475325,-0.6380737226263231,PFM-1 (Butterfly)
2.140885789287662,-0.8337982428398188,PFM-1 (Butterfly)
2.781986292533194,-0.7879364229999989,PFM-1 (Butterfly)
-1.3561594008336648,-0.2567139616011915,PFM-1 (Butterfly)
3.2221461327255954,-0.7858264822711861,PFM-1 (Butterfly)
3.9393118016411943,-0.7750889155987133,PFM-1 (Butterfly)
-1.8100679085923852,-0.9569632677384978,PFM-1 (Butterfly)
-0.5828692009524865,-0.9559736983913805,PMA-2 (Starfish)
-1.899044979625883,-0.724578673535165,PFM-1 (Butterfly)
-0.5998256306882616,-0.9712773180148666,PMA-2 (Starfish)
-1.9357847509536528,-0.7016857310133381,PFM-1 (Butterfly)
-2.0116227884600617,-0.5119212112175713,PFM-1 (Butterfly)
-0.6712110053056326,-0.9890039198109849,PMA-2 (Starfish)
-0.72516047698557,-0.7572665668521642,PMA-2 (Starfish)
-2.073131823101674,-0.44879441637402107,PMA-2 (Starfish)
-0.8382404434928126,-0.9321078210300326,PMA-2 (Starfish)
-2.061259782488829,-0.46326565689033256,PFM-1 (Butterfly)
-0.8651151155252658,-0.9434411261705338,PMA-2 (Starfish)
-2.2183087801846604,-0.3326962537957068,PFM-1 (Butterfly)
-0.8415938631215398,-0.9056678127897211,PMA-2 (Starfish)
4.440841805445585,-0.748508922919085,PFM-1 (Butterfly)
-0.7147955508042582,-0.7970738093566385,PMA-2 (Starfish)
-0.5460389558590566,-0.68615122731841,PMA-2 (Starfish)
-0.7165288874982655,-0.8371683365980852,PMA-2 (Starfish)
-0.42794416081167436,-0.7425974152979562,PMA-2 (Starfish)
-0.2501780768845156,-0.5404469575922761,PMA-2 (Starfish)
-0.0778759992182306,-0.6569320925269879,PMA-2 (Starfish)
0.23251715159876807,-0.5911766325369164,PMA-2 (Starfish)
0.40266640893106637,-0.4375082177671815,PMA-2 (Starfish)
0.7057430808546242,-0.4962808367064806,PMA-2 (Starfish)
1.037267971030905,-0.4126310139130664,PMA-2 (Starfish)
5.423657510989529,-0.683689345727891,PFM-1 (Butterfly)
1.6137031949797163,-0.3514501757350259,PMA-2 (Starfish)
2.0605179723980958,-0.20789002151762626,PMA-2 (Starfish)
2.6662048274110197,-0.03646377656279688,PMA-2 (Starfish)
-2.5392235491846082,-0.20590050112156374,PFM-1 (Butterfly)
-2.496885289509685,-0.27078554504348196,PFM-1 (Butterfly)
4.287197114394498,0.040124473938325404,PMA-2 (Starfish)
-2.5001015090376257,-0.20770795289550867,PFM-1 (Butterfly)
4.071822520191005,0.5831589485458456,PMA-2 (Starfish)
-2.439319736794975,-0.33182763272296006,PFM-1 (Butterfly)
1.5381745777160463,2.9098213215937356,PMA-2 (Starfish)
6.699790267440157,-0.42363795494835615,PFM-1 (Butterfly)
-1.760547179152825,0.22854395291958987,PFM-1 (Butterfly)
-1.397306139884864,0.7895572936303806,PFM-1 (Butterfly)
-0.7513672834860388,0.39973190138712406,PFM-1 (Butterfly)
-0.5993956055586113,1.097975604956624,PFM-1 (Butterfly)
-0.44516873360092757,1.4574818638588993,PFM-1 (Butterfly)
-0.01351666714403865,1.169392671693293,PFM-1 (Butterfly)
0.28114723150656074,1.3142273752057596,PFM-1 (Butterfly)
6.977270988069463,-0.0315362553674045,PFM-1 (Butterfly)
0.6350949024910756,0.8256970886534388,PFM-1 (Butterfly)
0.9644638462330378,1.0124338188369946,PFM-1 (Butterfly)
0.9104708838667211,1.2711235921445605,PFM-1 (Butterfly)
1.4531394401588733,1.3805450944199795,PFM-1 (Butterfly)
1.9961661701606774,1.6952798535273965,PFM-1 (Butterfly)
2.9714563787331763,1.5080650387571861,PFM-1 (Butterfly)
3.1631336576962847,1.8446873624575484,PFM-1 (Butterfly)
3.5938253988650217,1.913419693405666,PFM-1 (Butterfly)
4.211289758144038,2.02645392142831,PFM-1 (Butterfly)
4.8566897186681075,1.6891463466957215,PFM-1 (Butterfly)
6.4727291876150455,0.8020611625081524,PFM-1 (Butterfly)
5.128309913838863,1.6386109419324746,PFM-1 (Butterfly)
5.532859657720443,1.730867999127195,PFM-1 (Butterfly)
4.238066616277169,1.766610976646808,PFM-1 (Butterfly)
5.414669685813067,1.1168147945016829,PFM-1 (Butterfly)
4.0204128612680945,1.7119108878330567,PFM-1 (Butterfly)
0.17345958369976877,3.7446236823180103,PFM-1 (Butterfly)
-0.7744302951484769,-0.7305337539231745,PMA-2 (Starfish)
-0.661879791779794,-0.7441152698258524,PMA-2 (Starfish)
-0.5137517133450634,-0.5925535689652482,PMA-2 (Starfish)
-0.43481176591870196,-0.5940812725018979,PMA-2 (Starfish)
-0.15498690820461217,-0.44562103520135354,PMA-2 (Starfish)
-0.06682740446342361,-0.5389634146695134,PMA-2 (Starfish)
0.1962854952257148,-0.3738860458450786,PMA-2 (Starfish)
0.5876745153613628,-0.3770555071875449,PMA-2 (Starfish)
0.7527090297766239,-0.20810841586294887,PMA-2 (Starfish)
1.295441393226677,-0.23150195856663103,PMA-2 (Starfish)
-1.3424475926971187,-0.37401822855404626,PFM-1 (Butterfly)
1.848687412084036,-0.17978343961060472,PMA-2 (Starfish)
2.503709251494546,0.019789576820997568,PMA-2 (Starfish)
3.1592951136004164,0.022748497633100766,PMA-2 (Starfish)
3.95700746165925,0.24141813903654413,PMA-2 (Starfish)
0.8704085625734022,2.983094718182289,PMA-2 (Starfish)
-1.7538752157862194,-1.0094351009789502,PMA-2 (Starfish)
-1.6525381409164912,-0.874527547696833,PMA-2 (Starfish)
-1.4602358359050298,-1.1659438198100005,PMA-2 (Starfish)
-1.483970979219554,-0.8739252431660021,PMA-2 (Starfish)
-1.1795210141508636,-0.9013107276364439,PMA-2 (Starfish)
-1.4527724224991303,-0.8248482657636383,PMA-2 (Starfish)
-1.0147383918912682,-0.8859998945418498,PMA-2 (Starfish)
-0.8534333799351093,-0.8092881093032562,PMA-2 (Starfish)
-0.7113596567275332,-0.6589660916046344,PMA-2 (Starfish)
-1.4329504927403738,-0.1044179732251094,PFM-1 (Butterfly)
-0.4944622709141107,-0.7012882810469039,PMA-2 (Starfish)
-0.3448095385268345,-0.5478218974884913,PMA-2 (Starfish)
0.06588117788132021,-0.44699057558604677,PMA-2 (Starfish)
0.38286091623707863,-0.5753501146615184,PMA-2 (Starfish)
0.5742697242763343,-0.25800502661377156,PMA-2 (Starfish)
1.1602677379507964,-0.44496206255617593,PMA-2 (Starfish)
1.7297289859726335,-0.2697565028481978,PMA-2 (Starfish)
2.4487711873231097,-0.19112719704832618,PMA-2 (Starfish)
3.4964671199788637,0.004407816053099407,PMA-2 (Starfish)
4.7311303672977365,0.26063754249178733,PMA-2 (Starfish)
4.857433602878644,0.8443877985839268,PMA-2 (Starfish)
-1.8822382521262455,-0.4142535366665806,PFM-1 (Butterfly)
-1.7708475168335744,-0.42897710842500164,PFM-1 (Butterfly)
-1.435602064321845,-0.7471963987449748,PFM-1 (Butterfly)
-1.412316705231001,-1.0090735692120478,PFM-1 (Butterfly)
-1.2908752716723533,-1.1285087815696717,PFM-1 (Butterfly)
-1.0229244287022399,-1.1263558793576376,PFM-1 (Butterfly)
-0.8556608569997216,-1.0332241370644621,PFM-1 (Butterfly)
-0.5513088039763997,-1.0194721557800013,PFM-1 (Butterfly)
-0.0849028111495414,-1.0376071388924204,PFM-1 (Butterfly)
0.6572258460284977,-0.7974250715172878,PFM-1 (Butterfly)
1.28086919314983,-0.7096271691523047,PFM-1 (Butterfly)
1.99796583164358,-0.6582884066962996,PFM-1 (Butterfly)
2.7640877256407954,-0.6011381606956627,PFM-1 (Butterfly)
3.5027017929088085,-0.5198317052241469,PFM-1 (Butterfly)
4.918824153903512,-0.3859050610606763,PFM-1 (Butterfly)
5.589560467158176,-0.42448997596009636,PFM-1 (Butterfly)
2.7703464527360064,0.5567876523596338,PFM-1 (Butterfly)
0.5309598893361803,2.09543071509094,PFM-1 (Butterfly)
0.509318334847077,-0.9625389497933238,PFM-1 (Butterfly)
0.35678303563642605,-0.9799231154910192,PFM-1 (Butterfly)
0.3909321635052853,-0.874013200721735,PFM-1 (Butterfly)
0.52382248294955,-0.8234841898911714,PFM-1 (Butterfly)
0.7880166170205041,-0.7943288000684109,PFM-1 (Butterfly)
0.9705125692049176,-0.7025080114874936,PFM-1 (Butterfly)
1.5340203533347427,-0.5341404334762291,PFM-1 (Butterfly)
1.8532783730665598,-0.42546283070019764,PFM-1 (Butterfly)
2.4538423507567626,-0.1819592302178097,PFM-1 (Butterfly)
3.3758407668961556,0.05574865046171115,PFM-1 (Butterfly)
4.2246451071189215,0.1501894508972252,PFM-1 (Butterfly)
5.446415327624267,0.2668746084440851,PFM-1 (Butterfly)
6.894154184503978,0.7337345355286206,PFM-1 (Butterfly)
6.884896405358389,1.0150357168486004,PFM-1 (Butterfly)
3.108370396053317,2.50595810852849,PFM-1 (Butterfly)
-1.4357757565451224,-0.2717394645342457,PFM-1 (Butterfly)
-0.578352637737323,-0.7211097323117827,PMA-2 (Starfish)
0.09882621560590134,-0.5466482757886936,PMA-2 (Starfish)
0.6191329577825883,-0.5896525059741399,PMA-2 (Starfish)
1.1651954563532114,-0.17960402209446316,PMA-2 (Starfish)
1.795719002096241,-0.10601173630853832,PMA-2 (Starfish)
2.4925291107343654,0.06854209148549512,PMA-2 (Starfish)
2.716566606642284,0.009004061809842251,PMA-2 (Starfish)
2.6441192784192675,-0.08437136816039686,PMA-2 (Starfish)
2.8453436425723675,-0.022207243239810232,PMA-2 (Starfish)
3.2861587598253847,0.1038973814499408,PMA-2 (Starfish)
3.5661795229623534,-0.022676288263112673,PMA-2 (Starfish)
4.309465704679508,0.26868771805853736,PMA-2 (Starfish)
4.135591961951388,0.2681565628272291,PMA-2 (Starfish)
2.648095814594509,1.3915977764430976,PMA-2 (Starfish)
-0.7395892015354384,-0.8313770650596857,PMA-2 (Starfish)
-0.5344593080351521,-0.5057523061973366,PMA-2 (Starfish)
-0.3267367458559357,-0.6334634677673444,PMA-2 (Starfish)
-0.09694081645107885,-0.7209139634869512,PMA-2 (Starfish)
-0.1850598385396177,-0.6300457831282633,PMA-2 (Starfish)
0.19220686219379507,-0.4160825128343531,PMA-2 (Starfish)
-1.8081099338441942,-0.9098526709463355,PMA-2 (Starfish)
-1.4545473484648004,-0.5061891646612904,PFM-1 (Butterfly)
0.3342828271844143,-0.15074700309809683,PMA-2 (Starfish)
-1.5003921014676544,-1.206717638912314,PMA-2 (Starfish)
-1.2814226174573329,-0.995769576817814,PMA-2 (Starfish)
-1.208882912494703,-0.7682029908154233,PMA-2 (Starfish)
-1.0374179669363468,-0.9354018113856393,PMA-2 (Starfish)
-1.0504177208606529,-0.9121345088923017,PMA-2 (Starfish)
-1.1175848672100928,-0.870891958302934,PMA-2 (Starfish)
-0.9629824818219686,-0.6267878470333822,PMA-2 (Starfish)
-0.9280207088274677,-0.6913591085417087,PMA-2 (Starfish)
-0.7719917396574542,-0.7394523329581487,PMA-2 (Starfish)
-0.5487048837189159,-0.7473705246746154,PMA-2 (Starfish)
0.7822732333655216,-0.15237219114754086,PMA-2 (Starfish)
-0.43076859580165316,-0.6758952631450191,PMA-2 (Starfish)
-0.21681858204811402,-0.7561427133136662,PMA-2 (Starfish)
-0.012102066301797098,-0.4740100715278651,PMA-2 (Starfish)
0.1785342220462036,-0.553446028888255,PMA-2 (Starfish)
0.13354704042795928,-0.5988194994393768,PMA-2 (Starfish)
0.2828091743527811,-0.3905445220010506,PMA-2 (Starfish)
0.26127330642499824,-0.250277122085635,PMA-2 (Starfish)
0.5077778389356756,-0.5123155983022675,PMA-2 (Starfish)
0.27267806944116446,-0.3531294729876824,PMA-2 (Starfish)
0.3991557486706975,-0.49292797879918654,PMA-2 (Starfish)
1.2856448353263865,-0.1930708669381492,PMA-2 (Starfish)
0.456076455828374,-0.430573518806562,PMA-2 (Starfish)
0.1964421760866695,-0.4532408728532571,PMA-2 (Starfish)
0.2128284366320355,-0.5302613611261338,PMA-2 (Starfish)
0.20853084909392317,-0.44854809946942165,PMA-2 (Starfish)
1.5853300884733095,-0.1966178810800464,PMA-2 (Starfish)
2.150510042370074,-0.1313093479566326,PMA-2 (Starfish)
2.7592336816426024,0.018308613160839315,PMA-2 (Starfish)
3.4553759426950323,0.10529050636262864,PMA-2 (Starfish)
3.911693961750675,0.23326617172860045,PMA-2 (Starfish)
4.243604796818441,0.23472111085760658,PMA-2 (Starfish)
4.57312634314426,0.2890690271778664,PMA-2 (Starfish)
-1.5324393732208068,-0.2758777275352648,PFM-1 (Butterfly)
4.014203362141816,0.5767381423537377,PMA-2 (Starfish)
3.1362597655275626,1.171566034975213,PMA-2 (Starfish)
2.1328569121993497,1.6336992486926523,PMA-2 (Starfish)
2.0685978152517914,1.78728443524145,PMA-2 (Starfish)
1.3571958037784586,2.743475823311009,PMA-2 (Starfish)
-1.2286586212358002,-0.523539173928583,PFM-1 (Butterfly)
-1.3839943547450264,2.8010585732581617,PFM-1 (Butterfly)
-1.0460704878447231,2.3699749801017793,PFM-1 (Butterfly)
-0.8484020915318835,2.024289113728255,PFM-1 (Butterfly)
-0.7087136107970636,1.9052321887275747,PFM-1 (Butterfly)
-0.7461651806952719,2.496822639820721,PFM-1 (Butterfly)
-0.98313196810003,-1.272324229480517,PMA-2 (Starfish)
-0.8529774264130296,-1.2550200935086293,PMA-2 (Starfish)
-0.8362398946013357,-1.2513100926720646,PMA-2 (Starfish)
-0.8078636212152814,-1.2701266001486582,PMA-2 (Starfish)
-0.6579478938556832,-1.201328453976603,PMA-2 (Starfish)
-0.5309359828106973,-1.1615524928768488,PMA-2 (Starfish)
-0.4259739931063306,-1.1972532139407768,PMA-2 (Starfish)
-0.35273921360894106,-0.9929069913617098,PMA-2 (Starfish)
-0.0913689450334291,-1.0247895247614374,PMA-2 (Starfish)
-0.0766348203318373,-0.9523929934637649,PMA-2 (Starfish)
0.2537063356653054,-0.9021095961282533,PMA-2 (Starfish)
0.6030884782830854,-0.26799035556489526,PMA-2 (Starfish)
0.6932439803882029,-0.4174637794313989,PMA-2 (Starfish)
0.520569111049917,-0.7462490234364123,PMA-2 (Starfish)
0.13377702953770082,-0.7547495844220216,PMA-2 (Starfish)
1.175246645786444,-0.651193961326666,PMA-2 (Starfish)
1.257692678507443,-0.39228027868733323,PMA-2 (Starfish)
1.2294303297164633,-0.4300827295299076,PMA-2 (Starfish)
1.223727807513515,-0.44834224433249004,PMA-2 (Starfish)
1.083266062711534,-0.5102985301617635,PMA-2 (Starfish)
1.1093217608426351,-0.41877729281022574,PMA-2 (Starfish)
1.1136819947587593,-0.3402513645612081,PMA-2 (Starfish)
0.906400082190502,-0.46158596870709945,PMA-2 (Starfish)
0.6773622382372961,-0.5669532363370119,PMA-2 (Starfish)
0.6520357702238072,-0.6234070070748488,PMA-2 (Starfish)
0.4572145170047574,-0.8186871198022558,PMA-2 (Starfish)
0.7586941041367433,-0.43403598204578764,PMA-2 (Starfish)
0.8616430708913708,-0.05363791520576119,PMA-2 (Starfish)
0.4153994703362373,-0.17012396836009222,PMA-2 (Starfish)
0.5808171642300068,-0.2847808780847278,PMA-2 (Starfish)
0.7025816340090401,-0.4140062228884565,PMA-2 (Starfish)
0.6425661156639223,-0.2303281227504555,PMA-2 (Starfish)
0.6990692840489551,-0.313880226110327,PMA-2 (Starfish)
1.0720242887194946,-0.29169992772003334,PMA-2 (Starfish)
1.1048633241739585,-0.2515288128269727,PMA-2 (Starfish)
0.7515937533236972,-0.12061915364897573,PMA-2 (Starfish)
1.0433683947246435,-0.09674963032389657,PMA-2 (Starfish)
0.1206931214625506,0.4087064869818946,PMA-2 (Starfish)
-0.0659372082605102,1.0995556339226114,PFM-1 (Butterfly)
-0.16098887156284006,1.6182217601625046,PFM-1 (Butterfly)
-0.15610234868643197,1.7336029557502957,PFM-1 (Butterfly)
-0.12610403448978863,1.6755830746329874,PFM-1 (Butterfly)
0.02718662847139888,1.9220369354780897,PFM-1 (Butterfly)
0.0725824088507201,1.6436768528189893,PFM-1 (Butterfly)
0.4746914906980548,1.2414463057050067,PFM-1 (Butterfly)
0.4939496306222121,1.2735308745271137,PFM-1 (Butterfly)
0.29435308101392077,1.9412042015440203,PFM-1 (Butterfly)
0.7512661242658517,1.0974683940232055,PFM-1 (Butterfly)
0.5709021237534133,0.9841729409561387,PFM-1 (Butterfly)
0.7500784015774797,0.39867756180839786,PFM-1 (Butterfly)
0.8116462692988436,-0.13230442409474422,PFM-1 (Butterfly)
0.5391803363914098,-0.7742899712106103,PFM-1 (Butterfly)
0.6107531393219391,-1.170713872827297,PFM-1 (Butterfly)
0.640102691122941,-1.2436628633572429,PFM-1 (Butterfly)
1.8554544698265998,-1.2602585127453734,PFM-1 (Butterfly)
-2.1097580215933887,0.35931050996079933,PFM-1 (Butterfly)
-1.9767164657494127,0.23190808495692897,PFM-1 (Butterfly)
-1.9842761417404033,0.08844365951660747,PFM-1 (Butterfly)
-2.0642277108028115,0.4746018825325347,PFM-1 (Butterfly)
-1.9632344434203293,0.18301094491045639,PFM-1 (Butterfly)
-1.7297838809966373,-0.16659479307074956,PFM-1 (Butterfly)
-1.567485797824444,0.3018454429744876,PFM-1 (Butterfly)
-1.5422568067324376,0.15806244610219097,PFM-1 (Butterfly)
-1.4659716881812779,0.5351387119505505,PFM-1 (Butterfly)
-1.3542946776833669,0.7405858819876192,PFM-1 (Butterfly)
-1.415944612879497,0.5100782940490662,PFM-1 (Butterfly)
-0.7539784994364306,1.6067314728303725,PFM-1 (Butterfly)
-0.903388074488626,1.8316559113808482,PFM-1 (Butterfly)
-0.7587644603747584,1.3136756949896045,PFM-1 (Butterfly)
-0.8448599485476865,1.6997121501259582,PFM-1 (Butterfly)
-0.8411289216990884,1.748109118570853,PFM-1 (Butterfly)
-0.8317112658032255,1.5722652905667922,PFM-1 (Butterfly)
-0.8806774220070439,1.7981742975786348,PFM-1 (Butterfly)
-0.8009179938437759,1.5244041546456177,PFM-1 (Butterfly)
-0.8414633186777309,1.6796686429201106,PFM-1 (Butterfly)
-0.8531443689882366,1.6805451047531599,PFM-1 (Butterfly)
-0.8513209845601342,1.6818853610691256,PFM-1 (Butterfly)
-0.7590268770638007,1.3377439275825291,PFM-1 (Butterfly)
-0.8216816891908325,1.6619650930787948,PFM-1 (Butterfly)
-0.8479359087698504,1.7827644839247256,PFM-1 (Butterfly)
-0.7671503558336626,1.7504733438326998,PFM-1 (Butterfly)
-0.6884172461386366,1.6623487725219452,PFM-1 (Butterfly)
-0.5180176813296448,1.6302191000788602,PFM-1 (Butterfly)
-1.9995080105598901,-0.19313799857747918,PMA-2 (Starfish)
-0.3987916101034308,1.6019329387726058,PFM-1 (Butterfly)
-1.9736962014787138,-0.42535383014433364,PMA-2 (Starfish)
-1.928336992821904,-0.5309795759937836,PMA-2 (Starfish)
-0.31849781645609954,1.7457369450473064,PFM-1 (Butterfly)
-0.15708077464954479,1.8424664945579274,PFM-1 (Butterfly)
-1.9257640487674186,-0.42064459831052364,PMA-2 (Starfish)
-1.850767953066322,-0.49916098185722685,PMA-2 (Starfish)
-0.009115797413674392,1.8658141699241626,PFM-1 (Butterfly)
0.16416889013084326,1.5963552704861423,PFM-1 (Butterfly)
-1.7788806260955279,-0.6244009646170812,PMA-2 (Starfish)
0.357474174403234,1.8681653275698566,PFM-1 (Butterfly)
-1.7435231763006265,-0.5792350813565945,PMA-2 (Starfish)
-0.8555608904593337,1.6977251452781803,PFM-1 (Butterfly)
-1.7570880595846254,-0.5696994021372438,PMA-2 (Starfish)
0.4328872971486126,1.9255715750734395,PFM-1 (Butterfly)
-1.7420524451562533,-0.7111569016916442,PMA-2 (Starfish)
0.576163634309796,2.013171871311887,PFM-1 (Butterfly)
0.9206139207697093,1.6679477422820104,PFM-1 (Butterfly)
-1.6885413498385367,-0.6258559867335787,PMA-2 (Starfish)
0.9520849442294138,2.090797208631425,PFM-1 (Butterfly)
-1.6048116110597845,-0.648436563844193,PMA-2 (Starfish)
-1.5654918163868692,-0.6379425498887699,PMA-2 (Starfish)
1.296729470586494,2.081863679440356,PFM-1 (Butterfly)
-1.7038733680580314,-0.7746687659559461,PMA-2 (Starfish)
1.6161610103381538,2.0604444312601586,PFM-1 (Butterfly)
1.744139168368207,1.3637042293471668,PFM-1 (Butterfly)
-1.5991094737049814,-0.8165285768493329,PMA-2 (Starfish)
1.6225352882446968,0.537963381734027,PFM-1 (Butterfly)
-1.5718389107024484,-0.8660941175751241,PMA-2 (Starfish)
1.5571147214384238,0.4648890089677945,PFM-1 (Butterfly)
-1.6408434541807517,-0.7220394784018341,PMA-2 (Starfish)
1.4492535447794304,0.2735068399519388,PFM-1 (Butterfly)
-1.626374663634229,-0.6684549628718652,PMA-2 (Starfish)
-0.7977918409892322,1.5444917515540704,PFM-1 (Butterfly)
1.047408554521945,-0.12118340050272727,PFM-1 (Butterfly)
-1.5993250351170603,-0.4535253893232973,PMA-2 (Starfish)
-1.583984053839419,-0.4697891999145626,PMA-2 (Starfish)
0.9822590396043976,-0.4394516517044872,PFM-1 (Butterfly)
0.882021737432471,-1.0199797889070237,PFM-1 (Butterfly)
-1.6698893244705086,-0.5498369323080825,PMA-2 (Starfish)
-1.516830569687703,-0.9235177593152233,PMA-2 (Starfish)
-1.6247618369911623,-1.0068907259538564,PMA-2 (Starfish)
-1.4751704839695812,-0.99074994464979,PMA-2 (Starfish)
-1.2780648245495179,-0.7777773757454762,PMA-2 (Starfish)
-1.338766745076587,-0.6508639886597388,PMA-2 (Starfish)
-1.2503872156146854,-0.8750546932207881,PMA-2 (Starfish)
-1.234599284410188,-0.7051855919774527,PMA-2 (Starfish)
-0.8470617910852533,1.6287072609476587,PFM-1 (Butterfly)
-1.1601790632107178,-0.5810536955058117,PMA-2 (Starfish)
-1.10399714430847,-0.7007104119339153,PMA-2 (Starfish)
-1.1032284485495094,-0.49108195766314505,PMA-2 (Starfish)
-1.0462307907322894,-0.6400932065788356,PMA-2 (Starfish)
-1.1479660381171048,-0.515279128523272,PMA-2 (Starfish)
-0.9537933242795622,-0.7088824727679156,PMA-2 (Starfish)
-0.9753741597538308,-0.8381699911895842,PMA-2 (Starfish)
-0.937990975527053,-0.8702880186623748,PMA-2 (Starfish)
-0.8290271066573223,-0.730959122989984,PMA-2 (Starfish)
-0.7583148907199193,-0.6520331339864194,PMA-2 (Starfish)
-0.7991435764352408,1.5250818791151484,PFM-1 (Butterfly)
-0.6113872498291707,-0.5504083973115795,PMA-2 (Starfish)
-0.47405659733084415,-0.5167533977325951,PMA-2 (Starfish)
-0.3526928564556591,-0.6214792525717681,PMA-2 (Starfish)
-0.2434495458748334,-0.40788623329127127,PMA-2 (Starfish)
-0.10476999009650978,-0.619737646797341,PMA-2 (Starfish)
0.08803743653939042,-0.42110842782987595,PMA-2 (Starfish)
0.052054099689624524,-0.8922016413605338,PMA-2 (Starfish)
-0.3723479168438009,-1.4573317140463826,PMA-2 (Starfish)
-0.45678678070377393,-1.5278423334982605,PMA-2 (Starfish)
-0.8106895462894033,1.6882535926995506,PFM-1 (Butterfly)
-0.8328242120696409,1.808370624545437,PFM-1 (Butterfly)
-0.8416951335374641,1.5971436715152,PFM-1 (Butterfly)
-1.994209925726491,-0.19674676754071824,PFM-1 (Butterfly)
-2.168818578323028,0.5101018356304673,PFM-1 (Butterfly)
-1.4997549226932994,-1.168891118544551,PMA-2 (Starfish)
-1.5142533440917116,-1.0426640645768392,PMA-2 (Starfish)
-1.4484620322157185,-1.1029599881243575,PMA-2 (Starfish)
-1.4396152858965923,-0.8595887006552849,PMA-2 (Starfish)
-2.038269775712378,-0.023158794483728373,PFM-1 (Butterfly)
-1.4089289739074156,-1.0343280911449615,PMA-2 (Starfish)
-1.3222246664765624,-1.1032631892593776,PMA-2 (Starfish)
-1.422684422957287,-0.8693239063185181,PMA-2 (Starfish)
-1.5078265469882255,-1.1326135398135977,PMA-2 (Starfish)
-1.2968062493602899,-0.89190874225642,PMA-2 (Starfish)
-1.1731611603813694,-0.6758426420104474,PMA-2 (Starfish)
-0.5242964617248959,-0.2983117280284638,PFM-1 (Butterfly)
-1.0369938593976138,-0.674030565466903,PMA-2 (Starfish)
-0.31402854037920946,0.2543689880428818,PFM-1 (Butterfly)
-0.9424958520415396,-0.7618658894058253,PMA-2 (Starfish)
-0.2628648951053977,-0.3273211165776935,PFM-1 (Butterfly)
-0.9863802649906466,-0.46552125081225837,PMA-2 (Starfish)
-0.9340974361233704,-1.1854543068037275,PMA-2 (Starfish)
-0.4445467978283961,-0.768872284598472,PFM-1 (Butterfly)
-2.02691687960728,0.036533635098174005,PFM-1 (Butterfly)
-0.8620958838690913,-0.7546715797947066,PMA-2 (Starfish)
-0.4917063869080307,-0.37604954870324653,PMA-2 (Starfish)
-0.4232198687347892,-0.2882616274845687,PMA-2 (Starfish)
-0.3678727918435806,-0.32372041820849484,PMA-2 (Starfish)
-0.3547935147964465,-0.3498501494409507,PMA-2 (Starfish)
-0.25642890155184184,-0.3249820566282119,PMA-2 (Starfish)
-0.177845465936426,-0.04853969541373034,PMA-2 (Starfish)
0.10766008426079501,-0.36829195831115025,PMA-2 (Starfish)
0.09390693133134236,-0.40780383889216176,PMA-2 (Starfish)
-2.131489186035463,0.3971198342181837,PFM-1 (Butterfly)
0.3506910073153569,-0.37422993059159554,PMA-2 (Starfish)
0.37127123311611654,-0.4789286390185149,PMA-2 (Starfish)
0.3134906864911573,-0.7832001019280742,PMA-2 (Starfish)
0.09308403158767707,-1.015886042111742,PMA-2 (Starfish)
-0.2633967801966394,-1.349867955985133,PMA-2 (Starfish)
0.7004704810004544,-0.5907898250314604,PMA-2 (Starfish)
0.4726269785856109,-0.5049208480798333,PMA-2 (Starfish)
0.6317371098069038,-0.4995541622443528,PMA-2 (Starfish)
-0.45434168374731804,-1.4223191304671552,PMA-2 (Starfish)
-2.007760595996181,0.1398522267729211,PFM-1 (Butterfly)
-2.0417853636421515,0.1870854346351734,PFM-1 (Butterfly)
-2.0440727047198117,0.19954956843587582,PFM-1 (Butterfly)
-2.026776124893721,0.16021499582752838,PFM-1 (Butterfly)
-1.9692387750137939,-0.07197534246663295,PFM-1 (Butterfly)
-2.0005739684650305,0.18099508752829174,PFM-1 (Butterfly)
-2.0434569322138936,0.2062809707597144,PFM-1 (Butterfly)
-2.0387509504123997,0.15741582128782625,PFM-1 (Butterfly)
-2.096663508149458,0.7325924798073713,PFM-1 (Butterfly)
-1.865557642602159,0.3141714413257936,PFM-1 (Butterfly)
-1.8951501509494884,0.35029989145932305,PFM-1 (Butterfly)
-1.9770855548177173,0.2526124771250787,PFM-1 (Butterfly)
-1.8857872081011628,0.24849991943708297,PFM-1 (Butterfly)
-1.8249206208852498,0.007810716276945917,PFM-1 (Butterfly)
-1.9359935277012257,0.2864125784986022,PFM-1 (Butterfly)
-1.9478146238141492,-0.004724086048900932,PFM-1 (Butterfly)
-2.0481017107771127,0.12416999456105285,PFM-1 (Butterfly)
-2.0095941889399818,0.06012546263033391,PFM-1 (Butterfly)
-2.0104553539921115,0.1442161822352171,PFM-1 (Butterfly)
-2.0057425812742227,0.09613349727123614,PFM-1 (Butterfly)
-2.068424758675663,0.3889788563028571,PFM-1 (Butterfly)
-2.031322522425487,0.17017381500159368,PFM-1 (Butterfly)
-2.008191294411979,0.22256402387641605,PFM-1 (Butterfly)
-1.991264401991569,0.24158448828709966,PFM-1 (Butterfly)
-1.8933943543478993,-0.02439741115740418,PFM-1 (Butterfly)
-1.9700998165092019,0.20173475690096643,PFM-1 (Butterfly)
-1.889005869046588,0.0681684722095338,PFM-1 (Butterfly)
-1.931380531024945,0.12456630851397917,PFM-1 (Butterfly)
-1.8492645665825587,0.03934794809293119,PFM-1 (Butterfly)
-1.8122111688217315,0.07343433602202627,PFM-1 (Butterfly)
-1.75917254401025,0.002863121624225628,PFM-1 (Butterfly)
-1.7381489598256665,0.04458918323001379,PFM-1 (Butterfly)
-1.6948439435993576,-0.03383722768186234,PFM-1 (Butterfly)
-1.7041702653762327,-0.04346289457487092,PFM-1 (Butterfly)
-1.659139138879631,0.08133977016355494,PFM-1 (Butterfly)
-1.6573403395256339,0.09648782616262476,PFM-1 (Butterfly)
-1.613181368207575,0.043888737540261465,PFM-1 (Butterfly)
-1.511000010770509,-0.0937361575470166,PFM-1 (Butterfly)
-1.5753600620247892,0.0005884081358832245,PFM-1 (Butterfly)
-1.5115604256614883,-0.06317948576592536,PFM-1 (Butterfly)
-1.5011875974510784,0.10535522929133581,PFM-1 (Butterfly)
-1.478819038765727,-0.005725042361716007,PFM-1 (Butterfly)
-1.443662705926724,-0.006003374887010166,PFM-1 (Butterfly)
-1.3910488053596437,-0.06281645663228151,PFM-1 (Butterfly)
-1.4020585505081404,-0.0481558551538227,PFM-1 (Butterfly)
-1.3777799841795895,0.18702158482913203,PFM-1 (Butterfly)
-1.2875009378376583,0.09900441920125912,PFM-1 (Butterfly)
-1.171289130694269,-0.01963677938071151,PFM-1 (Butterfly)
-1.163707017192436,-0.01066251058406404,PFM-1 (Butterfly)
-1.0530527505325944,-0.0801316587405802,PFM-1 (Butterfly)
-0.9917472953001651,-0.009757123309674426,PFM-1 (Butterfly)
-0.9676533333351307,0.2302678674686445,PFM-1 (Butterfly)
-0.7740356511952265,-0.03969561297398348,PFM-1 (Butterfly)
-0.7156325106181012,0.09312250122071296,PFM-1 (Butterfly)
-0.4756249992015725,-0.054646189755976585,PFM-1 (Butterfly)
-0.5150802011050402,0.27229915426647777,PFM-1 (Butterfly)
-0.4291408567397338,0.17179406663490798,PFM-1 (Butterfly)
-0.217718599472815,0.31026410211550287,PFM-1 (Butterfly)
-0.1731800475836711,0.39705535959177024,PFM-1 (Butterfly)
-0.15517090147620916,0.3882254924414488,PFM-1 (Butterfly)
0.4223036872962489,0.15215882699234026,PFM-1 (Butterfly)
0.514629838705037,0.16131497066208833,PFM-1 (Butterfly)
0.8349538499783741,0.05986367607375886,PFM-1 (Butterfly)
0.7593897022942103,-0.5703272895691864,PFM-1 (Butterfly)
0.7350666641111295,-0.8092778200838904,PFM-1 (Butterfly)
-2.7985999138334607,0.6220082910990211,PFM-1 (Butterfly)
-2.810147434613875,0.791682246820226,PFM-1 (Butterfly)
-2.6900213806981252,0.42690030722680505,PFM-1 (Butterfly)
-2.5876983403375777,-1.0988443453009213,PMA-2 (Starfish)
-2.6473599284144442,0.21251504895739728,PFM-1 (Butterfly)
-2.6064496062601243,-0.9820730942917333,PMA-2 (Starfish)
-2.6381466844908465,0.32031136075598243,PFM-1 (Butterfly)
-2.5665470431108703,-1.0908591813006754,PMA-2 (Starfish)
-2.6504854717637807,0.3478282044159229,PFM-1 (Butterfly)
-2.567197124447841,-1.0130439741773858,PMA-2 (Starfish)
-2.658301915483645,0.555678989682836,PFM-1 (Butterfly)
-2.516590686734265,-1.1845183553806369,PMA-2 (Starfish)
-2.620509587563887,0.16393053647857733,PFM-1 (Butterfly)
-2.5669947847828394,-1.0328530262002964,PMA-2 (Starfish)
-2.5625255904535953,0.03666240415103706,PFM-1 (Butterfly)
-2.523031334530956,-1.0113723594701352,PMA-2 (Starfish)
-2.606864167559684,0.31234343123013325,PFM-1 (Butterfly)
-2.4622464197568608,-1.0941607864064746,PMA-2 (Starfish)
-2.588250936590623,0.230726508476312,PFM-1 (Butterfly)
-2.4844096912116207,-1.1270910695207537,PMA-2 (Starfish)
-2.36425947657568,-0.4724820038506944,PFM-1 (Butterfly)
-2.4473485536387187,-1.1982556274243246,PMA-2 (Starfish)
-2.525198736603547,0.09264234579744297,PFM-1 (Butterfly)
-2.539673795806615,-1.0368274450500987,PMA-2 (Starfish)
-2.54571632513281,0.16428794166566443,PFM-1 (Butterfly)
-2.5246196456437557,-0.7496585192288815,PMA-2 (Starfish)
-2.5673274054298925,0.18416715277898846,PFM-1 (Butterfly)
-2.5438976136753073,-0.7388683102557603,PMA-2 (Starfish)
-2.5666650876797323,0.06742981532262114,PFM-1 (Butterfly)
-2.534422539048833,-0.8443192676980583,PMA-2 (Starfish)
-2.67416865367017,0.4802476703122512,PFM-1 (Butterfly)
-2.5167886388888667,-1.1329686362956113,PMA-2 (Starfish)
-2.576156299941972,0.28455485092882654,PFM-1 (Butterfly)
-2.468203783224166,-0.9640370326349621,PMA-2 (Starfish)
-2.538387810205223,0.080420049640593,PFM-1 (Butterfly)
-2.4972703170504804,-1.0008344002006846,PMA-2 (Starfish)
-2.4402606862301157,-0.20304548474935147,PFM-1 (Butterfly)
-2.4621927554180143,-1.1415056423972267,PMA-2 (Starfish)
-2.5330149507261885,0.1944218040238002,PFM-1 (Butterfly)
-2.4975127074803405,-0.8529265073956633,PMA-2 (Starfish)
-2.5596295674036416,0.15028939178172224,PFM-1 (Butterfly)
-2.4946481970574235,0.13465916327021094,PFM-1 (Butterfly)
-2.528551944313242,0.09636924320011088,PFM-1 (Butterfly)
-2.5517363169214153,0.3516690664709006,PFM-1 (Butterfly)
-2.588047925793519,0.48837027489346624,PFM-1 (Butterfly)
-2.540846944863687,0.11838145543162076,PFM-1 (Butterfly)
-2.468094672028164,0.009466011449459326,PFM-1 (Butterfly)
-2.428296395728673,-0.17283728838362436,PFM-1 (Butterfly)
-2.4683127162501304,-1.5652263703827316,PMA-2 (Starfish)
-2.4140793523538298,-0.009618008979471822,PFM-1 (Butterfly)
-2.613638753769728,0.7123885319909852,PFM-1 (Butterfly)
-2.348583613006962,-0.213830532801433,PFM-1 (Butterfly)
-2.559511690505055,0.6302426517858587,PFM-1 (Butterfly)
-2.376068146774023,-1.5461336462701167,PMA-2 (Starfish)
-2.428209159140308,0.4364578513877945,PFM-1 (Butterfly)
-2.3694836304166333,-0.821658944072429,PMA-2 (Starfish)
-2.510202495890679,0.5017726845654307,PFM-1 (Butterfly)
-2.475954510849603,0.4350543174258183,PFM-1 (Butterfly)
-2.498112602143149,0.5506135534707628,PFM-1 (Butterfly)
-2.615400593425246,0.9763801716091071,PFM-1 (Butterfly)
-2.5616304798281364,0.6866955363952681,PFM-1 (Butterfly)
-2.5054171339457882,0.7014040715640186,PFM-1 (Butterfly)
-2.551381222139803,0.7796930045524955,PFM-1 (Butterfly)
-2.577258307100604,1.0662550693717892,PFM-1 (Butterfly)
-2.5847243302951455,1.0117875559461653,PFM-1 (Butterfly)
-2.537846079399414,0.6848646955307551,PFM-1 (Butterfly)
-2.4699954847395875,0.5249567579060794,PFM-1 (Butterfly)
-2.553581845031845,0.9277996528140472,PFM-1 (Butterfly)
-2.4591971110089643,0.4915286255110088,PFM-1 (Butterfly)
-2.3056551198607504,-0.19310884717000365,PFM-1 (Butterfly)
-2.259188435756108,-0.8992364216308069,PFM-1 (Butterfly)
-2.281944706947464,-1.1696218761738248,PFM-1 (Butterfly)
-2.211207248948976,-1.2473937499120553,PFM-1 (Butterfly)
-2.2200236728090434,-0.0811606532128372,PFM-1 (Butterfly)
-2.3135206704691553,-0.8338963319178748,PMA-2 (Starfish)
-2.265519241704454,0.5669309250337546,PFM-1 (Butterfly)
-2.222160675912259,-1.0011734724434804,PMA-2 (Starfish)
-2.1834971590680654,0.3291919005878975,PFM-1 (Butterfly)
-2.2141858780131747,-1.1431207460455366,PMA-2 (Starfish)
-2.1747233325019417,0.3222200298106617,PFM-1 (Butterfly)
-2.158835365394784,-0.985512473912734,PMA-2 (Starfish)
-2.106054531298124,0.49871554184402095,PFM-1 (Butterfly)
-2.170052057168075,-1.154379888110825,PMA-2 (Starfish)
-2.0811533141188105,0.3800901508645091,PFM-1 (Butterfly)
-2.146300732986357,-0.9934174781739826,PMA-2 (Starfish)
-2.118364158352393,0.41560149920039624,PFM-1 (Butterfly)
-2.1110318352008868,-1.0298936815287094,PMA-2 (Starfish)
-2.0920450590565345,0.5714656011943308,PFM-1 (Butterfly)
-2.130984703863567,-1.1444783120371063,PMA-2 (Starfish)
-2.046179972976477,0.3195223355393211,PFM-1 (Butterfly)
-2.098411515705587,-0.9946385541278991,PMA-2 (Starfish)
-2.025810572128666,0.4684747441820575,PFM-1 (Butterfly)
-2.039337373595604,-0.9894027880897067,PMA-2 (Starfish)
-1.910898494868229,0.22306918324635056,PFM-1 (Butterfly)
-1.9890089999458302,-1.01447377582006,PMA-2 (Starfish)
-1.8542443698766597,0.2758061723167578,PFM-1 (Butterfly)
-1.897523395135947,-1.115140297784348,PMA-2 (Starfish)
-1.7464465386997623,0.31446856881291985,PFM-1 (Butterfly)
-1.8292485258506577,-1.169636274156306,PMA-2 (Starfish)
-1.6505899457338755,0.31029339964990765,PFM-1 (Butterfly)
-1.753900316618859,-1.1099080439215387,PMA-2 (Starfish)
-1.4981326311881364,0.09212087108097063,PFM-1 (Butterfly)
-1.758202507567592,-1.0822915407221145,PMA-2 (Starfish)
-1.4932831675985299,0.13358608239022288,PFM-1 (Butterfly)
-1.7135121208690858,-1.113933023803829,PMA-2 (Starfish)
-1.4314313412855302,0.2776055722339341,PFM-1 (Butterfly)
-1.710454002170303,-1.0055457323057881,PMA-2 (Starfish)
-1.3624521340333575,0.32439021895228876,PFM-1 (Butterfly)
-1.6177821270556627,-1.1396259715241057,PMA-2 (Starfish)
-1.288673483977688,0.4356738958833103,PFM-1 (Butterfly)
-1.57141379768689,-1.1684426331006876,PMA-2 (Starfish)
-1.2317436325264302,0.29431029950334314,PFM-1 (Butterfly)
-1.5797981755416834,-1.123619524576822,PMA-2 (Starfish)
-1.1593757956429729,0.3525712018845246,PFM-1 (Butterfly)
-1.4926355858789342,-0.9872934039648761,PMA-2 (Starfish)
-0.9755694301306025,0.13317796218260958,PFM-1 (Butterfly)
-1.548513444914377,-1.1096844797066405,PMA-2 (Starfish)
-1.084997077893049,0.09498486399274132,PFM-1 (Butterfly)
-1.5202476972452483,-0.9212181471004633,PMA-2 (Starfish)
-0.9039741311864908,0.04155763917943104,PFM-1 (Butterfly)
-1.4717280799930774,-0.8981294689778111,PMA-2 (Starfish)
-0.7933411871255728,0.19436990506186186,PFM-1 (Butterfly)
-1.46948657206416,-0.9246076474264789,PMA-2 (Starfish)
-0.6098453548298484,0.13600762265646496,PFM-1 (Butterfly)
-1.4432095728816408,-1.0768501913890067,PMA-2 (Starfish)
-0.5025542192175736,-0.10076787296814374,PFM-1 (Butterfly)
-1.3950013000176023,-0.9904331299342851,PMA-2 (Starfish)
-0.2727763497517932,-0.05562794084870086,PFM-1 (Butterfly)
-1.35283588217873,-0.819490072217008,PMA-2 (Starfish)
-0.20989762638392945,-0.32586997217955277,PFM-1 (Butterfly)
-1.3890342193162917,-0.8710808126951891,PMA-2 (Starfish)
-1.330604367225852,-0.7731085170390809,PMA-2 (Starfish)
-1.2954693851350998,-0.897226542183809,PMA-2 (Starfish)
-1.3099175764718427,-0.9327878331074756,PMA-2 (Starfish)
-1.2492332197170517,-0.8629160766693434,PMA-2 (Starfish)
-1.174583862474617,-0.9167446803558696,PMA-2 (Starfish)
-1.1161929704238671,-0.8899925713029447,PMA-2 (Starfish)
-1.1256536651689912,-0.8375997586179034,PMA-2 (Starfish)
-1.1717533369385056,-0.8915857811881464,PMA-2 (Starfish)
-1.2145247309961371,-0.9325435605181122,PMA-2 (Starfish)
-1.1610118922984225,-0.8860129844092122,PMA-2 (Starfish)
-1.1129640519978565,-0.8144085541263266,PMA-2 (Starfish)
-1.0616338434463686,-0.8540661072966766,PMA-2 (Starfish)
-1.0151261257935096,-0.7389588613346887,PMA-2 (Starfish)
-0.9366035490722135,-0.6835166378427054,PMA-2 (Starfish)
-0.8844189060865757,-0.8317840813382156,PMA-2 (Starfish)
-0.8753126266395791,-0.7141862914868836,PMA-2 (Starfish)
-0.7912282222874433,-0.7918819322077307,PMA-2 (Starfish)
-0.8337899734007794,-0.7866240335864595,PMA-2 (Starfish)
-0.7348132558396793,-0.7181091841456857,PMA-2 (Starfish)
-0.7898253597581312,-0.7227208081054242,PMA-2 (Starfish)
-0.756354094761769,-0.7215769697838686,PMA-2 (Starfish)
-0.6543755511891334,-0.7083386287832392,PMA-2 (Starfish)
-0.6417078265059422,-0.7909244312105141,PMA-2 (Starfish)
-0.5885737130177741,-0.6474257147406289,PMA-2 (Starfish)
-0.5240414476284744,-0.7358174873407661,PMA-2 (Starfish)
-0.4307389681627071,-0.6760466088546799,PMA-2 (Starfish)
-0.43563879596467964,-0.6880881732244393,PMA-2 (Starfish)
-0.42522124302329245,-0.6559205254822461,PMA-2 (Starfish)
-0.2439429193477143,-0.7442386693939277,PMA-2 (Starfish)
-0.21990737918726774,-0.6453014288357907,PMA-2 (Starfish)
-0.13997960065658474,-0.5668504937774446,PMA-2 (Starfish)
-0.0605408015623598,-0.575758147497666,PMA-2 (Starfish)
-0.052590993357086877,-0.5454876610053574,PMA-2 (Starfish)
0.25678080406045983,-0.5219941468903191,PMA-2 (Starfish)
0.43283906771906144,-0.5551825321649217,PMA-2 (Starfish)
0.13545897476473562,-1.1771639773250537,PMA-2 (Starfish)
-0.1482779872498658,-1.3691090603742282,PMA-2 (Starfish)
-2.497217017395965,1.4362618482804894,PFM-1 (Butterfly)
-2.1918053424396486,0.2571322082877448,PFM-1 (Butterfly)
-2.4168886611508458,1.3278141358521105,PFM-1 (Butterfly)
-2.154839907854953,0.27291034806284115,PFM-1 (Butterfly)
-2.1460140985726737,0.32970112493323855,PFM-1 (Butterfly)
-2.2111520048346334,0.8694849189337661,PFM-1 (Butterfly)
-2.330231819883228,0.9486196299521361,PFM-1 (Butterfly)
-2.188812392254785,0.5435780984707079,PFM-1 (Butterfly)
-2.0896961543495913,0.2383982259611293,PFM-1 (Butterfly)
-2.155232855619288,0.6130383136544368,PFM-1 (Butterfly)
-2.135501601705739,-0.637652063359575,PMA-2 (Starfish)
-2.185607684541863,-0.474067335960137,PMA-2 (Starfish)
-2.181034144128407,-0.5938579441480771,PMA-2 (Starfish)
-2.188887460125203,-0.5976039956551349,PMA-2 (Starfish)
-2.1873396555912277,-0.5111335587352183,PMA-2 (Starfish)
-2.1568272365323375,-0.5836245453324863,PMA-2 (Starfish)
-2.16349453288942,-0.5543100671284384,PMA-2 (Starfish)
-2.4487862662318305,0.015216032703877202,PFM-1 (Butterfly)
-2.1766599940453726,-0.47911809393943533,PMA-2 (Starfish)
-2.5371616086996047,0.39597399979443776,PFM-1 (Butterfly)
-2.0870351886697187,-0.827166578756812,PMA-2 (Starfish)
-2.560983214597032,0.4400476685455989,PFM-1 (Butterfly)
-2.1694290759786083,-0.6651307296511509,PMA-2 (Starfish)
-2.56040723092376,0.17001111325862325,PFM-1 (Butterfly)
-2.1540728124405852,-0.42699747656129644,PMA-2 (Starfish)
-2.5497362381165356,0.3723894745214732,PFM-1 (Butterfly)
-2.085718804738716,-0.6400267338290291,PMA-2 (Starfish)
-2.6444241048734862,0.7556326676831195,PFM-1 (Butterfly)
-2.1935440197391687,-0.4128153404522165,PMA-2 (Starfish)
-2.1500683072160833,-0.5567438925317904,PMA-2 (Starfish)
-2.7087221042110587,1.024377274527768,PFM-1 (Butterfly)
-2.127202061853736,-0.5645772394801344,PMA-2 (Starfish)
-2.6943909230397733,1.1357674764783199,PFM-1 (Butterfly)
-2.1727279642645976,-0.4085109586552748,PMA-2 (Starfish)
-2.5882369477474896,0.5146453998424957,PFM-1 (Butterfly)
-2.08776295072452,-0.5586135750052784,PMA-2 (Starfish)
-2.4851503611722316,0.2812500545581929,PFM-1 (Butterfly)
-2.011091551941525,-0.72088257338871,PMA-2 (Starfish)
-2.5852688606409973,0.8203448634342212,PFM-1 (Butterfly)
-1.9645937592780147,-0.834435243988589,PMA-2 (Starfish)
-2.607634141092077,1.0840572385294889,PFM-1 (Butterfly)
-1.9476010115977254,-0.7325209303784594,PMA-2 (Starfish)
-2.5947206201149786,1.3037373769716005,PFM-1 (Butterfly)
-1.9325388483292418,-0.6641333512675577,PMA-2 (Starfish)
-2.5451429627257376,1.0835644456484466,PFM-1 (Butterfly)
-1.9293005348071257,-0.6136501330731118,PMA-2 (Starfish)
-2.4224782574865973,0.8467458981290971,PFM-1 (Butterfly)
-2.2869186572410536,0.720404457072351,PFM-1 (Butterfly)
-1.8583115710895879,-0.5876545914622278,PMA-2 (Starfish)
-2.1860285765869705,-0.37724462615605253,PMA-2 (Starfish)
-1.902974941417726,-0.6730943116485902,PMA-2 (Starfish)
-2.507404184500131,1.2917578522819004,PFM-1 (Butterfly)
-2.4424156882662373,-1.013161726615256,PMA-2 (Starfish)
-2.424576523742041,-0.8459767206064155,PMA-2 (Starfish)
-2.7243133693617163,1.760648371471308,PFM-1 (Butterfly)
-2.43219130259215,-0.8160685032700793,PMA-2 (Starfish)
-2.6942679282830846,2.0565435613069036,PFM-1 (Butterfly)
-2.314253581727233,-0.8818510714376954,PMA-2 (Starfish)
-2.5677351489930937,1.9813375187805948,PFM-1 (Butterfly)
-2.225080506459404,-0.9300511093708499,PMA-2 (Starfish)
-2.543744717589551,2.1074117026361643,PFM-1 (Butterfly)
-2.2844062991620557,-0.8551035171351523,PMA-2 (Starfish)
-2.6158796843178407,2.4712138502165852,PFM-1 (Butterfly)
-1.748807383109636,-0.9131918973065034,PMA-2 (Starfish)
-2.4796302463564617,1.3550311461371463,PFM-1 (Butterfly)
-2.258434306037151,-0.8665885318666495,PMA-2 (Starfish)
-2.525852801929177,2.0976004511834256,PFM-1 (Butterfly)
-2.2855786792779402,-0.7176632843711575,PMA-2 (Starfish)
-2.6113767453695744,2.4544060933985667,PFM-1 (Butterfly)
-2.2401734484239118,-0.9858900928740654,PMA-2 (Starfish)
-2.7128197318155642,2.733890638264956,PFM-1 (Butterfly)
-2.276945715063562,-0.7181913342543456,PMA-2 (Starfish)
-2.617180526655765,2.3969861931628245,PFM-1 (Butterfly)
-2.3001080162276852,-0.5782730634107136,PMA-2 (Starfish)
-2.4909084648069593,1.934503271315345,PFM-1 (Butterfly)
-2.190678615549006,-0.888594711480533,PMA-2 (Starfish)
-2.3846347403535018,1.7841665298612908,PFM-1 (Butterfly)
-2.168388292738297,-1.0049509566134283,PMA-2 (Starfish)
-2.3797491529926464,1.709778659283284,PFM-1 (Butterfly)
-2.1430082034397437,-1.1230690104623404,PMA-2 (Starfish)
-2.4255475694220827,1.9678606552164217,PFM-1 (Butterfly)
-2.151287004799433,-0.8418047450800098,PMA-2 (Starfish)
-2.338885888640699,1.6250483958000064,PFM-1 (Butterfly)
-2.110930306686537,-1.0574484338595471,PMA-2 (Starfish)
-2.3966815515274704,1.7854829575187827,PFM-1 (Butterfly)
-1.7640822946570216,-0.8082398801770906,PMA-2 (Starfish)
-2.657375901740502,2.2372922540855003,PFM-1 (Butterfly)
-2.0642569464690035,-1.18673741621543,PMA-2 (Starfish)
-2.408757181186436,1.9271560707833029,PFM-1 (Butterfly)
-2.136725554264592,-0.91071067753518,PMA-2 (Starfish)
-2.560322154858926,2.7490019853853815,PFM-1 (Butterfly)
-2.1533818345244535,-1.0284981312697437,PMA-2 (Starfish)
-2.3281243579526314,1.7488961539713688,PFM-1 (Butterfly)
-2.141489186307064,-0.981901652765058,PMA-2 (Starfish)
-2.4501327507773167,2.080702764174283,PFM-1 (Butterfly)
-2.179765173251732,-0.8445896912884603,PMA-2 (Starfish)
-2.401455894180533,1.866305733756825,PFM-1 (Butterfly)
-2.120762550797009,-1.0400645309597216,PMA-2 (Starfish)
-2.308025808754631,1.6816040883660617,PFM-1 (Butterfly)
-2.118384899603309,-1.0037411381216808,PMA-2 (Starfish)
-2.385390317908346,2.051892038687057,PFM-1 (Butterfly)
-2.1323352206918855,-0.9937241771488846,PMA-2 (Starfish)
-2.434297973385418,2.162809730165543,PFM-1 (Butterfly)
-2.1182994083527036,-0.9872767979959572,PMA-2 (Starfish)
-2.3331189909784626,1.8753766979279451,PFM-1 (Butterfly)
-2.018094852792947,-1.1431688273357858,PMA-2 (Starfish)
-2.225299866702055,1.8430816668060572,PFM-1 (Butterfly)
-1.688747017642319,-0.8557068079581771,PMA-2 (Starfish)
-2.4592418152060223,1.391414072601354,PFM-1 (Butterfly)
-2.096808141020458,-0.9267964577241333,PMA-2 (Starfish)
-2.313473034201954,1.7104917145569234,PFM-1 (Butterfly)
-2.12060984773071,-0.8637242978443571,PMA-2 (Starfish)
-2.244614257908612,1.7528254469476205,PFM-1 (Butterfly)
-2.0949845451849813,-0.992965228871647,PMA-2 (Starfish)
-2.2367814293589197,1.6190800274686652,PFM-1 (Butterfly)
-2.0559784906953222,-1.0932474276630515,PMA-2 (Starfish)
-2.2167926302076486,1.380581056560408,PFM-1 (Butterfly)
-2.0646689045840674,-0.9211313968642745,PMA-2 (Starfish)
-2.343810398975405,2.033883093788202,PFM-1 (Butterfly)
-2.0681235143547747,-0.9719201213969507,PMA-2 (Starfish)
-2.238689623214,1.8134747370952855,PFM-1 (Butterfly)
-2.0820969166312513,-0.8844358602955816,PMA-2 (Starfish)
-2.2594690601206047,1.9447632023931163,PFM-1 (Butterfly)
-2.0107011577548572,-1.0083271523888644,PMA-2 (Starfish)
-2.169402007103385,1.6148074873692124,PFM-1 (Butterfly)
-1.9794251762130075,-1.0736967069750658,PMA-2 (Starfish)
-2.195656798251048,1.7817682774022126,PFM-1 (Butterfly)
-2.0134478453715805,-0.9540039445381269,PMA-2 (Starfish)
-2.3200846316903085,2.354412015140667,PFM-1 (Butterfly)
-1.7029329155181643,-0.868900456784256,PMA-2 (Starfish)
-2.523179402214424,1.56829433609434,PFM-1 (Butterfly)
-1.9986628249048761,-0.9212298862944954,PMA-2 (Starfish)
-2.1458572885182434,1.7381172160998597,PFM-1 (Butterfly)
-1.942649935725764,-0.8869490763047294,PMA-2 (Starfish)
-2.1738275155331857,2.3346675091622147,PFM-1 (Butterfly)
-1.9171793104800983,-0.9136603320492095,PMA-2 (Starfish)
-2.039382383306377,1.8207524813006224,PFM-1 (Butterfly)
-1.8579398586339648,-0.8777519243612083,PMA-2 (Starfish)
-1.9476010170108375,1.6422759575921215,PFM-1 (Butterfly)
-1.825142773546458,-0.8899062081602784,PMA-2 (Starfish)
-1.9738444262553438,1.9541490057491457,PFM-1 (Butterfly)
-1.8050741227469642,-0.9936482328740304,PMA-2 (Starfish)
-1.8286232031211505,1.405991877610928,PFM-1 (Butterfly)
-1.7798414416637462,-1.038535564051819,PMA-2 (Starfish)
-1.8316190536335306,1.8306079454837016,PFM-1 (Butterfly)
-1.8063878196188226,-0.9779750539895923,PMA-2 (Starfish)
-1.816540998608836,1.7959225882557617,PFM-1 (Butterfly)
-1.8016529634873968,-0.7991698909471799,PMA-2 (Starfish)
-1.7808541593190383,1.9019003159921577,PFM-1 (Butterfly)
-1.754412060556044,-0.9304704398408946,PMA-2 (Starfish)
-1.6224230949635283,1.4094231890869733,PFM-1 (Butterfly)
-1.7000106692495125,-0.8032842957565668,PMA-2 (Starfish)
-2.603068261628497,2.2254047769340235,PFM-1 (Butterfly)
-1.7353644096939702,-0.985591169584558,PMA-2 (Starfish)
-1.648025431858448,1.7773149602250158,PFM-1 (Butterfly)
-1.7215284515056424,-0.9371497101824856,PMA-2 (Starfish)
-1.6154661887609592,1.7725075282671616,PFM-1 (Butterfly)
-1.6925614464822616,-0.9338200398600068,PMA-2 (Starfish)
-1.607057405019713,1.800532023212932,PFM-1 (Butterfly)
-1.6221395082020065,-1.060965299531866,PMA-2 (Starfish)
-1.7002460731192648,2.3683336337661935,PFM-1 (Butterfly)
-1.674141750237168,-0.9493538874024995,PMA-2 (Starfish)
-1.546008003718063,2.0239076429153093,PFM-1 (Butterfly)
-1.6943602766208885,-0.9200950193981263,PMA-2 (Starfish)
-1.3866592676149954,1.8644609382648047,PFM-1 (Butterfly)
-1.614387210635683,-0.9571186675467057,PMA-2 (Starfish)
-1.3579378902264567,2.0529978290616944,PFM-1 (Butterfly)
-1.5536812341884452,-1.1475471060667741,PMA-2 (Starfish)
-1.2474919385206533,1.7227055406387868,PFM-1 (Butterfly)
-1.6034289650969031,-1.0300715529186897,PMA-2 (Starfish)
-1.2682322071623704,1.8335160490326572,PFM-1 (Butterfly)
-1.6146842831605808,-0.8923997528519854,PMA-2 (Starfish)
-1.1439111741525905,1.9676942833972326,PFM-1 (Butterfly)
-1.6952673710892276,-0.7549867964750892,PMA-2 (Starfish)
-2.586847899008838,2.108254510934201,PFM-1 (Butterfly)
-1.6491317901286935,-0.6820781005351152,PMA-2 (Starfish)
-1.1548297067994393,2.1045823664910666,PFM-1 (Butterfly)
-1.5695924148958975,-0.9124517282124179,PMA-2 (Starfish)
-0.9150421860088208,1.9429429350286918,PFM-1 (Butterfly)
-1.5589908569159847,-0.8871499560279504,PMA-2 (Starfish)
-1.0396567324995698,2.374849362561277,PFM-1 (Butterfly)
-1.5758959427875265,-0.9435718157401148,PMA-2 (Starfish)
-0.9253940968599356,2.709976435661495,PFM-1 (Butterfly)
-1.4040910849593842,-1.2446011286233698,PMA-2 (Starfish)
-0.8152953032987114,2.2879621430907524,PFM-1 (Butterfly)
-1.401178671766486,-1.173547575889669,PMA-2 (Starfish)
-0.6709233307884727,2.0854181883655603,PFM-1 (Butterfly)
-1.425307792060298,-1.1391906155707356,PMA-2 (Starfish)
-0.5941431636120053,2.284206018714888,PFM-1 (Butterfly)
-1.4466085150033594,-1.0548607551505342,PMA-2 (Starfish)
-0.3323888857081689,1.8268769262870344,PFM-1 (Butterfly)
-1.3771619442994494,-1.2686652045483684,PMA-2 (Starfish)
-0.1076300806883379,1.5630016036605046,PFM-1 (Butterfly)
-0.25023729616109075,1.7762507353612715,PFM-1 (Butterfly)
-1.3830845851331228,-1.150290748024352,PMA-2 (Starfish)
-1.68352922794986,-0.8959851682602906,PMA-2 (Starfish)
-2.5482734972751064,2.0121395904206105,PFM-1 (Butterfly)
-1.377153179447685,-1.1874795123813304,PMA-2 (Starfish)
-0.0493005390899911,1.660630225845074,PFM-1 (Butterfly)
-1.3808074567925892,-1.1634129341861283,PMA-2 (Starfish)
0.12106586199911551,2.010789288364305,PFM-1 (Butterfly)
-1.4216310670405539,-1.2037980970042093,PMA-2 (Starfish)
0.20662051198134182,2.011061574935845,PFM-1 (Butterfly)
-1.451595325068575,-1.192786678164988,PMA-2 (Starfish)
0.3386632283869957,2.0180751340065695,PFM-1 (Butterfly)
-1.4372881649848201,-1.2701861202884268,PMA-2 (Starfish)
0.41331562656121223,2.129297595957921,PFM-1 (Butterfly)
-1.425400209861989,-1.1341148087234796,PMA-2 (Starfish)
0.8879343622685839,1.8357065939981965,PFM-1 (Butterfly)
-1.3766089012831422,-1.1769039024403918,PMA-2 (Starfish)
0.6635885787511628,1.3421081559240906,PFM-1 (Butterfly)
-1.3144883913187055,-1.1040024558640607,PMA-2 (Starfish)
-0.056971098251412215,0.3912286757184276,PFM-1 (Butterfly)
-1.2924908428753963,-1.2251646548852706,PMA-2 (Starfish)
-1.2413875254655327,-1.2743284116741749,PMA-2 (Starfish)
-1.637911260252789,-0.9402779869291477,PMA-2 (Starfish)
-2.461810613882205,1.6572173172282751,PFM-1 (Butterfly)
-1.242381908208122,-1.1834033266193853,PMA-2 (Starfish)
-1.2136519007541142,-1.1821065067039305,PMA-2 (Starfish)
-1.143231111922867,-1.0659989800117549,PMA-2 (Starfish)
-1.0741265644343014,-1.0832149603711496,PMA-2 (Starfish)
-1.0891296230420073,-1.063356252298609,PMA-2 (Starfish)
-0.9918133511703416,-1.0684795209551003,PMA-2 (Starfish)
-1.0108615489459927,-1.067217247400801,PMA-2 (Starfish)
-0.938821905788795,-1.2260661341619472,PMA-2 (Starfish)
-0.9049263263873095,-0.7688061941466076,PMA-2 (Starfish)
-1.1026168684092912,-1.3666182871820525,PMA-2 (Starfish)
-1.622396020734042,-0.76883796419257,PMA-2 (Starfish)
-2.4488622065663295,1.6370142343845224,PFM-1 (Butterfly)
-0.8884716908590489,-1.2886418238860853,PMA-2 (Starfish)
-1.1602763174911663,-1.2088320585170333,PMA-2 (Starfish)
-0.7950958724447154,-0.734334392682941,PMA-2 (Starfish)
-0.7695859914478699,-0.7038088837630645,PMA-2 (Starfish)
-0.7852832348445848,-0.8083417628071643,PMA-2 (Starfish)
-0.8465914164339868,-0.694974894556102,PMA-2 (Starfish)
-2.1542533450054244,-0.4646950044162529,PMA-2 (Starfish)
-1.5727519146851567,-0.8999987259473827,PMA-2 (Starfish)
-2.4494775710106724,1.4845595288421176,PFM-1 (Butterfly)
-0.779251567681254,-0.7905767383696551,PMA-2 (Starfish)
-0.8291167776721395,-0.7032610893199654,PMA-2 (Starfish)
-0.8101520777165312,-0.7801744008071182,PMA-2 (Starfish)
-0.8407820802949975,-0.8227407929763715,PMA-2 (Starfish)
-0.9108790268588374,-0.79977304882948,PMA-2 (Starfish)
-0.9712206552963665,-0.8266793563681117,PMA-2 (Starfish)
-1.007248146779322,-0.7540248878942301,PMA-2 (Starfish)
-0.993642882802313,-0.8211232723033819,PMA-2 (Starfish)
-1.06510749055556,-0.81779199352688,PMA-2 (Starfish)
-1.0294716374817796,-0.7006779082963689,PMA-2 (Starfish)
-1.6694765521945187,-0.7533508096794684,PMA-2 (Starfish)
-2.468911299466809,1.498384057445637,PFM-1 (Butterfly)
-1.0386603160635448,-0.6970010598093842,PMA-2 (Starfish)
-0.975217471069768,-0.8011534066190319,PMA-2 (Starfish)
-0.9436809263030225,-0.7068256462093392,PMA-2 (Starfish)
-0.9052611423320477,-0.6944813230991497,PMA-2 (Starfish)
-0.8552013283299472,-0.5896819967975173,PMA-2 (Starfish)
-1.4955540427805067,-1.6407201144221413,PMA-2 (Starfish)
-1.6005463745509818,-0.8068703974690018,PMA-2 (Starfish)
-2.543050973960711,2.1375118301683504,PFM-1 (Butterfly)
-1.6159929505904693,-0.7622652957180597,PMA-2 (Starfish)
-2.559248671839416,2.138907775421967,PFM-1 (Butterfly)
-1.5851598532123683,-0.6883862876084573,PMA-2 (Starfish)
-2.6679941333597466,2.6685142786233054,PFM-1 (Butterfly)
-1.5465011102003785,-0.7157166392747355,PMA-2 (Starfish)
-2.55867347456881,2.353437962103437,PFM-1 (Butterfly)
-1.5874399348475021,-0.7336333784715888,PMA-2 (Starfish)
-2.6260102612903786,2.4926631528421583,PFM-1 (Butterfly)
-1.5120042089064156,-0.7515233607265266,PMA-2 (Starfish)
-2.5719245977639877,2.2963377349679197,PFM-1 (Butterfly)
-1.4471044343251374,-0.7462077303235197,PMA-2 (Starfish)
-2.486698307293357,2.3708786731754485,PFM-1 (Butterfly)
-1.4479516004684168,-0.6555947555507987,PMA-2 (Starfish)
-2.4086364576173516,2.2153879639627276,PFM-1 (Butterfly)
-2.1619420832981797,-0.5170453650459131,PMA-2 (Starfish)
-1.441789556782049,-0.7096918331852926,PMA-2 (Starfish)
-2.3552619706270255,1.957188883880137,PFM-1 (Butterfly)
-1.3715920997646216,-0.6464118558553005,PMA-2 (Starfish)
-2.3673150351283607,2.1237092045308588,PFM-1 (Butterfly)
-1.360348459469617,-0.6006042613778626,PMA-2 (Starfish)
-2.412674534279559,2.246853802402931,PFM-1 (Butterfly)
-1.3435876312686434,-0.689189220549563,PMA-2 (Starfish)
-2.3016343143781004,1.920685573591791,PFM-1 (Butterfly)
-1.309570183764367,-0.5901108086698285,PMA-2 (Starfish)
-2.159380316274218,1.6715664064595774,PFM-1 (Butterfly)
-1.2520008736454116,-0.6193356462751307,PMA-2 (Starfish)
-2.3607477154927925,2.2211587798348753,PFM-1 (Butterfly)
-1.1996089257158482,-0.6745824953927501,PMA-2 (Starfish)
-2.2430509350908636,2.259940687174457,PFM-1 (Butterfly)
-1.2272162264678037,-0.6485601656591428,PMA-2 (Starfish)
-2.3834658779293756,2.567187019619452,PFM-1 (Butterfly)
-1.1691000064855683,-0.6193538315367465,PMA-2 (Starfish)
-2.261792910431326,2.390153809451079,PFM-1 (Butterfly)
-1.1327012758982085,-0.6097113550184959,PMA-2 (Starfish)
-2.5080948780834738,3.1968454243269284,PFM-1 (Butterfly)
-2.177189573422224,-0.4265472306973617,PMA-2 (Starfish)
-1.0982705586184838,-0.5267663036536427,PMA-2 (Starfish)
-2.262259603098015,2.247723732052784,PFM-1 (Butterfly)
-1.0281576213158707,-0.5779625440189746,PMA-2 (Starfish)
-2.238274663730266,2.204922438746104,PFM-1 (Butterfly)
-2.418340677420716,2.5456807313031065,PFM-1 (Butterfly)
-2.5399029208562762,3.441453732206275,PFM-1 (Butterfly)
-1.645498269741409,-0.5288626161227216,PFM-1 (Butterfly)
-1.7241415918425655,0.47088716294377336,PFM-1 (Butterfly)
-1.6727646376354128,0.31837564738456964,PFM-1 (Butterfly)
-1.6592626341936518,0.2938783026471056,PFM-1 (Butterfly)
-1.658934604084393,0.3942186025322755,PFM-1 (Butterfly)
-1.652806933787836,0.18362218456533758,PFM-1 (Butterfly)
-1.7299214781246586,0.11883022832949394,PFM-1 (Butterfly)
-1.7538104182077698,0.12030172557755678,PFM-1 (Butterfly)
-1.8076512521998402,0.2941817142201946,PFM-1 (Butterfly)
-1.8356313058248435,0.33389804022057074,PFM-1 (Butterfly)
-2.3294871828097086,2.654053657256873,PFM-1 (Butterfly)
-1.8753410468540348,0.1516262885047036,PFM-1 (Butterfly)
-1.077736810256889,-1.1147119522774451,PMA-2 (Starfish)
-2.0258955658750266,0.7625326672237801,PFM-1 (Butterfly)
-1.0984365110338552,-0.62335124995498,PMA-2 (Starfish)
-1.9263034557245713,0.18192309273569135,PFM-1 (Butterfly)
-1.1030650098015378,-0.7547098794164777,PMA-2 (Starfish)
-1.067745111575974,-0.7150354290099165,PMA-2 (Starfish)
-1.9140458756215486,0.2871354182375668,PFM-1 (Butterfly)
-1.0190205282113978,-0.8212133027780786,PMA-2 (Starfish)
-1.8915127567095944,0.058116419873765084,PFM-1 (Butterfly)
-1.0415654221834696,-0.7843876823059671,PMA-2 (Starfish)
-1.8854418142410834,0.0229301562726526,PFM-1 (Butterfly)
-0.9793224771448664,-0.7027675994958708,PMA-2 (Starfish)
-1.92401592026057,0.4001698713781886,PFM-1 (Butterfly)
-0.9698330181224202,-0.6702102654307739,PMA-2 (Starfish)
-1.9126280600179504,0.14730491047119176,PFM-1 (Butterfly)
-0.8679474280360873,-0.738486590481458,PMA-2 (Starfish)
-1.8460435776853208,0.026946572255092116,PFM-1 (Butterfly)
-1.8117850106598887,0.06324241197582016,PFM-1 (Butterfly)
-0.8519967756916769,-0.6586739391086921,PMA-2 (Starfish)
-2.3480668616911067,2.8203107276350794,PFM-1 (Butterfly)
-1.8124668269204274,0.061902362038859855,PFM-1 (Butterfly)
-0.796656327662136,-0.6650089777122358,PMA-2 (Starfish)
-0.7596358475116562,-0.6605468561930864,PMA-2 (Starfish)
-1.7885518829369167,0.0360532363972586,PFM-1 (Butterfly)
-1.7893740664720061,0.15841103487067945,PFM-1 (Butterfly)
-0.6522136255355279,-0.7085981338865013,PMA-2 (Starfish)
-1.7861441600368393,0.1463071156261942,PFM-1 (Butterfly)
-0.6293818091017697,-0.7772359683266062,PMA-2 (Starfish)
-0.5760637987972664,-1.0067897314331502,PMA-2 (Starfish)
-1.7466320396723958,0.12563780579576153,PFM-1 (Butterfly)
-0.5333303820238251,-0.90689168706807,PMA-2 (Starfish)
-1.732532431207396,0.04256616980300342,PFM-1 (Butterfly)
-0.4032092807267307,-0.5903581724982813,PMA-2 (Starfish)
-1.7468651273810263,0.13916588713016714,PFM-1 (Butterfly)
-1.7434945933238422,0.17548339158377188,PFM-1 (Butterfly)
-0.369826538860681,-0.6980447420091818,PMA-2 (Starfish)
-1.6821823948305286,0.25986640913145054,PFM-1 (Butterfly)
-0.26808229887502183,-0.5300617091746914,PMA-2 (Starfish)
-1.6800605049620911,0.20076959338283695,PFM-1 (Butterfly)
-0.28062555861851407,-1.0157483028855667,PMA-2 (Starfish)
-2.248277103734273,2.5929260107323717,PFM-1 (Butterfly)
-1.6240172532304178,0.11850590045857383,PFM-1 (Butterfly)
-0.1728242812315729,-0.7096477125340127,PMA-2 (Starfish)
-1.6431575272719248,0.17769544819756045,PFM-1 (Butterfly)
-0.11503757395089026,-1.0116984922617773,PMA-2 (Starfish)
-1.7388803719851214,0.3328332060651543,PFM-1 (Butterfly)
-0.08239923517541885,-1.0512359407342466,PMA-2 (Starfish)
-1.6261884522221897,0.3933391339101781,PFM-1 (Butterfly)
-0.015753751371826934,-1.3072594420815091,PMA-2 (Starfish)
-1.5986727347316436,0.33734229114997205,PFM-1 (Butterfly)
0.28902022260053595,-0.9069995150860031,PMA-2 (Starfish)
-1.6033381714899069,0.2584478946149241,PFM-1 (Butterfly)
0.2770019509618541,-1.0355531203768864,PMA-2 (Starfish)
-1.5944242864271803,0.3267030514888799,PFM-1 (Butterfly)
0.6368144649354885,-0.7471054033165012,PMA-2 (Starfish)
-1.5237874841500274,0.4994462314671246,PFM-1 (Butterfly)
0.6911336999866378,-1.181110792922921,PMA-2 (Starfish)
-1.544813110499817,0.44761072888127446,PFM-1 (Butterfly)
-0.006179568637312425,-1.626092400512694,PMA-2 (Starfish)
-1.394340350949271,0.41306806358270076,PFM-1 (Butterfly)
-2.0365523823758767,1.721188212923213,PFM-1 (Butterfly)
-1.382762446874512,0.49193621238485136,PFM-1 (Butterfly)
-1.2781397186967114,0.37418933045167757,PFM-1 (Butterfly)
-1.2356121898685544,0.29883420595560367,PFM-1 (Butterfly)
-1.1281812134677163,0.26505941709769215,PFM-1 (Butterfly)
-1.038371730873998,0.3657127185578961,PFM-1 (Butterfly)
-0.8779114603688143,0.24759300468177897,PFM-1 (Butterfly)
-0.8280055658584055,0.17779457773900859,PFM-1 (Butterfly)
-0.6341400663356831,0.22874155597457807,PFM-1 (Butterfly)
-0.38971354216111204,0.13447731963548476,PFM-1 (Butterfly)
-0.2525806320840361,0.08319858872103848,PFM-1 (Butterfly)
-2.3734052907769647,3.2227966480209367,PFM-1 (Butterfly)
-0.3389391927666746,-0.679391195311728,PFM-1 (Butterfly)
-0.37698890984195893,-0.9996868992562722,PFM-1 (Butterfly)
-2.2326469146457972,2.7779988015124655,PFM-1 (Butterfly)
-2.1792818377411716,-0.45890964423486136,PMA-2 (Starfish)
-2.107216588669533,2.2373947652294937,PFM-1 (Butterfly)
-2.1055790263217933,2.341960136843012,PFM-1 (Butterfly)
-1.9281878542993225,2.106095465612028,PFM-1 (Butterfly)
-1.9785022469768712,2.37368527835023,PFM-1 (Butterfly)
-2.056690847409238,2.7268305472143446,PFM-1 (Butterfly)
-2.1122203492894105,3.563788992989509,PFM-1 (Butterfly)
-1.867716482986699,2.6133217650366976,PFM-1 (Butterfly)
-2.1108996356634595,3.237890528589827,PFM-1 (Butterfly)
-1.7551011722225576,2.459223453826175,PFM-1 (Butterfly)
-1.9692046395446607,2.0044790064053317,PFM-1 (Butterfly)
-2.1226527272720634,-0.6617390800998756,PMA-2 (Starfish)
-1.717041054087869,0.4274126981064934,PFM-1 (Butterfly)
-1.7016821969971037,2.6753313708561577,PFM-1 (Butterfly)
-1.7587043699557672,3.0661715573118045,PFM-1 (Butterfly)
-1.4924593845720453,2.2214052676465714,PFM-1 (Butterfly)
-1.5773627721974453,2.581501408969701,PFM-1 (Butterfly)
-1.3653334003249713,2.0190419869019887,PFM-1 (Butterfly)
-1.4814030213753264,2.602721067664475,PFM-1 (Butterfly)
-1.2689177468019934,2.2857607887493083,PFM-1 (Butterfly)
-1.2884791643042406,2.506281853931324,PFM-1 (Butterfly)
-1.18270705462883,2.188122560462037,PFM-1 (Butterfly)
-2.0892459419519067,-0.7032980963320165,PMA-2 (Starfish)
-0.9895982683678891,2.106342769588336,PFM-1 (Butterfly)
-0.910090761431679,2.262905469386615,PFM-1 (Butterfly)
-0.8032359718757148,2.262938365288571,PFM-1 (Butterfly)
-0.8595870724600367,0.028327512325096622,PFM-1 (Butterfly)
-0.7041596170654612,-0.29661365950971297,PFM-1 (Butterfly)
-1.0712188781600664,-1.1217917573075584,PMA-2 (Starfish)
-1.9345010667969873,-0.8254410403634573,PFM-1 (Butterfly)
-1.0712188781600664,-1.1217917573075584,PMA-2 (Starfish)
-1.9851626297770668,-0.571101852658577,PFM-1 (Butterfly)
-1.0504466740245346,-1.095405124885866,PMA-2 (Starfish)
-1.9176870165686253,-0.8957328953312149,PFM-1 (Butterfly)
-1.0582678837034754,-1.1273598989057132,PMA-2 (Starfish)
-1.9495305749223073,-0.6912146052636958,PFM-1 (Butterfly)
-1.0597752483241465,-1.2315230755757678,PMA-2 (Starfish)
-1.9282628382448301,-0.749913998792649,PFM-1 (Butterfly)
-1.0387992004432716,-1.2093348883809172,PMA-2 (Starfish)
-1.9039447172447381,-0.9673698486882684,PFM-1 (Butterfly)
-0.8855886375780702,-1.543999706024373,PMA-2 (Starfish)
-1.8837960230059325,-0.8314959619838461,PFM-1 (Butterfly)
-0.9986153386968213,-1.1689415817547981,PMA-2 (Starfish)
-1.997989825874883,-0.6513650048721982,PFM-1 (Butterfly)
-1.0524427093620732,-1.0632523073898466,PMA-2 (Starfish)
-2.005555017136207,-0.644687386988324,PFM-1 (Butterfly)
-0.9967983323594285,-1.1913518183145277,PMA-2 (Starfish)
-2.0144821128141595,-0.6366397498003804,PFM-1 (Butterfly)
-1.09450756493116,-1.1185003032595817,PMA-2 (Starfish)
-1.9868912803366736,-0.8811065395563823,PFM-1 (Butterfly)
-0.9758529664166782,-1.2986607935994947,PMA-2 (Starfish)
-1.981170126894148,-0.7471740388605889,PFM-1 (Butterfly)
-1.0448025810738533,-1.1067549708073185,PMA-2 (Starfish)
-1.9565423848886991,-0.6657488538097152,PFM-1 (Butterfly)
-0.9409432699574395,-1.192591981015691,PMA-2 (Starfish)
-1.9779962075616861,-0.4782269677525729,PFM-1 (Butterfly)
-0.9137936133409025,-1.1036221282305487,PMA-2 (Starfish)
-1.997335285041254,-0.4821048209824644,PFM-1 (Butterfly)
-0.7260488738536667,-0.9782507736507453,PMA-2 (Starfish)
-1.9397447636485536,-0.5260424336034717,PFM-1 (Butterfly)
-0.7372162761037523,-1.0719759342034545,PMA-2 (Starfish)
-1.9153813628408722,-0.7260661207704243,PFM-1 (Butterfly)
-0.5550862379781619,-0.9716082727757296,PMA-2 (Starfish)
-1.964322224248619,-0.6190275201009966,PFM-1 (Butterfly)
-0.625211368460822,-1.063103111232824,PMA-2 (Starfish)
-1.9403112821697062,-0.6309181291623086,PFM-1 (Butterfly)
-0.5128161112369823,-0.8926087852188975,PMA-2 (Starfish)
-1.922385990587874,-0.712330576621938,PFM-1 (Butterfly)
-0.5241785075999168,-0.8946610313266536,PMA-2 (Starfish)
-1.9057682378884817,-0.8580339988991293,PFM-1 (Butterfly)
-0.3628575910877524,-0.9209336653936122,PMA-2 (Starfish)
-2.0039236996148824,-0.4137901551463159,PFM-1 (Butterfly)
-0.2428763954046003,-1.0752750288727355,PMA-2 (Starfish)
-1.8811807766076192,-0.8048066118956962,PFM-1 (Butterfly)
-1.047675891797844,-1.2005664283856656,PMA-2 (Starfish)
-1.9263337292330738,-0.7926874671724917,PFM-1 (Butterfly)
-0.009401615476916645,-0.9124056773933236,PMA-2 (Starfish)
-1.8260527236097523,-0.9874593011406795,PFM-1 (Butterfly)
-0.04805486985229163,-0.8318583904298682,PMA-2 (Starfish)
-1.891258004467588,-0.7382308222429945,PFM-1 (Butterfly)
0.29186858939618004,-0.4712479437013343,PMA-2 (Starfish)
-1.87925703411137,-0.742072295786105,PFM-1 (Butterfly)
0.43163036985511616,-0.006562864802401203,PMA-2 (Starfish)
-1.8809914486417285,-0.7738706973487078,PFM-1 (Butterfly)
0.6247752831406418,-0.4039825167896269,PMA-2 (Starfish)
-1.8938073318445563,-0.5444933950482516,PFM-1 (Butterfly)
1.2396237469112288,-0.12879541407124984,PMA-2 (Starfish)
-1.8900905236047534,-0.5169396912990206,PFM-1 (Butterfly)
1.5258105666965218,-0.18888838451016632,PMA-2 (Starfish)
-2.0761351403846615,-0.09408308778319521,PFM-1 (Butterfly)
1.3937958392839287,-0.9576401804069967,PMA-2 (Starfish)
-2.08993797169327,-0.149471630722162,PFM-1 (Butterfly)
-2.124455565940133,-0.020862830047958438,PFM-1 (Butterfly)
-2.130543466986308,-0.07330523885294182,PFM-1 (Butterfly)
-1.0179169496171676,-1.22138182155061,PMA-2 (Starfish)
-1.9124216266237224,-0.8204198386892865,PFM-1 (Butterfly)
-2.1552469895143913,0.1390062714831913,PFM-1 (Butterfly)
-2.1670389744141016,0.2212255088081591,PFM-1 (Butterfly)
-1.9623252061204763,-0.17466511386645894,PFM-1 (Butterfly)
-1.8834737469268692,-0.08273875002981163,PFM-1 (Butterfly)
-1.9071653971943399,0.12508966700972077,PFM-1 (Butterfly)
-1.821688083429618,-0.2360185131782974,PFM-1 (Butterfly)
-1.7788532485115813,-0.07280903657388632,PFM-1 (Butterfly)
-1.7610122968747957,-0.04365754251807109,PFM-1 (Butterfly)
-1.5876836592735726,-0.21200440449742408,PFM-1 (Butterfly)
-1.6060498562861691,-0.2770975226568464,PFM-1 (Butterfly)
-1.0070817073978207,-1.2793371447618938,PMA-2 (Starfish)
-1.9614740568070774,-0.6619694565348074,PFM-1 (Butterfly)
-1.6006351732814204,-0.37512499601387733,PFM-1 (Butterfly)
-1.590650548347774,-0.43546915481748955,PFM-1 (Butterfly)
-1.6559610254077153,-0.2488559507501352,PFM-1 (Butterfly)
-1.8683141025789423,0.1554525570240735,PFM-1 (Butterfly)
-1.7237867882029911,-0.08958970913445363,PFM-1 (Butterfly)
-1.6652575521694806,-0.4717520370010987,PFM-1 (Butterfly)
-1.6094664338548816,-0.44009530179444845,PFM-1 (Butterfly)
-1.5971001907632907,-0.41816725568523855,PFM-1 (Butterfly)
-1.423869428116865,-0.30745761786679554,PFM-1 (Butterfly)
-1.3597488971136913,-0.5838254470911008,PFM-1 (Butterfly)
-1.0607355576403097,-1.0620564070421346,PMA-2 (Starfish)
-1.9404830562451985,-0.6755864205589777,PFM-1 (Butterfly)
-1.3602358793074272,-0.4082963438382395,PFM-1 (Butterfly)
-1.2363798566545299,-0.4874872473592719,PFM-1 (Butterfly)
-0.48898802623874693,-0.3811417033667547,PFM-1 (Butterfly)
-0.25276232491943423,-0.14232609685839226,PFM-1 (Butterfly)
-0.3499797856001026,-0.11022949147399043,PFM-1 (Butterfly)
-1.048668347598625,-1.1862504608826723,PMA-2 (Starfish)
-1.88657953663546,-0.8724022005073265,PFM-1 (Butterfly)
-0.15377605476563727,-0.0638015811391605,PFM-1 (Butterfly)
-0.014974474913362491,-0.21675161679421492,PFM-1 (Butterfly)
-0.11324968483940542,-0.11815408657509964,PFM-1 (Butterfly)
-0.2794726291932903,-0.24708583112578592,PFM-1 (Butterfly)
-0.12407398308520676,-0.13589076212825585,PFM-1 (Butterfly)
-0.20544338342684582,-0.1493623511174193,PFM-1 (Butterfly)
0.1429154806996346,0.051798124351628,PFM-1 (Butterfly)
0.20771015214782104,0.3614446571539235,PFM-1 (Butterfly)
-0.672571430387074,0.05641866860914208,PFM-1 (Butterfly)
-1.0078217383220338,-1.0954256751492621,PMA-2 (Starfish)
-1.8991547765839925,-0.8771672859041089,PFM-1 (Butterfly)
0.16703885524150547,-0.06320611461959795,PFM-1 (Butterfly)
0.2549609406818177,-0.30514424155916947,PFM-1 (Butterfly)
-0.05639075407971909,-0.3766047224935336,PFM-1 (Butterfly)
0.028328898095301654,-0.70016588980244,PFM-1 (Butterfly)
1.6595253547335387,-0.3763459337341829,PFM-1 (Butterfly)
-1.0382029792660714,-1.1065522085988753,PMA-2 (Starfish)
-1.9437698274477528,-0.79619723562458,PFM-1 (Butterfly)
-2.553027406264359,3.9104268272439615,PFM-1 (Butterfly)
-1.6999610351934449,-0.6918339801254998,PMA-2 (Starfish)
-2.3347079896488427,2.973119930890381,PFM-1 (Butterfly)
-1.6633320024813099,-0.8207802163269292,PMA-2 (Starfish)
-1.6513240776734455,-0.7274592080605995,PMA-2 (Starfish)
-2.1162269806242793,1.7688301528783734,PFM-1 (Butterfly)
-1.7276413519236948,-0.7520995827211967,PMA-2 (Starfish)
-1.7406930265210259,-0.7908963022587671,PMA-2 (Starfish)
-1.780680649048343,-0.8146731185739008,PMA-2 (Starfish)
-1.8255761740844725,-0.7647000875223328,PMA-2 (Starfish)
-1.8911562703823674,-0.7187028454399644,PMA-2 (Starfish)
-2.2252266704036785,-0.9269417681983819,PMA-2 (Starfish)
-2.21655344631192,-0.9532989897156096,PMA-2 (Starfish)
-2.1210630629624245,-0.8598866460674448,PMA-2 (Starfish)
-1.9615881950220524,-0.6657623675858373,PMA-2 (Starfish)
-2.1582778236811158,-0.7977881513968375,PMA-2 (Starfish)
-2.1505765224916766,-0.8217233767991506,PMA-2 (Starfish)
-2.1273755415230404,-0.9100970682033339,PMA-2 (Starfish)
-2.1164014108139315,-0.8028122117974821,PMA-2 (Starfish)
-2.0924647829963767,-0.8927324962318073,PMA-2 (Starfish)
-2.0731491598949487,-0.8477236245229659,PMA-2 (Starfish)
-2.025279344081917,-0.9299660868673045,PMA-2 (Starfish)
-2.0275957847604817,-0.9590577232034758,PMA-2 (Starfish)
-1.996149640574339,-0.851018223012582,PMA-2 (Starfish)
-1.935808824820728,-1.0112599565838691,PMA-2 (Starfish)
-1.959432300242606,-0.704786645658404,PMA-2 (Starfish)
-1.9374522773992067,-0.8818136237721065,PMA-2 (Starfish)
-1.9120221199157827,-0.8739290546226096,PMA-2 (Starfish)
-1.9163617914879667,-0.8156146163221453,PMA-2 (Starfish)
-1.859721109752047,-0.8902687987879256,PMA-2 (Starfish)
-1.8544636086389534,-0.9413663401461072,PMA-2 (Starfish)
-1.8827595267672714,-0.7680565318593314,PMA-2 (Starfish)
-1.8397704450932937,-0.968538360718059,PMA-2 (Starfish)
-1.8265069964277856,-1.0080619223019875,PMA-2 (Starfish)
-1.8243840434425642,-0.9749550710587749,PMA-2 (Starfish)
-1.8183132470572494,-0.949576547669277,PMA-2 (Starfish)
-1.997470861135803,-0.6574534854866293,PMA-2 (Starfish)
-1.810668755583981,-0.9100388823869847,PMA-2 (Starfish)
-1.7727247569135343,-0.8568318288252369,PMA-2 (Starfish)
-1.8044377704853318,-0.8092635861397304,PMA-2 (Starfish)
-1.757353352385774,-0.8601578942531607,PMA-2 (Starfish)
-1.7044354592554238,-0.8501810912132425,PMA-2 (Starfish)
-1.7462056158142398,-0.9024533702495581,PMA-2 (Starfish)
-1.689897135718405,-0.8902351847410833,PMA-2 (Starfish)
-1.6510168318368665,-0.795612081297065,PMA-2 (Starfish)
-1.634320224815615,-0.8092368377777447,PMA-2 (Starfish)
-1.6034892030349075,-0.8689183522263783,PMA-2 (Starfish)
-1.9715515847833207,-0.7156983820884703,PMA-2 (Starfish)
-1.556666689521197,-0.8911898330898358,PMA-2 (Starfish)
-1.498757250486497,-0.8158596565900189,PMA-2 (Starfish)
-1.496609245248943,-0.7533755177363187,PMA-2 (Starfish)
-1.4564415774252635,-0.7875340819527915,PMA-2 (Starfish)
-1.4529274906846728,-0.7510614151585032,PMA-2 (Starfish)
-1.3563060421836244,-0.6976711521501666,PMA-2 (Starfish)
-1.329133088667274,-0.7752051225641818,PMA-2 (Starfish)
-1.3294472900801575,-0.6631325149913306,PMA-2 (Starfish)
-1.2970418996097302,-0.6832475330695514,PMA-2 (Starfish)
-1.204152768971258,-0.6609798772841086,PMA-2 (Starfish)
-2.260195330094845,2.8102511026114683,PFM-1 (Butterfly)
-1.6686237222114673,-0.8275388088484111,PMA-2 (Starfish)
-1.9791450353216418,-0.6926073492009074,PMA-2 (Starfish)
-1.2041344722466103,-0.556226849403085,PMA-2 (Starfish)
-1.1231541846531563,-0.8232376660817105,PMA-2 (Starfish)
-1.031299780293067,-0.9576531452414464,PMA-2 (Starfish)
-1.0967893654910141,-1.125593916528531,PMA-2 (Starfish)
-1.3353783265908155,-1.3911123010182478,PMA-2 (Starfish)
-0.8877537464006349,-1.1266480252962803,PMA-2 (Starfish)
-0.8139920566098197,-0.9395593154053106,PMA-2 (Starfish)
-1.2620527100789325,-1.3746367329135638,PMA-2 (Starfish)
-0.7638454941244105,-1.379935997939578,PMA-2 (Starfish)
-1.9998790341501902,-0.6440231313660246,PMA-2 (Starfish)
-1.9905114076694952,-0.6873459773514704,PMA-2 (Starfish)
-2.053548849800958,-0.6659601767386117,PMA-2 (Starfish)
-2.0802900909123805,-0.5330953697171499,PMA-2 (Starfish)
-2.0192128827741236,-0.7210484597992157,PMA-2 (Starfish)
-2.0551592928105067,-0.7360962251895252,PMA-2 (Starfish)
-2.0320308088867858,-0.7266323806195742,PMA-2 (Starfish)
-2.0423237623804447,-0.7149184436928072,PMA-2 (Starfish)
-2.065005313995217,-0.6607809168096292,PMA-2 (Starfish)
-2.2002176374973144,2.5590624429335254,PFM-1 (Butterfly)
-1.6559176085683684,-0.8595012266335633,PMA-2 (Starfish)
-2.0276803679834132,-0.6301651342373832,PMA-2 (Starfish)
-1.977182651164553,-0.8061660452652518,PMA-2 (Starfish)
-1.9787272067566477,-0.6302724644523788,PMA-2 (Starfish)
-1.9009138946495165,-0.7409503418458048,PMA-2 (Starfish)
-1.8115388554545255,-0.7367897090887112,PMA-2 (Starfish)
-1.8015923212521325,-0.7493726925603337,PMA-2 (Starfish)
-1.7501775226766725,-0.6414473840745867,PMA-2 (Starfish)
-1.761425759038306,-0.7504149363306405,PMA-2 (Starfish)
-1.6359355202565578,-0.7225518815575833,PMA-2 (Starfish)
-1.6858826970543976,-0.5557967023622281,PMA-2 (Starfish)
-1.672013740397344,-0.7776739818141489,PMA-2 (Starfish)
-2.2456332442383977,2.731966051699121,PFM-1 (Butterfly)
-1.6269756288741903,-0.5860844792784837,PMA-2 (Starfish)
-1.5524912388586132,-0.6240868845526771,PMA-2 (Starfish)
-1.4639681665689241,-0.5956958789525594,PMA-2 (Starfish)
-1.377092160443797,-0.6654895609803526,PMA-2 (Starfish)
-1.2132548687330322,0.9511701428920457,PFM-1 (Butterfly)
-1.2953037958689284,-0.6150045677642499,PMA-2 (Starfish)
-1.5127629705094041,1.9238478504207437,PFM-1 (Butterfly)
-3.1756166441915017,2.201939559206846,PFM-1 (Butterfly)
-3.2519891123475837,2.740044407149015,PFM-1 (Butterfly)
-3.3461530483902404,3.789932844669201,PFM-1 (Butterfly)
-3.318365811947713,3.5506034426690865,PFM-1 (Butterfly)
-3.2776000702132957,3.5402126472551942,PFM-1 (Butterfly)
-3.2586217432088924,3.5100240120594455,PFM-1 (Butterfly)
-3.3714885511512223,3.9245360511588188,PFM-1 (Butterfly)
-3.248810164522948,3.3970850695837673,PFM-1 (Butterfly)
-3.358433984957663,3.935766635126359,PFM-1 (Butterfly)
-3.2023106735293214,3.3165127458188595,PFM-1 (Butterfly)
-1.2030143919153038,-0.7306069513034689,PMA-2 (Starfish)
-1.2668300493440605,1.624836130325891,PFM-1 (Butterfly)
-3.2032846989163217,3.4414690497158844,PFM-1 (Butterfly)
-3.326204790712025,3.9892144928083977,PFM-1 (Butterfly)
-2.850092983603065,1.8029523363206224,PFM-1 (Butterfly)
-3.1011558595811324,3.2663802542911196,PFM-1 (Butterfly)
-3.090904184495742,3.2576180840506086,PFM-1 (Butterfly)
-3.2382604742480425,4.135075991137171,PFM-1 (Butterfly)
-2.9381645776444327,3.0325310444415186,PFM-1 (Butterfly)
-2.158596138640114,-1.2865427295208962,PMA-2 (Starfish)
-2.806487164466594,2.8927123957256033,PFM-1 (Butterfly)
-2.0721591448672467,-0.7294193013813863,PMA-2 (Starfish)
-2.768323632766287,3.043667762299358,PFM-1 (Butterfly)
-2.0915588422702345,-0.7343448607332703,PMA-2 (Starfish)
-2.7619632655211714,2.828923892263896,PFM-1 (Butterfly)
-1.2310764116098205,-0.7339320455896268,PMA-2 (Starfish)
-1.1422436173511095,0.7541148637425429,PFM-1 (Butterfly)
-2.0447659624443717,-0.7906999911778012,PMA-2 (Starfish)
-2.456486365700242,1.6704611108435607,PFM-1 (Butterfly)
-2.144212991754813,-1.1458049014525673,PMA-2 (Starfish)
-2.6067747863097064,2.306632594668101,PFM-1 (Butterfly)
-2.000150667755888,-1.3367114200675925,PMA-2 (Starfish)
-2.6610015156136098,2.5557802458036294,PFM-1 (Butterfly)
-1.9734834976527909,-0.7983546928748312,PMA-2 (Starfish)
-2.493982974005451,1.9929770698982219,PFM-1 (Butterfly)
-1.9784028178088393,-0.7784960801179036,PMA-2 (Starfish)
-2.5734032207555435,2.3100979777998902,PFM-1 (Butterfly)
-1.9487067431363452,-0.8461155161492729,PMA-2 (Starfish)
-2.501266877518601,2.1811872265386936,PFM-1 (Butterfly)
-1.8632389675132013,-0.88929491266787,PMA-2 (Starfish)
-2.4605050571183686,2.344444340853047,PFM-1 (Butterfly)
-1.8828994879690677,-0.765441814874408,PMA-2 (Starfish)
-2.3834219777501295,1.9379153474665183,PFM-1 (Butterfly)
-1.894992932501228,-0.7590851222563401,PMA-2 (Starfish)
-2.3666366452661736,1.859340342200765,PFM-1 (Butterfly)
-1.9131895565584345,-0.7548893362216613,PMA-2 (Starfish)
-2.4858895661462497,2.1030647431147127,PFM-1 (Butterfly)
-1.1903657263849459,-0.6154603953931677,PMA-2 (Starfish)
-1.0880687272828706,1.1233073149932642,PFM-1 (Butterfly)
-1.886386763950114,-0.7302782391156399,PMA-2 (Starfish)
-2.5011632674642756,2.448169384361437,PFM-1 (Butterfly)
-1.8538641061173422,-0.658259724171525,PMA-2 (Starfish)
-2.5738593549764546,2.8170877666401,PFM-1 (Butterfly)
-1.8124093751597783,-0.8814498895163655,PMA-2 (Starfish)
-2.4494676176257237,2.2206724852317916,PFM-1 (Butterfly)
-1.6996986050622727,-0.8715525377726663,PMA-2 (Starfish)
-2.4294724869975886,2.8735765742786676,PFM-1 (Butterfly)
-1.6847884890506746,-0.9383379646390457,PMA-2 (Starfish)
-2.390934717352906,2.7780887175369657,PFM-1 (Butterfly)
-1.6777862799592993,-0.7848049300820786,PMA-2 (Starfish)
-2.399758530565242,3.1896111724682497,PFM-1 (Butterfly)
-1.672390322539972,-0.7752524426623323,PMA-2 (Starfish)
-2.265200706302041,2.595800487492393,PFM-1 (Butterfly)
-1.5956143719867801,-0.7973362902653436,PMA-2 (Starfish)
-2.223759922493498,2.4940346293328215,PFM-1 (Butterfly)
-1.5593962881716719,-0.7815870510777768,PMA-2 (Starfish)
-2.341843981595386,3.2430330513735055,PFM-1 (Butterfly)
-1.5828678751785992,-0.6790911890971533,PMA-2 (Starfish)
-2.3449754245579166,3.4735872769909664,PFM-1 (Butterfly)
-1.1752608065112184,-0.6389950610554569,PMA-2 (Starfish)
-1.3090482252517395,-0.0115727961596785,PFM-1 (Butterfly)
-1.4897806863511573,-0.8514504199077848,PMA-2 (Starfish)
-2.1581228658378744,2.7258963432937366,PFM-1 (Butterfly)
-1.4802422187333084,-0.7780891227451981,PMA-2 (Starfish)
-2.0788929204580024,2.4561731865825673,PFM-1 (Butterfly)
-1.4382161657179502,-0.709537371645978,PMA-2 (Starfish)
-2.057196876424825,2.624998316859454,PFM-1 (Butterfly)
-1.3901531693241624,-0.8777347990199237,PMA-2 (Starfish)
-2.159340759580521,2.832660527375951,PFM-1 (Butterfly)
-1.3531944158679698,-0.6816683007779859,PMA-2 (Starfish)
-2.090360229793425,2.8294123153524526,PFM-1 (Butterfly)
-1.3169277966399189,-0.7714932171923461,PMA-2 (Starfish)
-2.217386769657269,3.3483175352157963,PFM-1 (Butterfly)
-1.2621736729211357,-0.7676223107308648,PMA-2 (Starfish)
-2.1129729301546774,2.8758546037893056,PFM-1 (Butterfly)
-1.1716887466248622,-0.8343751051621061,PMA-2 (Starfish)
-2.068544406749181,3.0901729016512536,PFM-1 (Butterfly)
-1.167998333138477,-0.6406204016614465,PMA-2 (Starfish)
-1.9575270465521093,2.5994865938379292,PFM-1 (Butterfly)
-1.1418044067266906,-0.7042825387029904,PMA-2 (Starfish)
-2.0643878595726335,3.092490910012299,PFM-1 (Butterfly)
-1.0759480449183354,-0.5842106589913924,PMA-2 (Starfish)
-1.1067202379866434,0.2138749863018074,PFM-1 (Butterfly)
-2.028843683535943,2.8903139133272435,PFM-1 (Butterfly)
-1.1140067489899166,-0.6190652158387131,PMA-2 (Starfish)
-1.8930907961733041,2.3904539954636688,PFM-1 (Butterfly)
-1.1023925020977654,-1.08502981165909,PMA-2 (Starfish)
-1.9818073610510123,2.768888469957446,PFM-1 (Butterfly)
-1.9235011535277189,2.415180855624505,PFM-1 (Butterfly)
-1.914629786131623,2.7457039938683687,PFM-1 (Butterfly)
-2.2028532239369523,4.044385019372008,PFM-1 (Butterfly)
-1.6742906935805668,2.2803561305960476,PFM-1 (Butterfly)
-1.628476021567734,1.1224454445642107,PFM-1 (Butterfly)
-1.6953917037678654,-0.6927662726989574,PMA-2 (Starfish)
-2.2339220386430028,2.7479385468782733,PFM-1 (Butterfly)
-1.0706330829624595,-0.6148902425089561,PMA-2 (Starfish)
-1.6871564065590983,0.09123394379064023,PFM-1 (Butterfly)
-1.0162948975140553,-0.6665417999040848,PMA-2 (Starfish)
-1.8121276494386847,0.18228643692227053,PFM-1 (Butterfly)
-1.2569873447760804,-0.13938880260406855,PFM-1 (Butterfly)
-1.3918297892033777,0.8281721014707096,PFM-1 (Butterfly)
-1.3627384132262084,0.18316680598352483,PFM-1 (Butterfly)
-0.965822568910404,-0.6415256275732917,PMA-2 (Starfish)
-1.67331267688429,-0.050937344160270175,PFM-1 (Butterfly)
-1.0307057360254732,-0.6548954185397334,PMA-2 (Starfish)
-0.9002982941056221,-0.5851226319316871,PMA-2 (Starfish)
-1.5705509862742404,-0.06317149740485609,PFM-1 (Butterfly)
-0.9031445711946537,-0.49260795286994574,PMA-2 (Starfish)
-1.0628904842399747,-0.5730201976218596,PFM-1 (Butterfly)
-0.820295976255614,-0.5262757007493352,PMA-2 (Starfish)
-0.8535250654346769,-0.5847030524552247,PFM-1 (Butterfly)
-0.7382886346516799,-0.5865235586868797,PMA-2 (Starfish)
-1.1970798010264532,-0.14339763856077137,PFM-1 (Butterfly)
-0.6623938297886807,-0.574137844217304,PMA-2 (Starfish)
-1.1688946572479693,-0.1924789595392755,PFM-1 (Butterfly)
-0.5952745431541024,-0.5028689645909954,PMA-2 (Starfish)
-0.27554025842664626,-0.7116172103500176,PFM-1 (Butterfly)
-1.681238031500287,-0.7132027061196865,PMA-2 (Starfish)
-2.3141009964216077,2.9426496326012894,PFM-1 (Butterfly)
-0.07690594752054523,-0.8393613003387387,PFM-1 (Butterfly)
-0.26883674327256296,-0.7853601466865937,PFM-1 (Butterfly)
-2.2685890495667453,2.874083361876535,PFM-1 (Butterfly)
-1.6448477404415274,-0.6934815904941952,PMA-2 (Starfish)
-2.1578104068314077,2.6195010199244577,PFM-1 (Butterfly)
-1.6524268234593011,-0.7080036237828434,PMA-2 (Starfish)
-1.6569248034379318,-0.7059159847884707,PMA-2 (Starfish)
-2.212477980630179,2.7788905532629955,PFM-1 (Butterfly)
-1.0202257621993829,-0.927779545785707,PMA-2 (Starfish)
-0.8174200476688588,-0.6960614373327013,PMA-2 (Starfish)
-0.8352943840601574,-0.6790168900311999,PMA-2 (Starfish)
-0.8035329603766991,-0.5809583344598168,PMA-2 (Starfish)
-0.6353871230252087,-0.7093397936960406,PMA-2 (Starfish)
-0.726863824500274,-0.554763244040558,PMA-2 (Starfish)
-0.586169978660054,-0.5404559696671939,PMA-2 (Starfish)
-0.5631013207773317,-0.7722065952506445,PMA-2 (Starfish)
-0.4012012652582405,-0.6240652663720911,PMA-2 (Starfish)
-0.2756893485843573,-0.6449199765463683,PMA-2 (Starfish)
-0.2554310337634049,-0.5769501239875052,PMA-2 (Starfish)
-0.1682292100813304,-0.5128154154462514,PMA-2 (Starfish)
-0.08565250613074309,-0.5767159803996165,PMA-2 (Starfish)
0.02814308661867122,-0.6026091301317452,PMA-2 (Starfish)
0.19067379212698488,-0.4524509921430466,PMA-2 (Starfish)
0.3958199117508443,-0.4588840173715533,PMA-2 (Starfish)
0.5421226859258614,-0.36541839969500195,PMA-2 (Starfish)
0.8144907861931812,-0.41471775841196096,PMA-2 (Starfish)
1.0325323342102337,-0.44478108519109355,PMA-2 (Starfish)
1.277342926560859,-0.42215278450235155,PMA-2 (Starfish)
1.5492318605645614,-0.20089128863423938,PMA-2 (Starfish)
1.8046223860127444,-0.2960663201963148,PMA-2 (Starfish)
2.144761933055969,-0.1524004028390567,PMA-2 (Starfish)
2.226084070171942,-0.4384332891266807,PMA-2 (Starfish)
2.607947702733211,-0.3444750569843094,PMA-2 (Starfish)
1.8243140751479252,-1.3381083303828902,PMA-2 (Starfish)
-0.9731204963423562,-0.6391725776320385,PMA-2 (Starfish)
-0.9171384828314852,-0.5565804392967509,PMA-2 (Starfish)
-0.9395017587383298,-0.6993670658759684,PMA-2 (Starfish)
-0.9432174617371822,-0.8686669516515931,PMA-2 (Starfish)
-0.924204188670498,-0.6829085039146789,PMA-2 (Starfish)
-0.9750600212796504,-0.7357484034645246,PMA-2 (Starfish)
-0.9550818549396236,-0.7192493409849483,PMA-2 (Starfish)
-0.8967486754041214,-0.6605846194352192,PMA-2 (Starfish)
-0.9271053480334164,-0.5048771704401971,PMA-2 (Starfish)
-0.8780926589715494,-0.7398896034939979,PMA-2 (Starfish)
-1.1673641401276145,-1.4781882254902459,PMA-2 (Starfish)
-0.9127357561144686,-1.3728062661684102,PMA-2 (Starfish)
-0.7837379810103382,-0.7820949128489023,PMA-2 (Starfish)
-0.7772101183823417,-0.6542154543028326,PMA-2 (Starfish)
-0.7298369129975393,-0.5590855086261245,PMA-2 (Starfish)
-0.7493248069615432,-0.7331296532781925,PMA-2 (Starfish)
-0.7545197796334515,-0.6871610192841928,PMA-2 (Starfish)
-0.7988904440884981,-0.7008392369135654,PMA-2 (Starfish)
-0.8475718449055033,-0.6523911551539116,PMA-2 (Starfish)
-0.7601433235477796,-0.7444632895754528,PMA-2 (Starfish)
-0.8025138596947002,-0.5971698479454877,PMA-2 (Starfish)
-0.8673607861398847,-0.7402664145172275,PMA-2 (Starfish)
-0.890072646846178,-0.7752396419109235,PMA-2 (Starfish)
-0.9043232400263562,-0.7582434434071713,PMA-2 (Starfish)
-0.9143051860353631,-0.8069675395085681,PMA-2 (Starfish)
-0.934693726337763,-0.7635535102430291,PMA-2 (Starfish)
-0.8422293000466179,-0.7218695364929671,PMA-2 (Starfish)
-0.7962469049427905,-0.7161936944438819,PMA-2 (Starfish)
-0.6889037684397482,-0.8038495647398172,PMA-2 (Starfish)
-0.7504653700230898,-0.7550418221045775,PMA-2 (Starfish)
-0.6999711804392599,-0.7319667256771236,PMA-2 (Starfish)
-0.5623959874836296,-0.7668595947563822,PMA-2 (Starfish)
-0.5487496599414966,-0.6924491570595139,PMA-2 (Starfish)
-0.48232156805819926,-0.6452430631969087,PMA-2 (Starfish)
-0.3681505585185026,-0.6387662315767308,PMA-2 (Starfish)
-0.22703006409387327,-0.6191908261243638,PMA-2 (Starfish)
-0.11726889403052407,-0.5764434911187971,PMA-2 (Starfish)
0.08919765791916276,-0.5807696519589699,PMA-2 (Starfish)
0.20474839486322924,-0.5580817979277338,PMA-2 (Starfish)
0.40068399910748176,-0.5183899795630131,PMA-2 (Starfish)
0.6422803193889506,-0.4480541220435436,PMA-2 (Starfish)
0.7958312601617401,-0.4366524057863304,PMA-2 (Starfish)
0.8580551238983144,-0.39254065415433936,PMA-2 (Starfish)
1.1899229505547768,-0.3846628568769521,PMA-2 (Starfish)
1.4527623385910358,-0.24500781590637144,PMA-2 (Starfish)
2.0638207372254387,-0.38163200425493493,PMA-2 (Starfish)
2.1525705740808196,-0.16641820087931064,PMA-2 (Starfish)
2.4259535420385667,-0.5794258720296156,PMA-2 (Starfish)
2.3581524928663824,-0.8549459955792067,PMA-2 (Starfish)
1.2622798505282662,-1.6533730245322622,PMA-2 (Starfish)
-2.2323925186001072,0.1895497214200082,PFM-1 (Butterfly)
-2.1973225817839084,0.31665951012012056,PFM-1 (Butterfly)
-2.116587579096564,0.31814013459196505,PFM-1 (Butterfly)
-2.2012374395529446,0.5807737899717749,PFM-1 (Butterfly)
-2.111491449051607,0.14342988494068218,PFM-1 (Butterfly)
-2.0640324300620794,0.5331891561903279,PFM-1 (Butterfly)
-1.9451280279653258,0.8127493670983175,PFM-1 (Butterfly)
-1.9272091029060363,1.273262564935396,PFM-1 (Butterfly)
-1.8669022100837154,0.8638179916317482,PFM-1 (Butterfly)
-1.9715289012787478,1.0872008308445353,PFM-1 (Butterfly)
-2.007738071586892,1.5932952102626745,PFM-1 (Butterfly)
-1.88740689793011,1.4337644633211069,PFM-1 (Butterfly)
-1.9182659010252063,1.2961659083415038,PFM-1 (Butterfly)
-1.7981323532589684,1.1070185965848975,PFM-1 (Butterfly)
-1.856017415930503,1.5260736455224482,PFM-1 (Butterfly)
-1.7650451080926708,1.2398303168722151,PFM-1 (Butterfly)
-1.9433132996751878,1.8005901707368068,PFM-1 (Butterfly)
-1.6999460289579413,1.200414908668905,PFM-1 (Butterfly)
-1.7360747711356324,1.0947182725137972,PFM-1 (Butterfly)
-1.729920590073015,1.3107494059006184,PFM-1 (Butterfly)
-1.3883892886308384,0.7109715032945886,PFM-1 (Butterfly)
-1.4280548523031333,0.6729790602861528,PFM-1 (Butterfly)
-1.4047656303187355,0.7954216268793332,PFM-1 (Butterfly)
-1.3710786497895562,0.6390858792477506,PFM-1 (Butterfly)
-1.2906764989655002,0.6303025511741546,PFM-1 (Butterfly)
-1.4703914550516597,1.0829867495878027,PFM-1 (Butterfly)
-1.403147217376921,1.1035566652690496,PFM-1 (Butterfly)
-1.301449442369159,0.9644376268079586,PFM-1 (Butterfly)
-1.3072767460734198,1.2363845266638605,PFM-1 (Butterfly)
-1.0405471006985527,0.8260291427317756,PFM-1 (Butterfly)
-0.9841201501293679,0.36462350468950794,PFM-1 (Butterfly)
-1.4211117375916285,-1.7562284648345243,PFM-1 (Butterfly)
-1.1663753044627354,-1.5541750388362,PFM-1 (Butterfly)
-0.5587985395430951,0.9693677723706372,PFM-1 (Butterfly)
-0.1946746852691519,0.7340272553499332,PFM-1 (Butterfly)
-2.1297110320274855,0.10011702903303951,PFM-1 (Butterfly)
-2.024818236238845,-0.11292430483618911,PFM-1 (Butterfly)
-1.9780950179941308,0.1046391078125925,PFM-1 (Butterfly)
-2.0056743973741336,-0.06341970762976229,PFM-1 (Butterfly)
-1.9729739139416853,-0.0811854473474414,PFM-1 (Butterfly)
-1.9385467866915675,-0.11685113813440166,PFM-1 (Butterfly)
-1.8941681119438463,-0.24646023956856916,PFM-1 (Butterfly)
-1.8872533261373101,-0.11804537530802708,PFM-1 (Butterfly)
-1.8695235567571877,0.021163187950230176,PFM-1 (Butterfly)
-1.9394865819009077,-0.017565659822595732,PFM-1 (Butterfly)
-1.9548951193023927,-0.007174241428877775,PFM-1 (Butterfly)
-2.0688844762463305,0.37571069449944944,PFM-1 (Butterfly)
-1.8986581058344396,0.02768800927972971,PFM-1 (Butterfly)
-2.320590517319062,0.36639005203004577,PFM-1 (Butterfly)
-2.2064165809825993,0.21452488432825562,PFM-1 (Butterfly)
-2.0822247341628772,-0.041712494794722894,PFM-1 (Butterfly)
-2.0050828825529448,-0.1278814473343282,PFM-1 (Butterfly)
-1.9077257733262118,-0.31775372612118835,PFM-1 (Butterfly)
-1.772898503831135,-0.3350825203929755,PFM-1 (Butterfly)
-1.9480565255138833,-0.06280665645794697,PFM-1 (Butterfly)
-1.6566924491045658,-0.3214881238459136,PFM-1 (Butterfly)
-1.7029090497537762,-0.2303608750986392,PFM-1 (Butterfly)
-1.5996280929935431,-0.3199477947134379,PFM-1 (Butterfly)
-1.5159468302835906,-0.1425517266311974,PFM-1 (Butterfly)
-1.4008225228020286,-0.25568150226842884,PFM-1 (Butterfly)
-1.3259281901684767,-0.2099052665984464,PFM-1 (Butterfly)
-1.1253740554212819,-0.2097960623104979,PFM-1 (Butterfly)
-1.173800390739163,-0.0454137341856186,PFM-1 (Butterfly)
-1.126009752585923,-0.1405826809064329,PFM-1 (Butterfly)
-1.1403062666213326,-0.061558509275204974,PFM-1 (Butterfly)
-1.9856558006468727,-0.1815347652016921,PFM-1 (Butterfly)
-0.9878195936917715,-0.043277905748362995,PFM-1 (Butterfly)
-1.0497852475024663,-0.07706538755700536,PFM-1 (Butterfly)
-0.9243665780925623,0.0070921017608871475,PFM-1 (Butterfly)
-0.6823657239305216,0.09674878524207922,PFM-1 (Butterfly)
-1.257634161000861,-0.017426945385949542,PFM-1 (Butterfly)
-1.9589691076670994,-0.02864837334827768,PFM-1 (Butterfly)
-0.645952884733497,-1.0857615566428513,PFM-1 (Butterfly)
-0.37418649847583035,-0.8226309504709651,PFM-1 (Butterfly)
-0.2367267194838068,-0.8491282737733616,PFM-1 (Butterfly)
-1.8815592159245398,-0.05490081725710919,PFM-1 (Butterfly)
-1.8157505869867738,-0.007420024293912175,PFM-1 (Butterfly)
-1.76127714386931,-0.2961587503092501,PFM-1 (Butterfly)
-0.6764213266447558,-1.5996990935052517,PMA-2 (Starfish)
-1.670152451406419,-0.24253757411519034,PFM-1 (Butterfly)
0.015414981528172484,-0.48147777753206494,PMA-2 (Starfish)
-0.21830116115308715,-1.006106338883985,PMA-2 (Starfish)
0.2898274718138454,-0.4747815073326738,PMA-2 (Starfish)
-0.3088345372640629,-1.3662492533477542,PMA-2 (Starfish)
0.5323354516991147,-0.4520714206999045,PMA-2 (Starfish)
0.4715561289548861,-0.40238732317808357,PMA-2 (Starfish)
0.6143422445126608,-0.47894356251727127,PMA-2 (Starfish)
0.5396048211003555,-0.44056125889106856,PMA-2 (Starfish)
0.9189586121113339,-0.44578659460834047,PMA-2 (Starfish)
1.2338469869978461,-0.36085715086358394,PMA-2 (Starfish)
-1.671183717208676,-0.12173544060300058,PFM-1 (Butterfly)
1.9265768397587435,-0.23975831369446352,PMA-2 (Starfish)
2.7083974346810513,0.005618403360269722,PMA-2 (Starfish)
3.5177327816162056,0.04103548377791888,PMA-2 (Starfish)
3.940334833722089,0.30397435595795846,PMA-2 (Starfish)
2.7906339817921926,-0.27071544382501184,PMA-2 (Starfish)
-1.5481514445607516,-0.32529599594648756,PFM-1 (Butterfly)
-1.6565782480686209,-0.013856947328154436,PFM-1 (Butterfly)
-1.5578397648212234,-0.46507430433154784,PFM-1 (Butterfly)
-1.5331093785965721,-0.23799056021572845,PFM-1 (Butterfly)
-1.4398058307097965,-0.3347659669250206,PFM-1 (Butterfly)
-1.566804343766279,-0.7777371194667035,PFM-1 (Butterfly)
-1.5024641927277331,-0.6000413145163455,PMA-2 (Starfish)
-1.3894800781943841,-0.8210550600721555,PMA-2 (Starfish)
-1.4207861914208961,-0.7840767329977815,PMA-2 (Starfish)
-1.4854263623102888,-0.7843168525493633,PMA-2 (Starfish)
-1.4685936913791247,-0.7508480022972176,PMA-2 (Starfish)
-1.4400038594453086,-0.8274625583700351,PMA-2 (Starfish)
-1.3765672475548603,-0.8892313704514222,PMA-2 (Starfish)
-1.3029241083055645,-0.9034411831463874,PMA-2 (Starfish)
-1.2927827103396081,-0.6780983899656162,PMA-2 (Starfish)
-1.2230889403337082,-0.7946596242723906,PMA-2 (Starfish)
-1.2752940470737957,-0.879583075636765,PMA-2 (Starfish)
-1.3204842577678468,-0.8945227055276851,PMA-2 (Starfish)
-1.3142007088312877,-0.8543105356726819,PMA-2 (Starfish)
-1.2478997301947805,-0.8161883864130522,PMA-2 (Starfish)
-1.2257011212480025,-0.8443481176675321,PMA-2 (Starfish)
-1.2538188931741594,-0.7956449801390021,PMA-2 (Starfish)
-1.2324626550134146,-0.6389777031136716,PMA-2 (Starfish)
-1.1847312392200657,-0.8235849480770275,PMA-2 (Starfish)
-1.2057316793445614,-0.8802417144157538,PMA-2 (Starfish)
-1.1308318898819092,-0.8156893623329422,PMA-2 (Starfish)
-1.060448625297742,-0.7963930237243448,PMA-2 (Starfish)
-1.0838376765700612,-0.9870596214716939,PMA-2 (Starfish)
-1.0284599993581458,-0.7667521567836624,PMA-2 (Starfish)
-0.9600921427227305,-0.7900530275566536,PMA-2 (Starfish)
-1.0106443447836586,-0.8376731290815836,PMA-2 (Starfish)
-0.149854876365524,0.6215373147450012,PFM-1 (Butterfly)
-0.09577511603033598,0.6190494483464626,PFM-1 (Butterfly)
0.2873207680640958,0.49259473951418,PFM-1 (Butterfly)
0.11224017171860468,0.42716908918778324,PFM-1 (Butterfly)
0.1679529212577069,-0.0229529238019386,PFM-1 (Butterfly)
-1.9092249275277142,-0.33972609474834753,PFM-1 (Butterfly)
-1.9051010690176073,-0.10146617488741326,PFM-1 (Butterfly)
-1.919400534366239,-0.3000073397095984,PFM-1 (Butterfly)
-1.7926019926399446,-0.17285100913913187,PFM-1 (Butterfly)
-1.6621020370462325,-0.02731502769011105,PFM-1 (Butterfly)
-1.7819087688174806,0.04423379216796953,PFM-1 (Butterfly)
-1.7146644246613245,0.006728079018679045,PFM-1 (Butterfly)
-1.7931914094020798,0.1647330453010577,PFM-1 (Butterfly)
-1.6482668587410425,-0.2864670207738622,PFM-1 (Butterfly)
-1.6938007682256098,-0.25983088142570243,PFM-1 (Butterfly)
-1.670364931268687,-0.19542688251462267,PFM-1 (Butterfly)
-1.6074542941233125,-0.36593393968064664,PFM-1 (Butterfly)
-1.5232278297990907,-0.3962086182687557,PFM-1 (Butterfly)
-1.5860300482331413,-0.25712732803641813,PFM-1 (Butterfly)
-1.5226686156866378,-0.15028792878005376,PFM-1 (Butterfly)
-1.5238461274655795,-0.2473584798784198,PFM-1 (Butterfly)
-1.4351931698555238,-0.39255225482279404,PFM-1 (Butterfly)
-1.4671930792796029,-0.3889312455868402,PFM-1 (Butterfly)
-1.4739426039607322,-0.3317403330992864,PFM-1 (Butterfly)
-1.4202083640187164,-0.40381665059642924,PFM-1 (Butterfly)
-1.4018654355867692,-0.3372432522660144,PFM-1 (Butterfly)
-1.3859051658957489,-0.2591440979996727,PFM-1 (Butterfly)
-1.3182012738074544,-0.3231722191527193,PFM-1 (Butterfly)
-1.4077134328752552,-0.3592891971374222,PFM-1 (Butterfly)
-1.3901382209077864,-0.43371820582337633,PFM-1 (Butterfly)
-1.311638091455758,-0.40194474633662536,PFM-1 (Butterfly)
-1.2174096404187378,0.2606721873290498,PFM-1 (Butterfly)
-1.5129965292150402,-1.15345783486562,PFM-1 (Butterfly)
-1.2398260607740483,-0.8312193250568817,PFM-1 (Butterfly)
-1.9815187704900483,-0.7574580335465195,PMA-2 (Starfish)
-1.9658691623556184,-0.8758881369469619,PMA-2 (Starfish)
-2.0195295997540685,-0.9105441449061492,PMA-2 (Starfish)
-1.9695193031497638,-0.8467558077547214,PMA-2 (Starfish)
-1.8089158958421703,-0.8603215300027922,PMA-2 (Starfish)
-1.7988352612192926,-0.913575145297116,PMA-2 (Starfish)
-0.8151888138096963,-1.2108253557023716,PMA-2 (Starfish)
-0.7342072482102162,-0.7349016047443591,PMA-2 (Starfish)
-0.5292108538982825,-0.6130948285112895,PMA-2 (Starfish)
-0.6585567235330657,-0.636821175651689,PMA-2 (Starfish)
-0.48700465596340925,-0.6885730695959787,PMA-2 (Starfish)
-0.31237045370216654,-0.6526542087998408,PMA-2 (Starfish)
-0.17581098312128976,-0.690521339899251,PMA-2 (Starfish)
-1.7289554461955559,-0.8562879511764403,PMA-2 (Starfish)
0.11048635473805014,-0.5140694697200076,PMA-2 (Starfish)
0.2808554355209942,-0.7341063888901056,PMA-2 (Starfish)
0.7567189821165029,-0.411462539950538,PMA-2 (Starfish)
0.8930125089454785,-0.29373786280160197,PMA-2 (Starfish)
1.2651399300373405,-0.31926864635265917,PMA-2 (Starfish)
1.6627241857765116,-0.3011689110720455,PMA-2 (Starfish)
2.3368483713228945,-0.22552241533517578,PMA-2 (Starfish)
1.0912848855020012,-1.3909108959996466,PMA-2 (Starfish)
-1.5141873753315713,-0.8065277576677492,PMA-2 (Starfish)
-1.4786532843000844,-0.9459055640422024,PMA-2 (Starfish)
-1.5767495560669684,-0.7639277571401067,PMA-2 (Starfish)
-1.614922398284273,-0.6866740803248524,PMA-2 (Starfish)
-1.4122689104224708,-0.35451017346364155,PMA-2 (Starfish)
-1.303226525328285,-0.43784669701298884,PMA-2 (Starfish)
-1.2005599031440692,-0.5367754496049592,PMA-2 (Starfish)
-1.1459214237809525,-0.4603545843266794,PMA-2 (Starfish)
-1.0421511321742194,-0.27095326660911795,PMA-2 (Starfish)
-1.0749296169324738,-0.3668885392314113,PMA-2 (Starfish)
-0.9596082595990694,-0.38825990487536943,PMA-2 (Starfish)
-0.4673753248455206,-0.1605528601037678,PMA-2 (Starfish)
-0.617263716779015,-0.6783543510941467,PMA-2 (Starfish)
-0.8962825805843598,-0.23082355018565037,PMA-2 (Starfish)
-0.8958405753407671,-0.22483538466590522,PMA-2 (Starfish)
-0.7692036175850809,-0.5803155376362247,PMA-2 (Starfish)
-0.9069788786731459,-0.23053900051224713,PMA-2 (Starfish)
-0.898591460758348,-0.23891016118345282,PMA-2 (Starfish)
-0.9182672933161373,-0.2909189221451509,PMA-2 (Starfish)
-0.8780538051655095,-0.15202966324188028,PMA-2 (Starfish)
-0.9546081730056337,-0.25229829100152656,PMA-2 (Starfish)
-0.9515586083265758,-0.2691372795479574,PMA-2 (Starfish)
-0.8589949704362814,-0.27140663763753015,PMA-2 (Starfish)
-0.9581941616551736,-0.2548343029794066,PMA-2 (Starfish)
-0.859300833666949,-0.29925310703295455,PMA-2 (Starfish)
-0.7105604588303751,-0.3587481846274863,PMA-2 (Starfish)
-2.392525665043527,0.66640910642917,PFM-1 (Butterfly)
-2.2693099257820277,0.1261636327801195,PFM-1 (Butterfly)
-0.6988959975435063,-0.25898086952006005,PMA-2 (Starfish)
-2.1807632271202344,-0.1696062560532613,PFM-1 (Butterfly)
-2.291377639954429,0.2786082992370605,PFM-1 (Butterfly)
-2.2463422896951584,0.15351320190662301,PFM-1 (Butterfly)
-2.3436091793295493,0.5714344499058813,PFM-1 (Butterfly)
-2.3625901736228547,0.4473523367989898,PFM-1 (Butterfly)
-2.3353764763540563,0.45481208359891384,PFM-1 (Butterfly)
-2.4649454531475405,0.9400717819345875,PFM-1 (Butterfly)
-2.462466760602781,1.0851207001336707,PFM-1 (Butterfly)
-0.5209061961651957,-0.3645348077812395,PMA-2 (Starfish)
-0.5529733125984208,-0.12923927428770787,PMA-2 (Starfish)
-0.48174646546403294,-0.20038202146644893,PMA-2 (Starfish)
-0.379638945136573,-0.09285264330858667,PMA-2 (Starfish)
-0.44045530973863023,-0.20070894488622013,PMA-2 (Starfish)
-0.3174840988394345,-0.9848513193085665,PMA-2 (Starfish)
-2.521294077191484,0.7689956947437587,PFM-1 (Butterfly)
-2.433312641916541,0.5826653500422919,PFM-1 (Butterfly)
-2.448034063921201,0.538283262829775,PFM-1 (Butterfly)
-2.4797974691101823,0.8205650177717475,PFM-1 (Butterfly)
-2.4224645888740515,0.736699855777096,PFM-1 (Butterfly)
-2.533950612022035,1.0374462055347582,PFM-1 (Butterfly)
-2.6057501037488877,1.0895667816515298,PFM-1 (Butterfly)
-2.5278379371204944,0.4164403534728849,PFM-1 (Butterfly)
-2.444380606588009,-0.03714087844849423,PFM-1 (Butterfly)
-2.347349034997492,-0.1306249926360485,PFM-1 (Butterfly)
-2.077930730151468,0.24897815088607791,PFM-1 (Butterfly)
-2.07309010450557,0.34282800503232325,PFM-1 (Butterfly)
-2.059035813330045,0.48502428985570517,PFM-1 (Butterfly)
-1.9963272738706075,0.2653366733537196,PFM-1 (Butterfly)
-1.9183654028702852,0.3820148321562924,PFM-1 (Butterfly)
-1.8848891750305876,0.8530263473010651,PFM-1 (Butterfly)
-1.914776688267466,1.6651821121273924,PFM-1 (Butterfly)
-1.8045062153702325,1.6091288054953965,PFM-1 (Butterfly)
-1.7758523866523193,2.1249369347340896,PFM-1 (Butterfly)
-1.6107116404225292,2.0376704847060205,PFM-1 (Butterfly)
-1.5779109394057147,2.214181518420931,PFM-1 (Butterfly)
-1.3485679219201512,1.5845294127270104,PFM-1 (Butterfly)
-1.2191682644950668,2.2580365449166035,PFM-1 (Butterfly)
-0.9186960913762743,1.8011565488059038,PFM-1 (Butterfly)
-0.8722349175224957,2.0642804924658305,PFM-1 (Butterfly)
-0.7566031310719261,0.8926993896021224,PFM-1 (Butterfly)
-0.42180819924564866,1.4275213318868285,PFM-1 (Butterfly)
-0.2455752890562591,1.0424097396668708,PFM-1 (Butterfly)
0.16510669260902933,1.4957777960592618,PFM-1 (Butterfly)
1.0993057319027397,2.159116399222632,PFM-1 (Butterfly)
1.892175474988226,1.3181454670931145,PFM-1 (Butterfly)
-1.0237318116100411,-0.16103599889546205,PFM-1 (Butterfly)
-0.9517946264270104,0.9838405347618884,PFM-1 (Butterfly)
-0.5764354089403142,0.9361000718753126,PFM-1 (Butterfly)
-0.37852612197442825,0.6333948112348745,PFM-1 (Butterfly)
-0.20631579030703764,-1.2145732720330173,PMA-2 (Starfish)
-0.06902249691051918,-1.1068460717916457,PMA-2 (Starfish)
0.1649784313141422,-0.5293005237817314,PMA-2 (Starfish)
0.3165112063904343,-0.4828085528418105,PMA-2 (Starfish)
0.28529045037303763,-0.49961251935023626,PMA-2 (Starfish)
0.38953767667511324,-0.5687954895164737,PMA-2 (Starfish)
0.4776544082014876,-0.5757420500889411,PMA-2 (Starfish)
0.6284663737597115,-0.5885735525415207,PMA-2 (Starfish)
0.7087614528030508,-0.5086575962135701,PMA-2 (Starfish)
0.9776568759488413,-0.44381817137414936,PMA-2 (Starfish)
1.1672021466959444,-0.3425560559912605,PMA-2 (Starfish)
1.4789627739484552,-0.3400000989960587,PMA-2 (Starfish)
1.8941804424509046,-0.19255725971235996,PMA-2 (Starfish)
2.528708193286732,-0.24165180065275066,PMA-2 (Starfish)
1.44308570429307,-1.2922312970260657,PMA-2 (Starfish)
-2.5861065139608965,1.3800552518263864,PFM-1 (Butterfly)
-2.3644517499445032,-0.10521087188255429,PFM-1 (Butterfly)
-2.427551446539028,0.4499877044983505,PFM-1 (Butterfly)
-2.4524025851717606,1.3899131613795885,PFM-1 (Butterfly)
-2.3246157896381336,1.017340990331496,PFM-1 (Butterfly)
-2.236350978202681,0.7520786848090879,PFM-1 (Butterfly)
-1.9343526747191635,0.31611184551324073,PFM-1 (Butterfly)
-1.9534720255005658,0.4743393342672631,PFM-1 (Butterfly)
-2.1702041003273793,0.9454798750360419,PFM-1 (Butterfly)
-2.142412401283004,0.5952896923222176,PFM-1 (Butterfly)
-1.8827438510469803,0.31088286012241506,PFM-1 (Butterfly)
-2.039370780249891,0.5632801866776074,PFM-1 (Butterfly)
-1.9869453906295527,0.42924107254936644,PFM-1 (Butterfly)
-2.069016104350743,0.7321709361173799,PFM-1 (Butterfly)
-1.9681021889029018,0.616842727378551,PFM-1 (Butterfly)
-1.8849209614084776,0.40697347306454557,PFM-1 (Butterfly)
-1.6808617114514934,-0.0027613510407892353,PFM-1 (Butterfly)
-2.3267894047148503,2.2537596210987423,PFM-1 (Butterfly)
-2.288200919039458,1.5836814968789599,PFM-1 (Butterfly)
-1.6148251366575566,-0.2864285825625935,PFM-1 (Butterfly)
-2.201610580417556,1.6327764701755068,PFM-1 (Butterfly)
-2.209947287151994,1.9254323495712529,PFM-1 (Butterfly)
-1.7375251378965828,0.767727481768058,PFM-1 (Butterfly)
-1.9893987664251844,1.4363835950965378,PFM-1 (Butterfly)
-1.858494186450024,1.3068967718559314,PFM-1 (Butterfly)
-1.5485244792262518,0.8084932941351293,PFM-1 (Butterfly)
-1.3787430203035254,0.7938964077242231,PFM-1 (Butterfly)
-1.3997579056900555,0.7481134738866951,PFM-1 (Butterfly)
-1.2452803488542887,0.9543099050519653,PFM-1 (Butterfly)
-1.0867102846753973,0.6139205308775632,PFM-1 (Butterfly)
-1.494873765392022,0.0984091145584681,PFM-1 (Butterfly)
-1.048540465589886,0.8080929472102933,PFM-1 (Butterfly)
-1.0845139191645317,0.9110360277377713,PFM-1 (Butterfly)
-1.062149159933432,1.3858017446515694,PFM-1 (Butterfly)
-0.8320640271628759,1.072830104147761,PFM-1 (Butterfly)
-0.696365888541493,0.9367632385927158,PFM-1 (Butterfly)
-0.3369749409688392,0.7698350121089413,PFM-1 (Butterfly)
-0.24350807178659223,0.9419118859946591,PFM-1 (Butterfly)
0.15908354705498493,0.8418934595986556,PFM-1 (Butterfly)
-1.0323453416146045,-0.9790986264431751,PFM-1 (Butterfly)
-1.3544783513996286,0.6740819428717663,PFM-1 (Butterfly)
-1.2582139296135637,-0.9622288951623094,PMA-2 (Starfish)
-1.287706743331003,-0.7605511311189922,PMA-2 (Starfish)
-1.243808213943911,-0.7348533321245606,PMA-2 (Starfish)
-1.2448416981488706,-0.7074612609834008,PMA-2 (Starfish)
-1.2509961976234112,-0.9632155383118647,PMA-2 (Starfish)
-1.2594754657186622,-0.888437850638222,PMA-2 (Starfish)
-1.164734968169518,-0.8537377413203946,PMA-2 (Starfish)
-1.1542253503730473,-0.8022861041285956,PMA-2 (Starfish)
-1.1677397065441453,-0.6919455031288747,PMA-2 (Starfish)
-1.2382738789467402,-0.7612582556078996,PMA-2 (Starfish)
-1.0214018867540773,0.13688294817936827,PFM-1 (Butterfly)
-1.22756912155707,-0.6972242007407458,PMA-2 (Starfish)
-1.1846444617115135,-0.7123176484371178,PMA-2 (Starfish)
-1.160747578911307,-0.8558452953791758,PMA-2 (Starfish)
-1.0636540237529934,-0.8073215109595365,PMA-2 (Starfish)
-1.1096697974981165,-0.7249144349805945,PMA-2 (Starfish)
-1.025061776499758,-0.6844677861774191,PMA-2 (Starfish)
-0.9405808438295804,-0.6922184178561447,PMA-2 (Starfish)
-1.0212933566828106,-0.7929266694592513,PMA-2 (Starfish)
-1.0306438336680837,-0.733188960302492,PMA-2 (Starfish)
-1.0244916532477064,-0.7752596221914135,PMA-2 (Starfish)
-0.7980071426071164,-0.13642786325101472,PFM-1 (Butterfly)
-0.8752369916621026,-0.639007512711214,PMA-2 (Starfish)
-0.9229073781431439,-0.7379561224315618,PMA-2 (Starfish)
-0.9895392975913776,-0.6860052406928516,PMA-2 (Starfish)
-0.9772521240681068,-0.6762779310404342,PMA-2 (Starfish)
-0.9824568620581888,-0.527214956158264,PMA-2 (Starfish)
-0.9107332739649444,-0.6487320617888492,PMA-2 (Starfish)
-0.8061846387285082,-0.7179598497747429,PMA-2 (Starfish)
-0.7026769846274973,-0.6062101251307841,PMA-2 (Starfish)
-0.6075430719142353,-0.5647434990880779,PMA-2 (Starfish)
-0.6373711378482707,-0.63575090199255,PMA-2 (Starfish)
-0.7587463786580279,0.13987762109344234,PFM-1 (Butterfly)
-0.5228382848974957,-0.7035503565055241,PMA-2 (Starfish)
-0.47039594373930316,-0.7064250717319771,PMA-2 (Starfish)
-0.3813470704880929,-0.6538637764053009,PMA-2 (Starfish)
-0.2667398134985808,-0.5494208094311674,PMA-2 (Starfish)
-0.14858198813218815,-0.6149815145847234,PMA-2 (Starfish)
-0.01627664976216923,-0.6527929585565683,PMA-2 (Starfish)
0.040674625578069,-0.5376849132371427,PMA-2 (Starfish)
0.2676705675946252,-0.4760481911862431,PMA-2 (Starfish)
0.3528567199625582,-0.48278080922096406,PMA-2 (Starfish)
0.5822545793262628,-0.429615682600806,PMA-2 (Starfish)
-0.5466096072205331,0.004770932542325444,PFM-1 (Butterfly)
0.8929057195226737,-0.3075421448219119,PMA-2 (Starfish)
1.1876391393095573,-0.11542619529016254,PMA-2 (Starfish)
-0.14175632989088965,-1.422612171979058,PMA-2 (Starfish)
-0.5443916870333713,0.21350078607048054,PFM-1 (Butterfly)
-0.5982797617217721,0.4348618489351484,PFM-1 (Butterfly)
-0.12685926579176454,0.05318649652236609,PFM-1 (Butterfly)
-0.07198713030541336,0.14184616984647513,PFM-1 (Butterfly)
-0.03553618702615287,-0.006743450806828913,PFM-1 (Butterfly)
0.18018286221668928,-0.05140363175920272,PFM-1 (Butterfly)
0.5986250511386836,-0.20000845907426887,PFM-1 (Butterfly)
0.7863024226671579,-0.2933581168523351,PFM-1 (Butterfly)
0.04759449141463269,-1.556423914148552,PFM-1 (Butterfly)
-2.4880154597527095,0.6812724680129073,PFM-1 (Butterfly)
-2.342616543662554,-0.003973429757415986,PFM-1 (Butterfly)
-2.483589316949983,0.36427200889504485,PFM-1 (Butterfly)
-1.5870854863038901,-0.8457395850213526,PMA-2 (Starfish)
-1.5478634931062634,-1.16199187378304,PMA-2 (Starfish)
-1.459652398151131,-0.9276269050211876,PMA-2 (Starfish)
-1.503115803113694,-0.8148811552319561,PMA-2 (Starfish)
-1.5253759978620205,-0.7475225759165749,PMA-2 (Starfish)
-1.3900556518023919,-0.9888293006849501,PMA-2 (Starfish)
-1.4077338387870162,-0.9787455308042832,PMA-2 (Starfish)
-1.4178418932926649,-0.9402328298037752,PMA-2 (Starfish)
-2.5184623585575503,0.7747354543630807,PFM-1 (Butterfly)
-1.4251695180951707,-1.0239751470287937,PMA-2 (Starfish)
-1.385011093742763,-0.931122612923989,PMA-2 (Starfish)
-1.329771844980572,-0.975122993951461,PMA-2 (Starfish)
-1.3736858996737644,-0.772772005182093,PMA-2 (Starfish)
-1.26642082492522,-0.5784178643462382,PMA-2 (Starfish)
-1.1833433145114791,-0.8261451402770685,PMA-2 (Starfish)
-1.1062788728071677,-0.7783550530169917,PMA-2 (Starfish)
-1.0849760091353267,-0.6539567884145694,PMA-2 (Starfish)
-1.048976625835284,-0.6100988816465819,PMA-2 (Starfish)
-1.065979819229184,-0.4204039403248791,PMA-2 (Starfish)
-2.5714183569793905,0.7623395535600623,PFM-1 (Butterfly)
-1.017965332901785,-0.5780362346018005,PMA-2 (Starfish)
-1.035086974444272,-0.6481422420422854,PMA-2 (Starfish)
-0.883430903152756,-0.5903667065797016,PMA-2 (Starfish)
-0.824304837953386,-0.5725220858832598,PMA-2 (Starfish)
-0.7168264049379199,-0.640972896174637,PMA-2 (Starfish)
-0.5885062643357907,-0.7000904232512197,PMA-2 (Starfish)
-0.5307352583993887,-0.6929777008218332,PMA-2 (Starfish)
-0.5129426404214555,-0.5068773650959877,PMA-2 (Starfish)
-0.44212616683930683,-0.5128359630622579,PMA-2 (Starfish)
-0.32593986935491315,-0.5976753058245788,PMA-2 (Starfish)
-2.4690019997113146,0.32504149695648304,PFM-1 (Butterfly)
-0.4377917579868209,-0.6235071143312155,PMA-2 (Starfish)
-0.4773152060986235,-0.5863805145009475,PMA-2 (Starfish)
-0.46884812675595916,-0.5698300874246904,PMA-2 (Starfish)
-0.4000831049068838,-0.4341372538765047,PMA-2 (Starfish)
-0.19652744694870036,-0.5878777176328116,PMA-2 (Starfish)
-0.15606175251982873,-0.6338576289185619,PMA-2 (Starfish)
-0.21937984399871058,-0.4609913448559514,PMA-2 (Starfish)
-0.05841826000984956,-0.44267065163805036,PMA-2 (Starfish)
0.15679686971754575,-0.5212159447464015,PMA-2 (Starfish)
0.30987984800857715,-0.45205727911492366,PMA-2 (Starfish)
-2.4247630771053665,0.16381756743897793,PFM-1 (Butterfly)
0.4469134281775527,-0.4244657881967107,PMA-2 (Starfish)
0.5717366269111496,-0.34500959070547066,PMA-2 (Starfish)
0.7724458034390593,-0.246584970889176,PMA-2 (Starfish)
1.150698704947707,-0.4411891297881308,PMA-2 (Starfish)
0.9404478661641936,-0.9293501888159212,PMA-2 (Starfish)
-0.07001800581178656,-1.308116888914903,PMA-2 (Starfish)
0.16647538448881335,-1.1892026821987955,PMA-2 (Starfish)
0.5822858324831827,-1.2950290441433068,PMA-2 (Starfish)
0.16090949860067544,-1.6398053525430314,PMA-2 (Starfish)
-2.4419409217729253,0.41382474655200935,PFM-1 (Butterfly)
-2.5483095148762787,0.42799510767638826,PFM-1 (Butterfly)
-2.4256168915919427,0.1684694074420429,PFM-1 (Butterfly)
-2.374338683300896,0.5967924703021846,PFM-1 (Butterfly)
-2.4090817589197027,0.4871597611091767,PFM-1 (Butterfly)
-2.4051412281071074,0.36047530170511677,PFM-1 (Butterfly)
-2.4367100866037195,0.789015236355522,PFM-1 (Butterfly)
-2.2905530005969625,0.5403252853174679,PFM-1 (Butterfly)
-2.2386530541539185,0.513414948488421,PFM-1 (Butterfly)
-2.1681555334857214,0.42595799810358936,PFM-1 (Butterfly)
-2.2432528665455296,0.8470169915071628,PFM-1 (Butterfly)
-2.109538438614178,0.38290229783920265,PFM-1 (Butterfly)
-2.1225156793087336,0.3934126249203858,PFM-1 (Butterfly)
-2.0560320440180795,0.34071196359786865,PFM-1 (Butterfly)
-2.083380516471695,0.3725653601390549,PFM-1 (Butterfly)
-2.1367029171416996,0.6685897390504393,PFM-1 (Butterfly)
-2.4276980008713327,0.3097197774505945,PFM-1 (Butterfly)
-2.0263187431421503,0.3126444689518873,PFM-1 (Butterfly)
-2.1432061387641475,0.6333643380568441,PFM-1 (Butterfly)
-2.1638410740816565,0.4866405125033506,PFM-1 (Butterfly)
-2.012128680295467,0.3925445370098982,PFM-1 (Butterfly)
-2.0835709446709716,0.36758954091738577,PFM-1 (Butterfly)
-2.116693861592792,0.5279631764753048,PFM-1 (Butterfly)
-2.029612092568784,0.5843915751401985,PFM-1 (Butterfly)
-2.102515745379412,0.7799872473614997,PFM-1 (Butterfly)
-1.986129974344667,0.3666637762307738,PFM-1 (Butterfly)
-1.9830348118074361,0.40820671140642917,PFM-1 (Butterfly)
-2.3953118359260053,0.26463049241210834,PFM-1 (Butterfly)
-1.9513959202165931,0.5281463536573343,PFM-1 (Butterfly)
-1.8914834244617225,0.6538491172972207,PFM-1 (Butterfly)
-1.9192165083348125,0.5497253800359243,PFM-1 (Butterfly)
-1.8657672712072726,0.2669345368884812,PFM-1 (Butterfly)
-1.9273394324246385,0.3904424242316357,PFM-1 (Butterfly)
-1.944814969205107,0.5567516848546133,PFM-1 (Butterfly)
-2.0015777307710967,0.6718359167920984,PFM-1 (Butterfly)
-1.7707553448750093,0.5119285214760747,PFM-1 (Butterfly)
-1.548197157021045,0.71006471828849,PFM-1 (Butterfly)
-1.5055988814158865,0.5539863414059963,PFM-1 (Butterfly)
-1.3149033501982714,0.4909745552314709,PFM-1 (Butterfly)
-1.366077205866868,0.35562806837287037,PFM-1 (Butterfly)
-1.3138250481327514,0.6199423346506084,PFM-1 (Butterfly)
-1.5064695962883614,0.4038289778636678,PFM-1 (Butterfly)
-1.5127631175164922,1.1336813847970406,PFM-1 (Butterfly)
-1.1342434079408592,0.4227801839535157,PFM-1 (Butterfly)
-1.272836859597965,1.3377061008210263,PFM-1 (Butterfly)
-1.9390502901074773,0.6640452729304167,PFM-1 (Butterfly)
-1.1199719442115657,1.0975925265051913,PFM-1 (Butterfly)
-0.7781170585566991,0.9253441581292425,PFM-1 (Butterfly)
-0.6381154843912946,0.9248588690124383,PFM-1 (Butterfly)
-0.26053881736835816,0.5371743031111761,PFM-1 (Butterfly)
0.04614572508760075,0.2013964981598717,PFM-1 (Butterfly)
0.23217962271998335,0.35808202266978123,PFM-1 (Butterfly)
0.7756131252055211,0.1705884815349453,PFM-1 (Butterfly)
1.335317126378096,0.14772604300560446,PFM-1 (Butterfly)
1.9527668663411262,0.24809901672472223,PFM-1 (Butterfly)
2.5099093583096375,0.2932227364966222,PFM-1 (Butterfly)
-1.8613145079717184,0.5627180150952977,PFM-1 (Butterfly)
1.7601453711569026,-0.8972665878455751,PFM-1 (Butterfly)
-1.8529437582601531,0.6707326353857664,PFM-1 (Butterfly)
-2.4593142087233995,0.5206794769891246,PFM-1 (Butterfly)
-1.6826714514133343,0.44879698920682853,PFM-1 (Butterfly)
-1.6686434106449883,0.4841738461450568,PFM-1 (Butterfly)
-1.6236084245377547,0.350961500324104,PFM-1 (Butterfly)
-1.593532343039661,0.8004280753277315,PFM-1 (Butterfly)
-1.5605551234718888,0.7800276546759084,PFM-1 (Butterfly)
-1.6406379219301945,0.7003910185971538,PFM-1 (Butterfly)
-1.51962158379674,0.7193976292599528,PFM-1 (Butterfly)
-1.453697647601129,0.7482791894305275,PFM-1 (Butterfly)
-1.4055243838382716,0.5121710389478566,PFM-1 (Butterfly)
-1.2195441857986036,0.37312629935095615,PFM-1 (Butterfly)
-2.4196188172478283,0.3925274431888688,PFM-1 (Butterfly)
-1.0959082806193587,0.5179197994355352,PFM-1 (Butterfly)
-0.9939119852051143,0.5124618012945098,PFM-1 (Butterfly)
-0.8154464843233888,0.551625237453301,PFM-1 (Butterfly)
-2.4492348625369895,0.11428378888074633,PFM-1 (Butterfly)
-2.353544722721059,-0.18044843044721068,PFM-1 (Butterfly)
-2.350819568313595,-0.21137016196882713,PFM-1 (Butterfly)
-2.4406078407529135,0.19250178032278212,PFM-1 (Butterfly)
-0.6748060787755921,0.37852901954420265,PFM-1 (Butterfly)
-2.278827916759087,0.08837010908689656,PFM-1 (Butterfly)
-2.3024785930159246,0.32633825193623145,PFM-1 (Butterfly)
-2.2718038403465695,0.5305396816092849,PFM-1 (Butterfly)
-2.0749098900367087,0.18297185633360663,PFM-1 (Butterfly)
-2.0627533647792404,0.2284660880876672,PFM-1 (Butterfly)
-2.052401314416307,0.21802098861535124,PFM-1 (Butterfly)
-2.020987636677382,0.19606416778668445,PFM-1 (Butterfly)
-1.984906599444845,0.2009171972918868,PFM-1 (Butterfly)
-2.021410599152603,0.2911439990773163,PFM-1 (Butterfly)
-1.955333557237736,0.0552804580276586,PFM-1 (Butterfly)
-0.5342717574177787,0.43303966342283773,PFM-1 (Butterfly)
-1.9335185973965459,0.11799963186824478,PFM-1 (Butterfly)
-1.8714762983605084,0.029001610667145235,PFM-1 (Butterfly)
-1.9624387764406488,0.26566172596891413,PFM-1 (Butterfly)
-1.835418094700789,-0.024907766014485484,PFM-1 (Butterfly)
-1.8304539573858423,0.15296772925860938,PFM-1 (Butterfly)
-1.8823446235437507,0.05104183422788542,PFM-1 (Butterfly)
-1.937126497903671,0.3091128246837277,PFM-1 (Butterfly)
-1.873044699423368,0.20246184397733868,PFM-1 (Butterfly)
-1.8480582420113545,0.3149186533076424,PFM-1 (Butterfly)
-1.8472244204129487,0.3440820531870543,PFM-1 (Butterfly)
-0.31051515721667117,0.33420598203798657,PFM-1 (Butterfly)
-1.7304057248046432,0.18577524011294091,PFM-1 (Butterfly)
-1.6372169569483064,0.3380281107968208,PFM-1 (Butterfly)
-1.5942758976036717,0.1700048856684095,PFM-1 (Butterfly)
-1.6528906776121013,0.31650288992103826,PFM-1 (Butterfly)
-1.5556746305480085,0.15323763918657732,PFM-1 (Butterfly)
-1.4853508371821558,0.29969364992918446,PFM-1 (Butterfly)
-1.519261111299921,0.24854500770620805,PFM-1 (Butterfly)
-1.5748653680192861,0.8705136877922282,PFM-1 (Butterfly)
-1.5069926498156367,0.3787553457232589,PFM-1 (Butterfly)
-1.4734572015720815,0.1924086855323808,PFM-1 (Butterfly)
-0.12469017830448612,0.3348776322285034,PFM-1 (Butterfly)
-1.5455691659815067,0.5593410586782188,PFM-1 (Butterfly)
-1.4589534496531449,0.398892816913998,PFM-1 (Butterfly)
-1.408577238383312,0.16414029208799738,PFM-1 (Butterfly)
-1.4224687487654857,0.40413439085600517,PFM-1 (Butterfly)
-1.4349602905461583,0.3873504854711647,PFM-1 (Butterfly)
-1.3896903958409377,0.2231892116061875,PFM-1 (Butterfly)
-1.3645277246600598,0.30058924368589746,PFM-1 (Butterfly)
-1.393613218073525,0.3988558314489384,PFM-1 (Butterfly)
-1.297264070118524,0.5640924957428994,PFM-1 (Butterfly)
-1.3094871169958018,0.44406497328700156,PFM-1 (Butterfly)
0.12678459681171672,0.3834045657903036,PFM-1 (Butterfly)
-1.2651302103933308,0.5598563884107377,PFM-1 (Butterfly)
-1.1276962311991834,0.36781171504274823,PFM-1 (Butterfly)
-1.1009147742956584,0.43932917552441675,PFM-1 (Butterfly)
-0.987808284598175,0.0755845206984529,PFM-1 (Butterfly)
-0.948327358301288,0.4154046252156992,PFM-1 (Butterfly)
-0.7230934315368716,0.20003991851052522,PFM-1 (Butterfly)
-0.6072382040222548,0.12036665933200594,PFM-1 (Butterfly)
-0.5433863656140088,0.125645130049384,PFM-1 (Butterfly)
-0.3521790936834422,0.19574896333014816,PFM-1 (Butterfly)
-0.31320151296775955,0.22138431861804367,PFM-1 (Butterfly)
0.522632797236979,0.41044296935856356,PFM-1 (Butterfly)
-0.022622109291005384,0.02245800491091032,PFM-1 (Butterfly)
0.12701482934307143,0.20473122735662225,PFM-1 (Butterfly)
0.42117229557999847,0.26193504759509334,PFM-1 (Butterfly)
0.9459519666557114,0.4791092524694926,PFM-1 (Butterfly)
1.490089605463779,0.4708039652479664,PFM-1 (Butterfly)
1.8856205493020661,0.5243245211227578,PFM-1 (Butterfly)
1.141176339140302,-1.0958118514176802,PFM-1 (Butterfly)
1.01719186546312,0.15543889124661894,PFM-1 (Butterfly)
-2.512664550049934,0.7224072310318224,PFM-1 (Butterfly)
0.4579011390140446,-0.9043594292531626,PFM-1 (Butterfly)
-1.6102944317187258,-0.8047852406642779,PMA-2 (Starfish)
-1.3813580570339816,-1.1345091090366808,PMA-2 (Starfish)
-1.3382544228661588,-0.8797697055958362,PMA-2 (Starfish)
-1.2988715926581165,-0.9235496550125337,PMA-2 (Starfish)
-1.0979199457382562,-0.6754483555297224,PMA-2 (Starfish)
-1.1904525102030066,-0.6213309994870259,PMA-2 (Starfish)
-1.1889990157867825,-0.7438422798834007,PMA-2 (Starfish)
-1.123498855387944,-0.8350115203048578,PMA-2 (Starfish)
-1.0303317395506693,-0.8488064127587662,PMA-2 (Starfish)
-0.8304902020231917,-0.7313541771040254,PMA-2 (Starfish)
-0.7055810174023179,-0.7310811948883127,PMA-2 (Starfish)
-0.6021740928366228,-0.7642522873416141,PMA-2 (Starfish)
-0.43533758967882896,-0.6385748283595751,PMA-2 (Starfish)
-0.3447703954952483,-0.6945614712385997,PMA-2 (Starfish)
-0.30361802252092973,-0.5933452071034032,PMA-2 (Starfish)
-0.12158643552753862,-0.6942991432706964,PMA-2 (Starfish)
0.025920387124664483,-0.4530173791438463,PMA-2 (Starfish)
0.2089363930580929,-0.5401629860721099,PMA-2 (Starfish)
0.38807755888427503,-0.5639142608164188,PMA-2 (Starfish)
0.4666060631610742,-0.3937320104474113,PMA-2 (Starfish)
0.8058137286478615,-0.3924182918987357,PMA-2 (Starfish)
1.0301602305088982,-0.27274633250958735,PMA-2 (Starfish)
1.077844579032455,-0.5471774654647845,PMA-2 (Starfish)
1.337631292624439,-0.4054285996021286,PMA-2 (Starfish)
1.3671400563466662,-0.5804997357246485,PMA-2 (Starfish)
1.345678257756915,-0.5134971672269592,PMA-2 (Starfish)
1.1982811316840445,-0.5375656202812243,PMA-2 (Starfish)
1.2316326380335183,-0.489475793777283,PMA-2 (Starfish)
1.363727409062694,-0.6074258381008755,PMA-2 (Starfish)
1.3828317728639214,-0.6047975555708797,PMA-2 (Starfish)
1.2793052753084448,-0.7101209440761274,PMA-2 (Starfish)
1.138035624116383,-0.5883034602825444,PMA-2 (Starfish)
1.230184411702093,-0.7530082449220556,PMA-2 (Starfish)
1.069975229163694,-0.5870509875023573,PMA-2 (Starfish)
-2.4412793767831324,0.5569862691332017,PFM-1 (Butterfly)
-2.485451860244014,0.7378212199970063,PFM-1 (Butterfly)
-1.391405806943697,-0.6158463897582667,PFM-1 (Butterfly)
-1.4382501860525567,0.24483612801993232,PFM-1 (Butterfly)
-1.4168269626430279,0.06798543282152177,PFM-1 (Butterfly)
-1.357912437231411,-0.03408190156780391,PFM-1 (Butterfly)
-1.3182413724974167,-0.3468743291330481,PFM-1 (Butterfly)
-1.2102460940401623,-0.36974766245654056,PFM-1 (Butterfly)
-1.212400975605346,0.2288670575277658,PFM-1 (Butterfly)
-1.1791917555177946,0.39452577118398513,PFM-1 (Butterfly)
-0.9292934067223618,0.03247986308745693,PFM-1 (Butterfly)
-0.9077948589667619,-0.1046134018412996,PFM-1 (Butterfly)
-0.6814228140888876,-0.0855811546819504,PFM-1 (Butterfly)
-0.4795091197068094,-0.07239447334869767,PFM-1 (Butterfly)
-0.3014162836622315,-0.2381224558156848,PFM-1 (Butterfly)
-0.22384770802603357,-0.15431629995479793,PFM-1 (Butterfly)
-0.1076584924121969,-0.24289379994622917,PFM-1 (Butterfly)
0.13563079547873796,-0.12445451796593303,PFM-1 (Butterfly)
0.3313867280216437,-0.013028597075022248,PFM-1 (Butterfly)
0.5835890072634203,-0.08776629258338324,PFM-1 (Butterfly)
0.8897909291392344,-0.053277044496533615,PFM-1 (Butterfly)
1.816516633783696,0.8142818804692766,PFM-1 (Butterfly)
2.490691708763402,1.0145766910709457,PFM-1 (Butterfly)
3.0562794757632816,1.1901961169656394,PFM-1 (Butterfly)
3.179832524254253,1.0975935241232226,PFM-1 (Butterfly)
3.868416885702761,1.1197883006033955,PFM-1 (Butterfly)
3.144811450309667,0.23387050984587224,PFM-1 (Butterfly)
0.7094417913384589,-0.07678912479066094,PFM-1 (Butterfly)
1.8719820035119232,-0.3066311121154249,PFM-1 (Butterfly)
3.1640211294600067,0.051791644366342565,PFM-1 (Butterfly)
3.1946914437507687,1.4565404989324904,PFM-1 (Butterfly)
2.821853731845102,0.6730431624301145,PFM-1 (Butterfly)
-1.550812153007657,-0.24334155309220068,PMA-2 (Starfish)
-1.5261114798769906,-0.2918640209171036,PMA-2 (Starfish)
-1.7281317990984086,-0.5030774708708617,PMA-2 (Starfish)
-1.47062835343787,-0.5953932245612246,PMA-2 (Starfish)
-1.2104209437764522,-1.128874456611707,PMA-2 (Starfish)
-1.301222110665653,-0.8181256022183412,PMA-2 (Starfish)
-1.1145585877843072,-1.1234964632170514,PMA-2 (Starfish)
-0.9654918560210193,-1.1406867784928265,PMA-2 (Starfish)
-0.9298250358365908,-1.0997777369276647,PMA-2 (Starfish)
-0.8394276946175606,-0.6832979680212993,PMA-2 (Starfish)
-0.8018956083891664,-0.9033052667567206,PMA-2 (Starfish)
-0.7106523766545596,-0.8688040758887963,PMA-2 (Starfish)
-0.5966071689605523,-0.4843443546577801,PMA-2 (Starfish)
-0.6766152126013044,-0.9602539289377534,PMA-2 (Starfish)
-0.5985434132813577,-0.9816716370344468,PMA-2 (Starfish)
-0.33191762916388756,-0.46852813217854755,PMA-2 (Starfish)
-0.3551837456784013,-0.6817020354515338,PMA-2 (Starfish)
-0.24709551265436216,-0.5500760125206742,PMA-2 (Starfish)
-2.086626672309787,0.6368797031992568,PMA-2 (Starfish)
-1.9665371934489888,0.14668805966271983,PMA-2 (Starfish)
-1.8421623731888332,-0.20951193821709407,PMA-2 (Starfish)
-1.4663530186571847,-0.599555891547562,PMA-2 (Starfish)
-1.6577539535999972,-0.46128598862522185,PMA-2 (Starfish)
-1.439968129155882,-0.7249278184070276,PMA-2 (Starfish)
-1.376908381299969,-0.4200778706317114,PMA-2 (Starfish)
-1.475795104825963,-0.5286329364711508,PMA-2 (Starfish)
-1.0049812367395397,-0.3782136757312218,PMA-2 (Starfish)
-0.539358182241805,-0.1941032629867748,PMA-2 (Starfish)
-0.7656542064185954,-0.23276877411419966,PMA-2 (Starfish)
-0.5963503975171616,-0.33766866732463896,PMA-2 (Starfish)
-0.08125075587457606,-0.2505212469519602,PMA-2 (Starfish)
-0.05320308288097376,-0.26508971271757314,PMA-2 (Starfish)
0.004696184617387963,-0.2423507001120286,PMA-2 (Starfish)
0.36081313877202953,-0.29023294993268084,PMA-2 (Starfish)
1.1539368250954927,0.12656333803949718,PMA-2 (Starfish)
1.3379793828227635,0.2906874974780527,PMA-2 (Starfish)
1.8285759592894635,0.25240105289703685,PMA-2 (Starfish)
1.9304787432624997,0.23869854118627765,PMA-2 (Starfish)
-2.4253645352868998,2.399307127415372,PFM-1 (Butterfly)
-2.347092981924554,2.0289046145814713,PFM-1 (Butterfly)
-2.2967169022606932,2.1343927222258876,PFM-1 (Butterfly)
-2.290331450996164,2.171825235437329,PFM-1 (Butterfly)
-2.10956457871659,1.575464817172972,PFM-1 (Butterfly)
-2.1730443516321234,1.7656676983707627,PFM-1 (Butterfly)
-2.280301164254934,1.8040285134952119,PFM-1 (Butterfly)
-2.0387750688834023,1.4158893922530755,PFM-1 (Butterfly)
-2.180536849591096,1.8261931946936072,PFM-1 (Butterfly)
-2.0650396765085812,1.4811723489936581,PFM-1 (Butterfly)
-1.9589170651051722,1.3732682660586348,PFM-1 (Butterfly)
-1.7626755265968908,1.2776749731165755,PFM-1 (Butterfly)
-1.848216010700424,1.6877442507667972,PFM-1 (Butterfly)
-1.6629792440956772,0.9822095592378881,PFM-1 (Butterfly)
-1.736209555543241,1.577906896641927,PFM-1 (Butterfly)
-1.7108604085514099,1.4772005583572374,PFM-1 (Butterfly)
-1.666866287984861,1.6222127604170244,PFM-1 (Butterfly)
-1.5861435146930871,1.792198314235053,PFM-1 (Butterfly)
-1.3660335400561465,1.6274064954936698,PFM-1 (Butterfly)
-1.3040662170606911,1.7640161501546567,PFM-1 (Butterfly)
-1.091408497309835,1.2443519085900006,PFM-1 (Butterfly)
-1.1402306490111578,1.7467597265407724,PFM-1 (Butterfly)
-0.9614779988360447,1.690698475714626,PFM-1 (Butterfly)
-0.8361418399525947,1.410793874534504,PFM-1 (Butterfly)
-0.8247390136129846,1.445734389425942,PFM-1 (Butterfly)
-0.7343590230847944,1.3491799823590682,PFM-1 (Butterfly)
-0.612389975094587,1.3211695909284753,PFM-1 (Butterfly)
-0.5872798587166125,1.3342510684344095,PFM-1 (Butterfly)
-0.49758260176980945,1.3025624964102966,PFM-1 (Butterfly)
-0.13277490459276511,1.2810509044700111,PFM-1 (Butterfly)
-0.046677543159677835,1.3068407069809673,PFM-1 (Butterfly)
-0.09009523746783873,1.335257390864967,PFM-1 (Butterfly)
0.21200266353946348,1.1046857063185758,PFM-1 (Butterfly)
0.22541292428330653,1.6684135483123335,PFM-1 (Butterfly)
0.6759917504343093,1.4654190944557812,PFM-1 (Butterfly)
0.6126573338221082,0.6437590803478503,PFM-1 (Butterfly)
-1.9423671232914064,0.9820058109435549,PFM-1 (Butterfly)
-1.771333408428308,1.2673629875744201,PFM-1 (Butterfly)
-1.9003618561898183,1.4708627592861527,PFM-1 (Butterfly)
-2.0100173334286935,2.1191467486826636,PFM-1 (Butterfly)
-1.8871161929966174,1.7760809402137556,PFM-1 (Butterfly)
-1.807344527836982,1.7483467695130124,PFM-1 (Butterfly)
-1.74811354757426,1.8270701945974637,PFM-1 (Butterfly)
-1.8323720946621862,2.315321619702756,PFM-1 (Butterfly)
-1.8643490709052823,2.036027098406752,PFM-1 (Butterfly)
-1.6832385235208818,1.194533241378337,PFM-1 (Butterfly)
-1.7241876496438695,1.4608109286701727,PFM-1 (Butterfly)
-1.7981552587311398,1.4039340744060411,PFM-1 (Butterfly)
-1.7008480533596713,1.180059504940682,PFM-1 (Butterfly)
-1.6397924867934408,0.7838064940538242,PFM-1 (Butterfly)
-1.8035175408282884,1.2464178631059453,PFM-1 (Butterfly)
-1.5934056885545276,1.0824057016665911,PFM-1 (Butterfly)
-1.61024425512751,1.1985425985796418,PFM-1 (Butterfly)
-1.5631839938618233,0.9756953833645229,PFM-1 (Butterfly)
-1.4416100220267443,0.8385645449926411,PFM-1 (Butterfly)
-1.2507650703975421,0.850869487402361,PFM-1 (Butterfly)
-1.2557706580449104,1.087451383770511,PFM-1 (Butterfly)
-1.2248922261358255,1.0047500250780748,PFM-1 (Butterfly)
-1.0504391301330605,0.9131205010630677,PFM-1 (Butterfly)
-0.9857827653764141,1.104682275053076,PFM-1 (Butterfly)
-0.9337016103993638,0.9586229282121445,PFM-1 (Butterfly)
-0.8831114077721914,1.3763611857857079,PFM-1 (Butterfly)
-0.6866233593973157,1.027226963885273,PFM-1 (Butterfly)
-0.5939442724802101,0.991534910950314,PFM-1 (Butterfly)
-0.34690747172496933,1.0537312764690114,PFM-1 (Butterfly)
-0.41631189758809645,1.1126865010386096,PFM-1 (Butterfly)
-0.35074036967942374,1.2703918171784963,PFM-1 (Butterfly)
-0.08191017239267363,1.4166084739138043,PFM-1 (Butterfly)
-0.25791994168749793,0.395246466438501,PFM-1 (Butterfly)
-1.6061460130774268,-0.6570898419287482,PMA-2 (Starfish)
-1.7387638649399617,-0.6643322783293556,PMA-2 (Starfish)
-1.6579830687417463,-0.5818088581086799,PMA-2 (Starfish)
-1.544416994737792,-0.7605535298296772,PMA-2 (Starfish)
-1.5544045032164064,-0.690875317556965,PMA-2 (Starfish)
-1.516049513653087,-0.5657822588851273,PMA-2 (Starfish)
-1.5590503366381618,-0.63739695307741,PMA-2 (Starfish)
-1.4658698539187416,-0.7711857880180786,PMA-2 (Starfish)
-1.4769013224897982,-0.7099409816981178,PMA-2 (Starfish)
-1.487124810120355,-0.8118620693011462,PMA-2 (Starfish)
-1.5328778863235084,-0.7340290737718185,PMA-2 (Starfish)
-1.4960052265666592,-0.7093720137977415,PMA-2 (Starfish)
-1.5484366060807992,-0.6443033020621868,PMA-2 (Starfish)
-1.4775203280980695,-0.7868529144489941,PMA-2 (Starfish)
-1.4613012457324057,-0.6132234893849822,PMA-2 (Starfish)
-1.3490085783888657,-0.5291756691200655,PMA-2 (Starfish)
-1.2973394014056956,-0.7222096815466907,PMA-2 (Starfish)
-1.2852356496021853,-0.5635612947210866,PMA-2 (Starfish)
-1.1203479804696121,-0.5367770776066292,PMA-2 (Starfish)
-1.0060114446794823,-0.5342639363022305,PMA-2 (Starfish)
-1.0729639577656034,-0.4778754198677041,PMA-2 (Starfish)
-0.9738953400957522,-0.6862649283646614,PMA-2 (Starfish)
-0.9342509733483982,-0.5918813871962217,PMA-2 (Starfish)
-1.0589199630785568,-0.5620171244135524,PMA-2 (Starfish)
-0.9522829908490348,-0.8882677614896045,PMA-2 (Starfish)
-0.9678801640486894,-0.8481748192885439,PMA-2 (Starfish)
-1.0323867774383126,-1.3654166785011412,PMA-2 (Starfish)
0.26047276685878445,-1.0959946858665337,PMA-2 (Starfish)
0.7237021471966698,-1.0158971227584825,PMA-2 (Starfish)
0.9571173548306552,-0.7764074680313152,PMA-2 (Starfish)
1.0521705955890182,-0.8671011663915953,PMA-2 (Starfish)
-1.7812628809197706,-1.3099776219789747,PFM-1 (Butterfly)
-1.6929832953435304,2.2188823941124456,PFM-1 (Butterfly)
-1.6653309814457413,2.459294578981245,PFM-1 (Butterfly)
-2.0763663847156555,-0.42253193041610426,PFM-1 (Butterfly)
-1.9792578034413029,-0.7355968089278181,PFM-1 (Butterfly)
-2.1464997849504535,0.37075044428244724,PFM-1 (Butterfly)
-2.0810961967824144,0.3954015214117042,PFM-1 (Butterfly)
-2.0212019972270525,0.42895752857504893,PFM-1 (Butterfly)
-2.0066134141878504,0.029159921130563836,PFM-1 (Butterfly)
-1.8898358202130674,-0.5144966795485272,PFM-1 (Butterfly)
-1.9365009003582099,-0.1104055488821362,PFM-1 (Butterfly)
-1.8906923358537386,-0.028539356920194096,PFM-1 (Butterfly)
-1.8998244710258057,0.683190805975876,PFM-1 (Butterfly)
-1.3080189715561608,1.7918673994274843,PFM-1 (Butterfly)
-1.9258570080998494,0.6990424176819632,PFM-1 (Butterfly)
-1.9863011979708616,0.7323338843847096,PFM-1 (Butterfly)
-1.9884416075830806,0.7409031539022705,PFM-1 (Butterfly)
-1.924970152190511,0.8157308319990688,PFM-1 (Butterfly)
-1.8790919833058748,0.8623660670938939,PFM-1 (Butterfly)
-1.7247694155771605,0.34975916360591325,PFM-1 (Butterfly)
-1.7694134250822107,0.6299480236022459,PFM-1 (Butterfly)
-1.7162503894386485,0.8332671929223666,PFM-1 (Butterfly)
-1.618892923897058,0.6201443893900725,PFM-1 (Butterfly)
-1.714352001666592,1.1677024181897881,PFM-1 (Butterfly)
-1.4254974005093286,1.452922019963737,PFM-1 (Butterfly)
-1.6151988724788133,0.9613093233593267,PFM-1 (Butterfly)
-1.5075139036786127,0.9172165184739852,PFM-1 (Butterfly)
-1.5255207414961618,1.0353426584794754,PFM-1 (Butterfly)
-1.4687438571802003,1.4192989161633474,PFM-1 (Butterfly)
-1.350124308563143,0.992507367696737,PFM-1 (Butterfly)
-1.2160930792618954,1.4824412777313667,PFM-1 (Butterfly)
-1.0807221631265835,1.343858806977146,PFM-1 (Butterfly)
-0.9099378304050503,1.187562796674625,PFM-1 (Butterfly)
-0.6810322297572154,1.531414959189942,PFM-1 (Butterfly)
-0.6388616832865972,1.2596676124080894,PFM-1 (Butterfly)
-1.4774213592436716,1.0582911753237585,PFM-1 (Butterfly)
-0.2707330985791469,0.8990754804788867,PFM-1 (Butterfly)
-0.04785637191099785,0.9146202782858102,PFM-1 (Butterfly)
0.2000978932860278,0.7948166795519003,PFM-1 (Butterfly)
0.4090950706227875,0.8586031877318803,PFM-1 (Butterfly)
0.8347145153629875,0.8387798861027926,PFM-1 (Butterfly)
1.322340365467535,0.637474327289457,PFM-1 (Butterfly)
1.8796173436788524,0.6385299007473662,PFM-1 (Butterfly)
2.880483871292651,0.4710735792378583,PFM-1 (Butterfly)
3.6291901367329755,0.5610190330577025,PFM-1 (Butterfly)
3.776299426281094,-0.43376756228344465,PFM-1 (Butterfly)
-1.400344720454074,0.8766815585893887,PFM-1 (Butterfly)
-1.3366184195847306,0.4265819633782181,PFM-1 (Butterfly)
-1.45782875922172,-0.5998297805130883,PFM-1 (Butterfly)
-1.1780122626594993,-0.4102080666834344,PFM-1 (Butterfly)
-1.2481314382697868,-0.6554000627109345,PFM-1 (Butterfly)
-1.2136849436458532,-0.24823065755758003,PFM-1 (Butterfly)
-0.9185106547359403,0.21987641929319474,PFM-1 (Butterfly)
-0.6862406353171683,1.6263779513419943,PFM-1 (Butterfly)
-0.48962850179784706,1.6209145308623725,PFM-1 (Butterfly)
-0.3932831920703353,1.046292547351617,PFM-1 (Butterfly)
-0.4287555003935811,0.9129414441406629,PFM-1 (Butterfly)
-0.22976160011389482,0.4033475205393384,PFM-1 (Butterfly)
-0.2502091558176338,-0.48608123085647115,PFM-1 (Butterfly)
-0.4462206940487516,-0.9637403820790285,PFM-1 (Butterfly)
-0.40656924995887256,-0.7880322247161212,PFM-1 (Butterfly)
-0.4734392054180858,-0.96258408619376,PFM-1 (Butterfly)
-0.8714759098880666,-1.6436886393627104,PFM-1 (Butterfly)
-1.8992007526560661,-0.6790192459580953,PFM-1 (Butterfly)
-1.916762773112185,-0.16437315582137352,PFM-1 (Butterfly)
-1.9389381364807599,-0.028547428490199384,PFM-1 (Butterfly)
-1.8854208513213664,-0.2518639136810068,PFM-1 (Butterfly)
-1.8646561443234289,-0.0503984583654139,PFM-1 (Butterfly)
-1.789226668890163,-0.5311427118504495,PFM-1 (Butterfly)
-1.8791442124507534,0.1731072500254691,PFM-1 (Butterfly)
-1.7536775384049526,-0.2770219715635754,PFM-1 (Butterfly)
-1.6907949003108111,-0.7387839174131082,PFM-1 (Butterfly)
-1.7503726491443836,-0.165790243788214,PFM-1 (Butterfly)
-1.691915537331481,-0.3802428841153724,PFM-1 (Butterfly)
-1.6284644813240985,-0.3326282161326928,PFM-1 (Butterfly)
-1.8167429895035776,0.7399327866437989,PFM-1 (Butterfly)
-1.561902285457208,-0.19576425301857048,PFM-1 (Butterfly)
-1.5876056987710592,0.3382386296364128,PFM-1 (Butterfly)
-1.6019858793830437,0.12297346186721926,PFM-1 (Butterfly)
-1.6366567853835485,0.07548001254140593,PFM-1 (Butterfly)
-1.5371177615064027,0.7216603509158115,PFM-1 (Butterfly)
-1.5112440758425705,0.24849993170020412,PFM-1 (Butterfly)
-1.3180535584925166,1.190401923154977,PFM-1 (Butterfly)
-1.5556164144868816,1.3069191708385615,PFM-1 (Butterfly)
-1.240211111965974,1.1281778075730793,PFM-1 (Butterfly)
-1.1216604006459188,0.9673462739652462,PFM-1 (Butterfly)
-1.2257526859203756,1.538567710658384,PFM-1 (Butterfly)
-0.9680744562957472,1.032296339049795,PFM-1 (Butterfly)
-0.736039966016735,0.845232634406046,PFM-1 (Butterfly)
-0.7765467182161522,1.1757541492299266,PFM-1 (Butterfly)
-0.5539480788369145,0.9544395427495652,PFM-1 (Butterfly)
-0.41160430393991565,1.0089124869647987,PFM-1 (Butterfly)
-0.16444238643898515,0.9681152456028019,PFM-1 (Butterfly)
0.016347059607520815,0.9359673029996446,PFM-1 (Butterfly)
0.5585425020881476,1.1258885608999352,PFM-1 (Butterfly)
0.345157947777345,0.20087822267985164,PFM-1 (Butterfly)
0.2307970354619389,-0.7665279135165795,PFM-1 (Butterfly)
-1.8065791650375957,0.09546257687843421,PFM-1 (Butterfly)
-1.749877615900798,-0.14229134633483095,PFM-1 (Butterfly)
-1.7070950179382136,-0.14877450272777648,PFM-1 (Butterfly)
-1.726927741875014,-0.07237484779732418,PFM-1 (Butterfly)
-1.9804860678002294,0.21741149301796953,PFM-1 (Butterfly)
-1.6110836555177241,-0.5895683678779352,PFM-1 (Butterfly)
-1.8847790675471179,-0.07898734827259238,PFM-1 (Butterfly)
-1.9245688254299227,0.05152624872726524,PFM-1 (Butterfly)
-1.9107410938095222,-0.16963055471577598,PFM-1 (Butterfly)
-1.8716745080446904,-0.04295937727335172,PFM-1 (Butterfly)
-1.7400525630554935,-0.007891344886649323,PFM-1 (Butterfly)
-1.8368780735378885,0.30599995615459613,PFM-1 (Butterfly)
-1.8179794799548088,0.4519244703444246,PFM-1 (Butterfly)
-1.7466013264473326,0.5671677467237499,PFM-1 (Butterfly)
-1.6348183472192237,0.8078368566931989,PFM-1 (Butterfly)
-1.4981079502881016,0.5357768190272886,PFM-1 (Butterfly)
-1.563190628196111,1.1627951489838957,PFM-1 (Butterfly)
-1.3319694169905953,0.6886661144865436,PFM-1 (Butterfly)
-1.3988946497160086,0.9963562251324352,PFM-1 (Butterfly)
-1.337335820815548,1.02239321559736,PFM-1 (Butterfly)
-1.2676801416434123,0.9468927603288072,PFM-1 (Butterfly)
-1.0508234556291856,1.0031577446604476,PFM-1 (Butterfly)
-1.1348158800627124,1.0259991100036234,PFM-1 (Butterfly)
-1.1397810855133388,1.2985889348554305,PFM-1 (Butterfly)
-0.9205469707339707,1.128817013755686,PFM-1 (Butterfly)
-0.7397489629122482,0.748744437511703,PFM-1 (Butterfly)
-0.7041065911634753,0.9547387837027383,PFM-1 (Butterfly)
-0.5471710986010416,2.7990427200064656,PFM-1 (Butterfly)
-0.4523893016344484,3.0719901494402237,PFM-1 (Butterfly)
-0.05122225936040608,3.351060503530244,PFM-1 (Butterfly)
-0.15350330559481432,1.7329524771718579,PFM-1 (Butterfly)
-0.17416545410683654,1.0103381544759245,PFM-1 (Butterfly)
-2.398174377526418,-0.8299954279346938,PMA-2 (Starfish)
-2.3519467079582026,-0.8186188601342217,PMA-2 (Starfish)
-2.3178010729151937,-0.8323271791978727,PMA-2 (Starfish)
-2.301002151200458,-0.8013827457397097,PMA-2 (Starfish)
-2.268453622301729,-1.1837330979166518,PMA-2 (Starfish)
-2.345036230504035,-1.0830965935023091,PMA-2 (Starfish)
-2.271430805912668,-0.9193748289782315,PMA-2 (Starfish)
-2.239534820156121,-0.9939307226304557,PMA-2 (Starfish)
-2.1934890202777484,-1.211463621325302,PMA-2 (Starfish)
-2.2470781069198433,-0.9681600936160168,PMA-2 (Starfish)
-2.1987286661167476,-0.996782521683491,PMA-2 (Starfish)
-2.210108488898447,-0.8978432053663657,PMA-2 (Starfish)
-2.192936771218559,-1.0479249164776034,PMA-2 (Starfish)
-2.2159240878992197,-0.9288894367346061,PMA-2 (Starfish)
-2.121322133488557,-1.068344281335801,PMA-2 (Starfish)
-2.134535138326081,-1.1569905100591467,PMA-2 (Starfish)
-2.1934546317039225,-1.1882076231651013,PMA-2 (Starfish)
-2.1402481466196535,-0.8429656444181336,PMA-2 (Starfish)
-2.0770589264167265,-0.96643181750227,PMA-2 (Starfish)
-2.0371223402905247,-0.8466662410672297,PMA-2 (Starfish)
-2.024711232794541,-0.9816691825559135,PMA-2 (Starfish)
-2.0918386717612947,-0.9906681246810058,PMA-2 (Starfish)
-2.0068874305123323,-0.9186939760210622,PMA-2 (Starfish)
-1.9380713988386054,-0.9331435966719442,PMA-2 (Starfish)
-2.0317784217490007,-0.9505358730906986,PMA-2 (Starfish)
-2.024237428278601,-0.9816884328903491,PMA-2 (Starfish)
-2.001090134398405,-0.7774639776747516,PMA-2 (Starfish)
-1.9144414465638127,-0.892161541855212,PMA-2 (Starfish)
-1.939170228392008,-0.7795265891625884,PMA-2 (Starfish)
-1.951692005508598,-0.7728624412640013,PMA-2 (Starfish)
-1.827537238933877,-0.6390464605889987,PMA-2 (Starfish)
-1.7516971931568803,-0.8130884242664407,PMA-2 (Starfish)
-1.7807992728880193,-0.5832191554707428,PMA-2 (Starfish)
-1.8432783656548475,-0.724372000096437,PMA-2 (Starfish)
-1.8342919565862459,-0.6974341012178998,PMA-2 (Starfish)
-1.7622045977703067,-0.7355632680171822,PMA-2 (Starfish)
-1.7087321635267834,-0.7517143533707813,PMA-2 (Starfish)
-1.670605516390686,-0.8544332636893983,PMA-2 (Starfish)
-1.6560528396304857,-0.7926196823404236,PMA-2 (Starfish)
-1.5764623028825737,-0.8146999052780212,PMA-2 (Starfish)
-1.5613038828769104,-0.8799801692321748,PMA-2 (Starfish)
-1.7015811046125555,-0.7620032357650801,PMA-2 (Starfish)
-1.6409794050065247,-0.7504299730143084,PMA-2 (Starfish)
-1.571368891322374,-0.7568856329209246,PMA-2 (Starfish)
-1.5043162078148549,-0.864773996441749,PMA-2 (Starfish)
-1.356640625469081,-0.821190060759192,PMA-2 (Starfish)
-1.3308578527362986,-0.9188324197543731,PMA-2 (Starfish)
-1.3542394009944223,-0.6913964692520831,PMA-2 (Starfish)
-1.2602161129248797,-0.5715430077349055,PMA-2 (Starfish)
-1.170960375887676,-0.5683173618746152,PMA-2 (Starfish)
-1.1307074782563153,-0.9609851224822977,PMA-2 (Starfish)
-1.2969246737701112,-1.4723100931387127,PMA-2 (Starfish)
-1.6346381188792205,-1.5567581538254,PMA-2 (Starfish)
-1.5157075430014555,-1.0428348365090738,PMA-2 (Starfish)
-1.5258856542152524,-0.8057042198281539,PMA-2 (Starfish)
-1.3893887817756794,-0.8386033617789277,PMA-2 (Starfish)
-1.2722935050030852,-0.8010475096702807,PMA-2 (Starfish)
-1.1987674891570947,-0.5783278317912212,PMA-2 (Starfish)
-1.0431504527319866,-0.5677003963527173,PMA-2 (Starfish)
-1.0324483996292806,-0.9838907393551739,PMA-2 (Starfish)
-0.9571539743288735,-0.3867765928493041,PMA-2 (Starfish)
-0.7481756033075938,-0.06696610632932848,PMA-2 (Starfish)
-0.7618571634284488,-0.2721068834981221,PMA-2 (Starfish)
-0.8244736363411005,-0.14081645116583916,PMA-2 (Starfish)
-0.7422802236661712,-0.22807343921874043,PMA-2 (Starfish)
-0.8158201166212736,-0.26546748731410874,PMA-2 (Starfish)
-0.8359365006416962,-0.28769303148067804,PMA-2 (Starfish)
-0.8672061066364574,-0.2630939922608533,PMA-2 (Starfish)
-0.7850590280084249,-0.2865809709074377,PMA-2 (Starfish)
-0.8784473327385978,-0.2545942918307349,PMA-2 (Starfish)
-0.8827928336736732,-0.2503690159199426,PMA-2 (Starfish)
-0.7753891969841815,-0.42244306241536445,PMA-2 (Starfish)
-0.8911886409946193,-0.22512398970913208,PMA-2 (Starfish)
-0.6032525287216902,-0.4145459865581116,PMA-2 (Starfish)
-0.4608940928834783,-0.38664949060114656,PMA-2 (Starfish)
-0.37288453610815514,-0.5262664722087287,PMA-2 (Starfish)
-0.21710405572206526,-0.4818176473609201,PMA-2 (Starfish)
-0.2123755991905346,-0.40782200734898255,PMA-2 (Starfish)
-0.07350513434286687,-0.31800635079199835,PMA-2 (Starfish)
0.06203538379414403,-0.42099526738935633,PMA-2 (Starfish)
0.22562585566598645,-0.42608484390698764,PMA-2 (Starfish)
0.41548896064741037,-0.3693012477827879,PMA-2 (Starfish)
0.5319915452027288,-0.4825359173422523,PMA-2 (Starfish)
0.7206874660689603,-0.3305987528336955,PMA-2 (Starfish)
-1.0756780661737293,-0.06852029466194627,PFM-1 (Butterfly)
-1.1561033088846262,-0.21738386395201775,PFM-1 (Butterfly)
-1.3381026818698012,0.683543207661463,PFM-1 (Butterfly)
-1.0618828699644531,-0.16140148669609405,PFM-1 (Butterfly)
-1.1033170467728257,0.5637098696440287,PFM-1 (Butterfly)
-1.0996919495700985,0.2765727894140827,PFM-1 (Butterfly)
-1.1769018694632332,0.8210925976488674,PFM-1 (Butterfly)
0.9346645220364698,-0.3149267601638655,PMA-2 (Starfish)
-1.2599804241780905,0.14800216247182263,PFM-1 (Butterfly)
-1.2447182244010673,0.9849242352522852,PFM-1 (Butterfly)
-0.9279110684848547,0.5239722451639007,PFM-1 (Butterfly)
-0.7358286094292721,0.5447195643729013,PFM-1 (Butterfly)
-0.7504938203733186,0.7572832685501056,PFM-1 (Butterfly)
-0.871659840764025,0.7633727166476623,PFM-1 (Butterfly)
-0.8255953223763975,0.7950552632155196,PFM-1 (Butterfly)
-0.5492543987050916,0.3726998617677793,PFM-1 (Butterfly)
-0.6274788664268798,0.5685001316864005,PFM-1 (Butterfly)
-0.47555806803211353,0.9033061641031014,PFM-1 (Butterfly)
0.93946691331388,-0.9124939507539402,PMA-2 (Starfish)
-0.1988863665225897,0.8444776158955943,PFM-1 (Butterfly)
-0.021019348242236526,0.8055896252795307,PFM-1 (Butterfly)
-0.11610955953474279,-1.1639394593069499,PFM-1 (Butterfly)
0.15149201228832798,-1.6608606733670512,PMA-2 (Starfish)
-1.959420140103992,-0.5543641213840208,PMA-2 (Starfish)
-1.8918271470699313,-0.41314385474871484,PMA-2 (Starfish)
-1.9551813077647633,-0.4911062073597605,PMA-2 (Starfish)
-1.7438990653872557,-0.488364281028452,PMA-2 (Starfish)
-1.7391670482990462,-0.4858044293302265,PMA-2 (Starfish)
-1.6150026161523416,-0.5253886754579442,PMA-2 (Starfish)
-1.5348387877813514,-0.6575919961443422,PMA-2 (Starfish)
-1.5122294606328726,-0.662138541827907,PMA-2 (Starfish)
-1.4246500578421546,-0.7230015395100241,PMA-2 (Starfish)
-1.4517313550226116,-0.5825912766645372,PMA-2 (Starfish)
-1.4321278454453994,-0.4644532169196135,PMA-2 (Starfish)
-1.4003660287673334,-0.565265868319771,PMA-2 (Starfish)
-1.3370340567771326,-0.6949324246042592,PMA-2 (Starfish)
-1.2205738918053606,-0.6255780949862648,PMA-2 (Starfish)
-1.351439790955687,-0.6122187847497369,PMA-2 (Starfish)
-1.2766889355102684,-0.8367770378397849,PMA-2 (Starfish)
-1.3175498600189772,-0.99615111963979,PMA-2 (Starfish)
-1.2305813347782302,-0.9537646580417295,PMA-2 (Starfish)
-1.166254693710722,-0.8678709682735877,PMA-2 (Starfish)
-1.2354281301795123,-0.8868746181709769,PMA-2 (Starfish)
-1.1603148825429601,-0.5586315519713367,PMA-2 (Starfish)
-1.0466098497629164,-0.5962594731859467,PMA-2 (Starfish)
-1.0780350443580244,-0.7406659303310371,PMA-2 (Starfish)
-1.1067215260417118,-0.7261180695262948,PMA-2 (Starfish)
-0.989593228718848,-0.5944316576219847,PMA-2 (Starfish)
-0.9305258687122019,-0.6015858021335864,PMA-2 (Starfish)
-0.9810063691019392,-0.5923831731469809,PMA-2 (Starfish)
-0.9103355386115185,-0.7830646329387481,PMA-2 (Starfish)
-0.7991141709508712,-0.7754707818693053,PMA-2 (Starfish)
-0.7943496136466124,-0.8761121381184203,PMA-2 (Starfish)
-0.7685449186870554,-0.8539215412556727,PMA-2 (Starfish)
-0.7304032002389406,-0.8878610846485928,PMA-2 (Starfish)
-0.5311887654776005,-0.9265314321372203,PMA-2 (Starfish)
-0.5851602471777496,-0.7713414506066849,PMA-2 (Starfish)
-0.3157792234303875,-0.7294781673386871,PMA-2 (Starfish)
-0.2393877126774934,-0.6480221110982681,PMA-2 (Starfish)
-0.19925345328009483,-0.4762852411513914,PMA-2 (Starfish)
-0.08028393604722546,-0.5750360839538152,PMA-2 (Starfish)
-0.019308505546647876,-0.4955845818962519,PMA-2 (Starfish)
0.17096578124747924,-0.4916273657925615,PMA-2 (Starfish)
0.2871629813805522,-0.43592176734668775,PMA-2 (Starfish)
0.4214655387882636,-0.37971348986649994,PMA-2 (Starfish)
0.4395237441553803,-0.37398038431851294,PMA-2 (Starfish)
0.7436649630033725,-0.3104484171674925,PMA-2 (Starfish)
0.8357660379821893,-0.44770997191874595,PMA-2 (Starfish)
1.087504621764116,-0.4801052608215547,PMA-2 (Starfish)
1.1110655585320726,-0.5329729293942825,PMA-2 (Starfish)
0.29044033288011933,-1.2037871438276875,PMA-2 (Starfish)
-0.39407688848658695,-1.018246993263134,PFM-1 (Butterfly)
-0.37117562002810306,0.37768576920821323,PFM-1 (Butterfly)
-0.23804043791080132,0.10643029571212755,PFM-1 (Butterfly)
-0.21228093085216196,0.2058114104841843,PFM-1 (Butterfly)
-0.14540106776768078,-0.6477472604911156,PFM-1 (Butterfly)
-0.45449068347652627,-1.387746781759338,PFM-1 (Butterfly)
-2.1115752770877783,-0.3303618886331465,PFM-1 (Butterfly)
-2.044978528152567,-0.32628334675557225,PFM-1 (Butterfly)
-1.9859275971471189,-0.21997610161699532,PFM-1 (Butterfly)
-1.8310137557084907,-0.4842711706018635,PFM-1 (Butterfly)
-1.6819983602432407,-0.4366941812144971,PFM-1 (Butterfly)
-1.7019131725716632,-0.3842141805879003,PFM-1 (Butterfly)
-1.763864468973227,-0.36070120536840167,PFM-1 (Butterfly)
-1.8077939688977078,-0.2590445965185902,PFM-1 (Butterfly)
-1.6628447938131867,-0.30261113621177527,PFM-1 (Butterfly)
-1.7583432753896915,-0.42116885467952,PFM-1 (Butterfly)
-1.7722058943637973,-0.25279841476470444,PFM-1 (Butterfly)
-1.6888695960133902,-0.10967503409812514,PFM-1 (Butterfly)
-1.6532702927680343,-0.30394219490325225,PFM-1 (Butterfly)
-1.6440748582765496,-0.42594607783763067,PFM-1 (Butterfly)
-1.6453110893450396,-0.4895642312417505,PFM-1 (Butterfly)
-1.629211563458996,-0.3163246257764096,PFM-1 (Butterfly)
-1.6116737692738934,-0.25736817444463866,PFM-1 (Butterfly)
-1.6733106314317694,-0.1957964275654857,PFM-1 (Butterfly)
-1.5646286561889071,-0.21016723608087826,PFM-1 (Butterfly)
-1.5237330461826333,-0.23689086841333937,PFM-1 (Butterfly)
-1.6057177630859278,-0.05068461229884555,PFM-1 (Butterfly)
-1.5164660198193447,-0.1743083116758998,PFM-1 (Butterfly)
-1.4828984131907421,0.12679072247123216,PFM-1 (Butterfly)
-1.3194542462396537,0.4670730808273479,PFM-1 (Butterfly)
-1.2810912070456784,0.4986517104146616,PFM-1 (Butterfly)
-1.4626159744817064,-0.0824640764926951,PFM-1 (Butterfly)
-1.4501953277804345,0.03716723895181063,PFM-1 (Butterfly)
-1.4208449167160582,0.05190265743550271,PFM-1 (Butterfly)
-1.3977658261194361,0.11288253334901666,PFM-1 (Butterfly)
-1.4151461614342353,0.1860058657188186,PFM-1 (Butterfly)
-1.3542174756183403,-0.009350653596844978,PFM-1 (Butterfly)
-1.2506624510135937,-0.035095544443368654,PFM-1 (Butterfly)
-1.205946829298814,0.12206405829952315,PFM-1 (Butterfly)
-1.172198592692693,0.07692856594926985,PFM-1 (Butterfly)
-1.0436945537342561,0.1431372115335614,PFM-1 (Butterfly)
-0.9922921040995426,0.08848827662679855,PFM-1 (Butterfly)
-0.9419188070034599,0.1036692236734966,PFM-1 (Butterfly)
-0.8346110708712092,0.1134391732988221,PFM-1 (Butterfly)
-0.7047212930093408,-0.031447827171972406,PFM-1 (Butterfly)
-0.694410994634184,-0.012849440535979533,PFM-1 (Butterfly)
-0.5518369628885671,0.12662557677350017,PFM-1 (Butterfly)
-0.36454000614551924,-0.06760562679545967,PFM-1 (Butterfly)
-0.26486020314852393,-0.055561804731173635,PFM-1 (Butterfly)
-2.4582387317279695,-0.2490287150571703,PFM-1 (Butterfly)
-2.5264469975122283,-0.023330434960908805,PFM-1 (Butterfly)
-2.4918929190106245,-0.15178248789402163,PFM-1 (Butterfly)
-2.3732668614759502,-0.13170521058050355,PFM-1 (Butterfly)
-2.444574647616333,-0.014873089709165014,PFM-1 (Butterfly)
-2.2574896380574865,-0.3998332046809279,PFM-1 (Butterfly)
-2.1874848165294267,-0.2757292027281328,PFM-1 (Butterfly)
-2.217074193765823,-0.43998559285612726,PFM-1 (Butterfly)
-2.244992106540487,-0.4509621967092406,PFM-1 (Butterfly)
-2.225695138718366,-0.31144134993741607,PFM-1 (Butterfly)
-2.175165506044346,-0.41980830573570965,PFM-1 (Butterfly)
-2.1788737562551765,-0.44305553825189853,PFM-1 (Butterfly)
-2.0963905445483113,-0.4656667007796309,PFM-1 (Butterfly)
-2.1238684193848107,-0.24921752527792096,PFM-1 (Butterfly)
-2.1855975391562077,-0.09510503648975736,PFM-1 (Butterfly)
-2.1132822784054333,-0.2624297386931941,PFM-1 (Butterfly)
-2.159243681061716,-0.2304677691778443,PFM-1 (Butterfly)
-2.1431526307912447,-0.13551406673957656,PFM-1 (Butterfly)
-2.173615890284929,-0.17979890874235946,PFM-1 (Butterfly)
-2.015262576258854,-0.27190748887239585,PFM-1 (Butterfly)
-1.9938404216939074,-0.22044030264082176,PFM-1 (Butterfly)
-2.1831265816675027,-0.16325214960969253,PFM-1 (Butterfly)
-2.1049407494473713,-0.08009684316545775,PFM-1 (Butterfly)
-2.0457654114243495,0.06684935992526594,PFM-1 (Butterfly)
-2.122482805217077,0.09863233842816761,PFM-1 (Butterfly)
-2.0588729624297013,0.07030301298022856,PFM-1 (Butterfly)
-1.9277442427714497,0.2630791349294778,PFM-1 (Butterfly)
-1.8899113778203054,0.08902279174077112,PFM-1 (Butterfly)
-1.7348372252913653,-0.22333922015954064,PFM-1 (Butterfly)
-1.5153147605579707,-0.15676227466143094,PFM-1 (Butterfly)
-1.5965463200324461,0.06729942562527555,PFM-1 (Butterfly)
-1.5867164771568436,0.23090949757889787,PFM-1 (Butterfly)
-1.3130127090952926,0.1305667681770231,PFM-1 (Butterfly)
-1.3236207901030859,-0.011579113239194371,PFM-1 (Butterfly)
-1.350753702152171,-0.18970761697267083,PFM-1 (Butterfly)
-1.1774489649552884,0.1343400993249344,PFM-1 (Butterfly)
-1.1163327495474868,-0.2967885155747866,PFM-1 (Butterfly)
-1.1171924872018995,0.07849171762028018,PFM-1 (Butterfly)
-0.8549392965865059,-0.015167843781661354,PFM-1 (Butterfly)
-0.7170248936326654,0.007430144913729577,PFM-1 (Butterfly)
-0.5112372830797071,0.011138799583709377,PFM-1 (Butterfly)
-0.19233180019113788,0.03221069315906578,PFM-1 (Butterfly)
-0.034159120250481734,0.1779072442612921,PFM-1 (Butterfly)
0.08924311797134654,0.07811808372426089,PFM-1 (Butterfly)
0.37926555582369925,0.08710187726404656,PFM-1 (Butterfly)
0.7467380866720225,0.0459943707865588,PFM-1 (Butterfly)
1.0575988797247426,-0.0003499147108659416,PFM-1 (Butterfly)
1.3445106944415366,-0.05238765701705376,PFM-1 (Butterfly)
-0.9668233100704432,-1.472523307412811,PMA-2 (Starfish)
-0.8552686896466781,-1.0553476504351522,PMA-2 (Starfish)
-0.8168532824142726,-0.9074418264965934,PMA-2 (Starfish)
-0.8827861091260746,-1.01676979217099,PMA-2 (Starfish)
-0.8582540172069495,-1.0287910041538968,PMA-2 (Starfish)
-0.8399391993623493,-0.94371665637597,PMA-2 (Starfish)
-0.7823921447777547,-1.0604212098128747,PMA-2 (Starfish)
-0.797882722560027,-0.953685033796917,PMA-2 (Starfish)
-0.7818001870598487,-0.6968246791641998,PMA-2 (Starfish)
-0.7127590790901458,-0.7790054994568459,PMA-2 (Starfish)
-0.8018237089251231,-0.8266105884562082,PMA-2 (Starfish)
-0.6584556760178161,-0.7885819224091138,PMA-2 (Starfish)
-0.5863121791833977,-0.9066381957023872,PMA-2 (Starfish)
-0.4144621988441451,-0.7777038441165618,PMA-2 (Starfish)
-0.4119296960047132,-0.7230438381681995,PMA-2 (Starfish)
-0.28398586805369946,-0.7145707274167602,PMA-2 (Starfish)
-0.27427734174890234,-0.5725685625388783,PMA-2 (Starfish)
-0.1102139797485087,-0.5368776264773272,PMA-2 (Starfish)
0.07159779085678424,-0.4277589597011913,PMA-2 (Starfish)
0.2843219171963472,-0.4490000633894156,PMA-2 (Starfish)
-2.0435498523802744,0.1491986317179383,PFM-1 (Butterfly)
-1.916612778362433,0.2088501448380794,PFM-1 (Butterfly)
-2.00741734828678,0.5102423112533059,PFM-1 (Butterfly)
-2.094746763333622,1.1325677444825304,PFM-1 (Butterfly)
-2.0859075495094337,1.2732203441719474,PFM-1 (Butterfly)
-2.2660302437669086,1.6541830775027824,PFM-1 (Butterfly)
-2.0739468052374725,1.2810995509503498,PFM-1 (Butterfly)
-2.0338987175921477,0.9027811512192049,PFM-1 (Butterfly)
-2.065705053756101,1.275791292471978,PFM-1 (Butterfly)
-1.9879351185291683,0.8902163677454265,PFM-1 (Butterfly)
-1.9680162471761418,0.7452197075207174,PFM-1 (Butterfly)
-1.9181414360448958,0.6957507231980061,PFM-1 (Butterfly)
-1.9523409725879284,0.6416612267789363,PFM-1 (Butterfly)
-1.9715316705435089,0.849984775152064,PFM-1 (Butterfly)
-1.8740788722725268,0.3915475553113603,PFM-1 (Butterfly)
-1.95282468621348,0.8575276477508589,PFM-1 (Butterfly)
-1.859165734040985,-1.089605244681635,PMA-2 (Starfish)
-1.9943848982452523,1.1223043231272367,PFM-1 (Butterfly)
-1.7772678907171866,-0.6999718322454458,PMA-2 (Starfish)
-1.7009979401092274,-0.8931537632559932,PMA-2 (Starfish)
-2.111309131508429,1.7330612720363476,PFM-1 (Butterfly)
-1.775643949989935,-0.4993719373448243,PMA-2 (Starfish)
-1.8936085811721723,0.8622152698495751,PFM-1 (Butterfly)
-1.6670543593698033,-0.5542910618168043,PMA-2 (Starfish)
-1.7973264524451222,0.46914494026963327,PFM-1 (Butterfly)
-1.5664471632646466,-0.8215384111456371,PMA-2 (Starfish)
-1.5765963284370779,-0.5403097758646983,PFM-1 (Butterfly)
-1.6124180521982305,-0.636234721981951,PMA-2 (Starfish)
-1.8709307265448158,0.6306318261572174,PFM-1 (Butterfly)
-1.7537039406734811,-1.1254190152298484,PMA-2 (Starfish)
-1.835207667869676,-1.1109052611240302,PMA-2 (Starfish)
-1.8076544600287245,-0.9060106372234487,PMA-2 (Starfish)
-1.826564090858013,-0.8598736939337545,PMA-2 (Starfish)
-1.8533076719329018,-0.9674908065499485,PMA-2 (Starfish)
-1.7377559229703792,-0.8078439990497908,PMA-2 (Starfish)
-1.7691641639073452,-1.0328342236091925,PMA-2 (Starfish)
-1.775144779025427,-0.988765352022684,PMA-2 (Starfish)
-1.485107334169619,-0.38517697303742965,PMA-2 (Starfish)
-1.7982238283784613,0.758620893227515,PFM-1 (Butterfly)
-1.7555206648230284,-0.9116122492010735,PMA-2 (Starfish)
-1.6892612690898074,-0.9226185171660872,PMA-2 (Starfish)
-1.7258727321698282,-0.74303316418734,PMA-2 (Starfish)
-1.7371458702197948,-0.8117431965014777,PMA-2 (Starfish)
-1.6303238866817196,-0.6185601246638929,PMA-2 (Starfish)
-1.6617850158110787,-0.641238218044261,PMA-2 (Starfish)
-1.548626256419116,-0.2571182524306553,PMA-2 (Starfish)
-1.5361046032873467,-0.2655755410236812,PMA-2 (Starfish)
-1.560209015270163,-0.528249405030478,PMA-2 (Starfish)
-1.5420075317217241,-0.5467584996861747,PMA-2 (Starfish)
-1.3332715480631694,-0.3275867360718244,PMA-2 (Starfish)
-1.7412739856400696,0.4696900019808872,PFM-1 (Butterfly)
-1.537172414669288,-0.17638642919204356,PMA-2 (Starfish)
-1.4074591099168319,-0.3784706881455217,PMA-2 (Starfish)
-1.3871324626274977,-0.3480454198066328,PMA-2 (Starfish)
-1.3070346851208323,-0.3710766089896636,PMA-2 (Starfish)
-1.3724697135878938,-0.9935723662587902,PMA-2 (Starfish)
-1.305523989143824,-0.32563647117507166,PMA-2 (Starfish)
-1.2448726563077723,-0.24014666197005874,PMA-2 (Starfish)
-1.5451678569659482,-1.582261488364522,PMA-2 (Starfish)
-1.5998230326524405,0.3426706020423687,PFM-1 (Butterfly)
-1.700619672710446,0.4854506694575765,PFM-1 (Butterfly)
-1.729778584790873,0.3582663528366003,PFM-1 (Butterfly)
-1.7117198326447507,0.3281116571255467,PFM-1 (Butterfly)
-1.716317565027145,0.21836036276429868,PFM-1 (Butterfly)
-1.753787507542495,0.4234136940811532,PFM-1 (Butterfly)
-1.64390763819928,0.15704980209520022,PFM-1 (Butterfly)
-1.616206729340236,0.13593502169195967,PFM-1 (Butterfly)
-1.6127130113095125,-0.027985921169626636,PFM-1 (Butterfly)
-1.631089777759638,0.055944805454119444,PFM-1 (Butterfly)
-1.5695407500076384,0.0775441254535386,PFM-1 (Butterfly)
-1.6089937837179,-0.060997198741111584,PFM-1 (Butterfly)
-1.5808673943397558,-0.1621569088909421,PFM-1 (Butterfly)
-1.6670565739519567,0.0624669675573584,PFM-1 (Butterfly)
-1.5706914912751533,-0.05676101037107006,PFM-1 (Butterfly)
-1.6338911623212304,0.034910894931737886,PFM-1 (Butterfly)
-1.5850389041558166,-0.004190125914777196,PFM-1 (Butterfly)
-1.6226847292878832,0.2835289870566075,PFM-1 (Butterfly)
-1.570464419272725,0.08114858490415681,PFM-1 (Butterfly)
-1.263786274557493,0.12267173800409245,PFM-1 (Butterfly)
-1.263786274557493,0.12267173800409245,PFM-1 (Butterfly)
-1.7014490087499172,0.6597414739119043,PFM-1 (Butterfly)
-1.6415765869313623,0.58359351600498,PFM-1 (Butterfly)
-1.4746684607362839,0.26650790019409504,PFM-1 (Butterfly)
-1.4530642834272796,0.5004276296815279,PFM-1 (Butterfly)
-1.3488733967065243,0.4976334303718111,PFM-1 (Butterfly)
-1.287474826042378,0.5508016221927857,PFM-1 (Butterfly)
-1.3083357310306905,0.6903937646903932,PFM-1 (Butterfly)
-1.122935035352942,0.5741102682717015,PFM-1 (Butterfly)
-0.976418276598004,0.25213382794171485,PFM-1 (Butterfly)
-0.8473785317438909,0.4454662207079477,PFM-1 (Butterfly)
-0.852069419184255,0.8385604906415375,PFM-1 (Butterfly)
-0.3410968343059805,-0.008025643804458134,PFM-1 (Butterfly)
-0.289067395398966,0.4380662946499193,PFM-1 (Butterfly)
0.4492659681585824,-0.12236719649604637,PFM-1 (Butterfly)
0.609444290967859,0.12946648440146724,PFM-1 (Butterfly)
1.553056331786378,0.0024432900692987003,PFM-1 (Butterfly)
2.1383966663226417,0.037378025843876395,PFM-1 (Butterfly)
3.283279274270989,0.06885376074465052,PFM-1 (Butterfly)
4.340182409801033,0.2629901775859728,PFM-1 (Butterfly)
1.5404165233118783,2.1202694787204495,PFM-1 (Butterfly)
-0.6267564760897635,-0.09919226374170191,PFM-1 (Butterfly)
-1.2243455529675105,1.233659100729955,PFM-1 (Butterfly)
-1.2846365821290244,0.2730669976418418,PFM-1 (Butterfly)
-1.3384034273146297,-0.18520320132471071,PFM-1 (Butterfly)
-1.5598475496207829,0.8484452012702749,PFM-1 (Butterfly)
-1.4235073117109258,0.3064012968182824,PFM-1 (Butterfly)
-1.1484661312862101,0.10048561569792511,PFM-1 (Butterfly)
-0.9975736291383842,0.034641934384749884,PFM-1 (Butterfly)
-0.9070589036998982,0.15766708716592237,PFM-1 (Butterfly)
-0.6880664470864467,-0.03487338289648132,PFM-1 (Butterfly)
-0.2595053832076884,-0.27156135165962114,PFM-1 (Butterfly)
-0.021308825032412652,-0.07313511024210287,PFM-1 (Butterfly)
0.4227139235440434,-0.2882197645224895,PFM-1 (Butterfly)
0.9310814038212138,-0.1847112092030757,PFM-1 (Butterfly)
1.934869943433638,-0.13159046888785098,PFM-1 (Butterfly)
2.7907091092475036,-0.05499959908871381,PFM-1 (Butterfly)
3.451937283017367,0.05481256787869232,PFM-1 (Butterfly)
-1.59331437419157,0.04537419366199744,PFM-1 (Butterfly)
-1.7628226974372427,0.9481150417099679,PFM-1 (Butterfly)
-1.5775695840306132,0.04082865937330366,PFM-1 (Butterfly)
-1.556159580032052,0.42191047232396883,PFM-1 (Butterfly)
-1.481829220314574,0.3337609553879904,PFM-1 (Butterfly)
-1.2216042355174948,-0.09667141714790371,PFM-1 (Butterfly)
-1.3317618235485487,0.38175407602540434,PFM-1 (Butterfly)
-1.070641689380051,0.058900646604877496,PFM-1 (Butterfly)
-0.785987786937866,-0.23860843433934537,PFM-1 (Butterfly)
-1.0243956400940686,0.34706722974078064,PFM-1 (Butterfly)
-0.8625870846798761,0.20136431235617397,PFM-1 (Butterfly)
-0.8029994287091275,0.28905766701793917,PFM-1 (Butterfly)
-0.46693120587046844,0.04237568871881049,PFM-1 (Butterfly)
-0.25485326569114986,0.06536250286453801,PFM-1 (Butterfly)
0.0067725518373268805,0.12726522659289646,PFM-1 (Butterfly)
0.46345539080404474,-0.11263859147777062,PFM-1 (Butterfly)
0.753128207257457,-0.008481102824041895,PFM-1 (Butterfly)
1.3748224119463759,0.10858235287159546,PFM-1 (Butterfly)
1.9800002798108298,-0.005217684072517278,PFM-1 (Butterfly)
2.9157468408474148,0.07486641393784685,PFM-1 (Butterfly)
4.660878310393645,0.2661808094961039,PFM-1 (Butterfly)
3.5224251402253155,1.1308713045530816,PFM-1 (Butterfly)
-1.3676659878508979,-0.2646940870752077,PFM-1 (Butterfly)
-1.3269069439727903,-0.47694782455875895,PFM-1 (Butterfly)
-1.3054201993074843,-0.27361222213725434,PFM-1 (Butterfly)
-1.2480395297231988,-0.2505051497648003,PFM-1 (Butterfly)
-1.0988497234114945,0.1991339295870112,PFM-1 (Butterfly)
-1.8886474474642507,-0.8361289035901662,PMA-2 (Starfish)
-1.876361411883131,-0.7834817215338734,PMA-2 (Starfish)
-1.8479228327285453,-0.6843981381173775,PMA-2 (Starfish)
-0.04699839892802618,0.09502613621561849,PFM-1 (Butterfly)
0.15772576139232108,0.028665047367359572,PFM-1 (Butterfly)
0.41087315699989774,-0.07107997267039162,PFM-1 (Butterfly)
0.5549495036219187,-0.15180886185331002,PFM-1 (Butterfly)
0.693836130772075,0.04950315497294043,PFM-1 (Butterfly)
1.2538840021590587,0.2819433081768573,PFM-1 (Butterfly)
1.1865564070741874,-0.14101693175584604,PFM-1 (Butterfly)
-1.8978245383577852,-0.6691909132080074,PMA-2 (Starfish)
-1.8709556178940336,-0.7543640204747017,PMA-2 (Starfish)
-1.8790152935708688,-0.5490699567170406,PMA-2 (Starfish)
-1.8475897706805156,-0.7206138759480932,PMA-2 (Starfish)
-1.7338649065116956,-0.7602098483282498,PMA-2 (Starfish)
-1.7001160338001127,-0.7789507806226396,PMA-2 (Starfish)
-1.7001949385912059,-0.7560620154516238,PMA-2 (Starfish)
-1.6570909404127323,-0.6115392411859609,PMA-2 (Starfish)
-1.604505441908355,-0.7829526667572388,PMA-2 (Starfish)
-1.872410810150634,-0.7769023835222016,PMA-2 (Starfish)
-1.575274065986466,-0.7447986544138201,PMA-2 (Starfish)
-1.485407263575064,-0.9154715207687366,PMA-2 (Starfish)
-1.4446599063695686,-0.7585028366604398,PMA-2 (Starfish)
-1.5031786750763279,-0.7483019720796897,PMA-2 (Starfish)
-1.5182172363214723,-0.8176733467691459,PMA-2 (Starfish)
-1.4049976795589485,-0.7430209726666616,PMA-2 (Starfish)
-1.3419707775517153,-0.825522577743531,PMA-2 (Starfish)
-1.2956099158760903,-0.8060200591999899,PMA-2 (Starfish)
-1.1798330905666434,-0.9195738155686568,PMA-2 (Starfish)
-1.1620646220800743,-0.7926406874056394,PMA-2 (Starfish)
-2.0311624452188632,-0.650520695925483,PMA-2 (Starfish)
-2.1203755376192865,-0.9933806964405889,PMA-2 (Starfish)
-2.029356455973293,-0.8712471850768393,PMA-2 (Starfish)
-1.9938519931002265,-0.8258925833105216,PMA-2 (Starfish)
-1.94956728606841,-0.6016141986026637,PMA-2 (Starfish)
-1.7867840881893122,-0.5420422727613198,PMA-2 (Starfish)
-1.6111210867178183,-0.6228067123763322,PMA-2 (Starfish)
-1.8756109985921927,-0.8121616134675151,PMA-2 (Starfish)
-1.0655424323446558,-0.7817437631463058,PMA-2 (Starfish)
-1.6627782228896586,-0.28262953363269744,PMA-2 (Starfish)
-1.600439422092546,-0.3926461881132199,PMA-2 (Starfish)
-1.476032974275918,-0.6414689872295892,PMA-2 (Starfish)
-1.4250384514616974,-0.48642513875862653,PMA-2 (Starfish)
-1.3637481457031024,-0.4405785813902956,PMA-2 (Starfish)
-1.3269846561419696,-0.40052625926718133,PMA-2 (Starfish)
-1.2544451106572134,-0.3699087472908676,PMA-2 (Starfish)
-1.2750322333689978,-0.46613516293696944,PMA-2 (Starfish)
-1.2051979286039625,-0.4384466895874491,PMA-2 (Starfish)
-1.0661694064004745,-0.5756694430325388,PMA-2 (Starfish)
-1.0680179736753188,-0.9105275717707787,PMA-2 (Starfish)
-0.9969775849875919,-0.49825733892998814,PMA-2 (Starfish)
-1.0468441985414365,-0.4884169527635778,PMA-2 (Starfish)
-1.0015460655551314,-0.45915294493553604,PMA-2 (Starfish)
-0.9712505829144864,-0.6870889257252795,PMA-2 (Starfish)
-0.8953047719437192,-0.6568311627670693,PMA-2 (Starfish)
-0.763263068123151,-0.584482533609291,PMA-2 (Starfish)
-0.7377220255028335,-0.5725185440913032,PMA-2 (Starfish)
-0.6242766038636645,-0.6245656206912238,PMA-2 (Starfish)
-0.5362922038286959,-0.6684709609708827,PMA-2 (Starfish)
-0.45875707778648406,-0.3708139993953468,PMA-2 (Starfish)
-0.9903764715769972,-0.8715957492848727,PMA-2 (Starfish)
-0.42114419952371557,-0.4001850667352971,PMA-2 (Starfish)
-0.23825015623561255,-0.39628459963122536,PMA-2 (Starfish)
-0.10523626316077367,-0.47172288085703445,PMA-2 (Starfish)
-0.024360809844621148,-0.3922157243411693,PMA-2 (Starfish)
0.09574244944706352,-0.4173081320869306,PMA-2 (Starfish)
0.1600469035894206,-0.31719414101067805,PMA-2 (Starfish)
0.3093173931607412,-0.41263115112667753,PMA-2 (Starfish)
0.5330791465538158,-0.2074176638279648,PMA-2 (Starfish)
0.7241064122190816,-0.24628989065521167,PMA-2 (Starfish)
0.09405996735180612,-0.7263532058447976,PMA-2 (Starfish)
-0.9577689833881667,-0.806035510937018,PMA-2 (Starfish)
-0.8780749840858993,-0.8255453436048436,PMA-2 (Starfish)
-0.7480971836190478,-0.8264638607857345,PMA-2 (Starfish)
-0.6670464433062082,-0.7179396333104957,PMA-2 (Starfish)
-0.5694265888338343,-0.800829097839844,PMA-2 (Starfish)
-0.31554091763759384,-0.5556706466998275,PMA-2 (Starfish)
-0.1435327746641932,-0.5266293627250457,PMA-2 (Starfish)
-1.858482968780944,-0.8349730895884033,PMA-2 (Starfish)
0.025187217451602757,-0.6297682973130289,PMA-2 (Starfish)
0.18243706246233082,-0.32928935878290494,PMA-2 (Starfish)
0.4521833457673586,-0.2516343503072371,PMA-2 (Starfish)
0.8118506277861122,-0.23902183534778065,PMA-2 (Starfish)
1.0389834441373502,-0.44016550957765854,PMA-2 (Starfish)
1.2465377049786113,-0.2757968576134824,PMA-2 (Starfish)
1.7062240824822246,-0.19994795419314199,PMA-2 (Starfish)
2.0016860910820697,-0.18797494511482649,PMA-2 (Starfish)
2.181393287038964,-0.41931473548381565,PMA-2 (Starfish)
1.6518900323755608,-1.0191683869389752,PMA-2 (Starfish)
-1.8934977532011719,-0.672877957083731,PMA-2 (Starfish)
-1.886442156698177,-0.7257664917703581,PMA-2 (Starfish)
-1.6769545267206247,0.6281383916133896,PFM-1 (Butterfly)
-1.4409812250227925,0.5015683631576341,PFM-1 (Butterfly)
-1.41547802036693,0.7588442569810139,PFM-1 (Butterfly)
-1.2277203589787997,0.857290871445371,PFM-1 (Butterfly)
-0.9927150181483707,0.35626968435514006,PFM-1 (Butterfly)
-0.7791274072510064,0.2497855176469595,PFM-1 (Butterfly)
-0.4964521197506673,0.09271052351457043,PFM-1 (Butterfly)
-0.4340769977011472,0.18090577941750682,PFM-1 (Butterfly)
-0.20525179979580796,-0.12030800160749196,PFM-1 (Butterfly)
0.0947085929713641,-0.04334032584764086,PFM-1 (Butterfly)
0.26510753902626544,0.25255550713244174,PFM-1 (Butterfly)
0.5915753875857116,-0.04512018667496518,PFM-1 (Butterfly)
1.1217670831586786,-0.08217387544335109,PFM-1 (Butterfly)
1.6303046004121933,-0.05882321177249446,PFM-1 (Butterfly)
2.4173651883161975,0.0055465825959583135,PFM-1 (Butterfly)
2.2786114954670205,-1.0025969520645905,PFM-1 (Butterfly)
-1.8597607165268635,-0.7618369335262339,PMA-2 (Starfish)
-1.8763188754257576,-0.8159658684744964,PMA-2 (Starfish)
-1.2720125336314863,0.31463943348408707,PFM-1 (Butterfly)
-1.880518006092701,-0.7096029800982451,PMA-2 (Starfish)
-1.203207256169135,0.2714321740183726,PFM-1 (Butterfly)
-1.1811323055531242,0.41026409352764975,PFM-1 (Butterfly)
-1.0739934496543493,0.35686569087540176,PFM-1 (Butterfly)
-1.1056217281638083,0.5508280459752745,PFM-1 (Butterfly)
-0.8804055397720687,0.14501068799371866,PFM-1 (Butterfly)
-0.8470425488837329,0.40453187509274835,PFM-1 (Butterfly)
-0.5172539046947496,-0.05185906871099926,PFM-1 (Butterfly)
-0.3883579885111302,-0.01708746560205014,PFM-1 (Butterfly)
-0.28254330950862044,0.176444563284215,PFM-1 (Butterfly)
-0.1550943335461644,0.07594743756593814,PFM-1 (Butterfly)
-1.033927003795919,-0.6156232162297903,PFM-1 (Butterfly)
-0.8604474430577808,-0.8286566348126995,PFM-1 (Butterfly)
-0.5514776804780857,-0.5857701200750771,PFM-1 (Butterfly)
4.128124718100484,0.07096529840403575,PMA-2 (Starfish)
4.257317721785396,0.3873803357635422,PMA-2 (Starfish)
1.7757562612947801,1.772197431056835,PMA-2 (Starfish)
-0.48139708016511396,-0.6555655167127589,PFM-1 (Butterfly)
-1.8215530417832286,-0.6450092900489143,PFM-1 (Butterfly)
-1.6090937661530909,-0.9381531862974327,PFM-1 (Butterfly)
-1.5581646541419725,-0.7124576407986382,PFM-1 (Butterfly)
-1.4988671376238434,-0.8168067956366307,PFM-1 (Butterfly)
-0.4670265365169772,-0.6689878167768634,PFM-1 (Butterfly)
-1.2617505868212382,-0.8452481877557193,PFM-1 (Butterfly)
-1.1759228084625264,-0.836422155364993,PFM-1 (Butterfly)
-0.8629650375261908,-0.9964409074397594,PFM-1 (Butterfly)
-0.6656903344056748,-0.8374183681796294,PFM-1 (Butterfly)
-0.6063012784826728,-0.7865247611061984,PFM-1 (Butterfly)
-0.45484547232306227,-0.8954745164518754,PFM-1 (Butterfly)
-0.3180064611376206,-0.8314693488605582,PFM-1 (Butterfly)
-0.07719896952297488,-0.798120313956788,PFM-1 (Butterfly)
0.24805971151673542,-0.8930589443577128,PFM-1 (Butterfly)
0.5755853374148854,-0.824282986729945,PFM-1 (Butterfly)
-0.3565387300627489,-0.6646727047247655,PFM-1 (Butterfly)
0.9114897110930231,-0.7461471918272036,PFM-1 (Butterfly)
1.2186974910207002,-0.5591991300332549,PFM-1 (Butterfly)
1.5560997207952572,-0.47970497598032225,PFM-1 (Butterfly)
1.9182331542084823,-0.3677515616880968,PFM-1 (Butterfly)
2.4112608147591903,-0.15089275051302725,PFM-1 (Butterfly)
2.7349906619428697,0.0408972474414871,PFM-1 (Butterfly)
3.082830822638284,0.22686447864333834,PFM-1 (Butterfly)
3.450048227816348,0.37292917662435227,PFM-1 (Butterfly)
3.4737300026854903,0.4892329317908514,PFM-1 (Butterfly)
3.8600690945077463,0.7979620960837255,PFM-1 (Butterfly)
-0.22425765330506223,-0.6130933180565297,PFM-1 (Butterfly)
3.9573903916297013,0.9268821952653492,PFM-1 (Butterfly)
4.170642224845849,0.9177878448411976,PFM-1 (Butterfly)
3.7893725826267874,1.228330991210921,PFM-1 (Butterfly)
3.401760768356306,1.4104857334688599,PFM-1 (Butterfly)
3.143619431579285,1.1230253815799853,PFM-1 (Butterfly)
2.5141900660669507,0.43218252065835366,PFM-1 (Butterfly)
2.689168738649717,1.161332493195642,PFM-1 (Butterfly)
3.066693576406621,1.4615152636692372,PFM-1 (Butterfly)
3.3124544922406667,0.9651549780380966,PFM-1 (Butterfly)
0.005758285163948836,-0.6863483157108515,PFM-1 (Butterfly)
-1.9358013354166959,-1.0465848338485382,PMA-2 (Starfish)
3.276479205731987,0.17560776350436674,PFM-1 (Butterfly)
3.0523781284766223,-0.2481236923425889,PFM-1 (Butterfly)
0.2723608371378316,-0.691524019782268,PFM-1 (Butterfly)
-1.9150745796762838,-0.9669461269026989,PMA-2 (Starfish)
0.3861747184691364,-0.6985527002479975,PFM-1 (Butterfly)
-1.914825631146555,-1.093024118653738,PMA-2 (Starfish)
0.6273530342170843,-0.7571010201773379,PFM-1 (Butterfly)
-1.8971709603808187,-1.2053334320664741,PMA-2 (Starfish)
-1.2369873241344158,-1.0794258692060081,PMA-2 (Starfish)
-1.340216999669689,-0.9705191412697632,PMA-2 (Starfish)
-1.4124279015782137,-1.0036484444547769,PMA-2 (Starfish)
-1.5602502342451332,-1.0871810864161842,PMA-2 (Starfish)
-1.6708060506082572,-0.9980188262246845,PMA-2 (Starfish)
0.8846688518934268,-0.7944427852070869,PFM-1 (Butterfly)
-1.9262349314036313,-0.8820706539565284,PMA-2 (Starfish)
-1.7488305695976587,-0.8379203337131578,PMA-2 (Starfish)
-1.7590591686576018,-0.8695989357917935,PMA-2 (Starfish)
-1.7789484138561447,-0.7443398042140371,PMA-2 (Starfish)
-0.9769152861952719,0.6815094872890952,PFM-1 (Butterfly)
-1.1659134016764507,1.0627403610812276,PFM-1 (Butterfly)
-1.0649694909518146,0.8313631915725629,PFM-1 (Butterfly)
-1.2382213918717009,0.9541599162619947,PFM-1 (Butterfly)
-0.9036385046106974,-0.7113773573874446,PFM-1 (Butterfly)
1.1886799335164944,-0.7717492633441561,PFM-1 (Butterfly)
-1.9668780331189035,-0.9853926165552102,PMA-2 (Starfish)
-1.1457929295918492,0.4231895213737702,PFM-1 (Butterfly)
-1.2836025883322615,0.6018901802318829,PFM-1 (Butterfly)
-1.24578103882548,0.513879376524028,PFM-1 (Butterfly)
-1.235864887905282,0.557098435747995,PFM-1 (Butterfly)
-1.1630942323843119,0.2428330164733842,PFM-1 (Butterfly)
-1.1014072718559786,0.15728634176343706,PFM-1 (Butterfly)
-1.0891541515577507,0.20698484399505124,PFM-1 (Butterfly)
-0.9860315325535013,-0.011985650989179942,PFM-1 (Butterfly)
-0.8985066242751182,0.02271849122772155,PFM-1 (Butterfly)
-0.7970045137466589,0.007928838652413018,PFM-1 (Butterfly)
-1.9484432712012878,-1.0068911182635456,PMA-2 (Starfish)
1.647327728081474,-0.7130751465397485,PFM-1 (Butterfly)
-0.7172271863418371,0.12429717718376337,PFM-1 (Butterfly)
-0.6894744981353443,0.06236542998744296,PFM-1 (Butterfly)
-0.6864232692163099,0.20035265001977812,PFM-1 (Butterfly)
-0.6180583054877914,0.15725975955248556,PFM-1 (Butterfly)
-0.5703643373139501,0.14173525983439014,PFM-1 (Butterfly)
-0.4941239189189283,0.10951222157983664,PFM-1 (Butterfly)
-0.36426657585640043,0.06258179710247055,PFM-1 (Butterfly)
-0.095897485071012,0.06305416083422276,PFM-1 (Butterfly)
0.15270209148624592,0.07007720110209616,PFM-1 (Butterfly)
0.4376590050147422,0.11577897113627098,PFM-1 (Butterfly)
2.171687010316553,-0.7245121195189457,PFM-1 (Butterfly)
-1.8816536172694815,-0.9268806216901421,PMA-2 (Starfish)
0.6875382849269558,0.12100466578049969,PFM-1 (Butterfly)
1.0738311143018007,0.1726063850188416,PFM-1 (Butterfly)
1.4662627696480808,0.1949708960486647,PFM-1 (Butterfly)
1.7621711029488907,0.30887398294259905,PFM-1 (Butterfly)
2.1090923631825267,0.1935927113295256,PFM-1 (Butterfly)
2.4217399185263213,0.23472416149837566,PFM-1 (Butterfly)
2.9487321268296265,0.1724998246082411,PFM-1 (Butterfly)
3.5234069180667102,0.16676114523933738,PFM-1 (Butterfly)
4.503555367225879,0.2094720632196051,PFM-1 (Butterfly)
4.336536656948759,0.4352863949418109,PFM-1 (Butterfly)
-1.8544698090299376,-0.9214830527588825,PMA-2 (Starfish)
2.044076249418065,-0.5364466308027709,PFM-1 (Butterfly)
4.048938454620618,1.0657798191836199,PFM-1 (Butterfly)
1.9252075434094638,2.3482830770587464,PFM-1 (Butterfly)
1.8842112744473745,-0.3597927628659049,PFM-1 (Butterfly)
-1.9070938195114535,-1.1211345171266462,PMA-2 (Starfish)
-2.0075677640949396,-1.0017420458773936,PMA-2 (Starfish)
1.7706257928641098,-0.04480216653472557,PFM-1 (Butterfly)
-0.20415738571022593,2.589122394790125,PFM-1 (Butterfly)
-2.0427838438214376,-0.9531925504087994,PMA-2 (Starfish)
-2.063775112870224,-0.7782670337666109,PMA-2 (Starfish)
-2.1438049915930133,-0.6850751385172639,PMA-2 (Starfish)
-0.749640481372637,-0.42069715488677994,PMA-2 (Starfish)
-0.43888798298653636,-0.5271202732480277,PMA-2 (Starfish)
-0.09664372397058495,-0.6495599708964138,PMA-2 (Starfish)
0.39073155874667553,-0.6523141645361114,PMA-2 (Starfish)
0.7629873092076889,-0.5812692297063164,PMA-2 (Starfish)
1.091381992760685,-0.4150792722767173,PMA-2 (Starfish)
1.3591445243742777,-0.39823823176243367,PMA-2 (Starfish)
1.5545309378624146,-0.4092279459047743,PMA-2 (Starfish)
1.7972902257551138,-0.3693019677753057,PMA-2 (Starfish)
2.0990237628768305,-0.3513210786652536,PMA-2 (Starfish)
-0.9066481521517826,-0.7204402691062012,PFM-1 (Butterfly)
2.546981483340557,-0.20079501815377288,PMA-2 (Starfish)
3.296495188287623,0.04492752006437734,PMA-2 (Starfish)
4.039873900786261,0.14176390911154715,PMA-2 (Starfish)
4.671918346984938,0.2367350780283743,PMA-2 (Starfish)
5.168209671008104,0.37693942382659673,PMA-2 (Starfish)
6.319703404851873,0.49342865654897283,PMA-2 (Starfish)
5.916996712173912,0.22895230307478107,PMA-2 (Starfish)
4.446873386583199,-0.302265260076033,PMA-2 (Starfish)
3.887460393426827,-0.16514113886605325,PMA-2 (Starfish)
4.320375996413267,1.2499065309529442,PMA-2 (Starfish)
3.9633100745396876,2.7313166192319756,PMA-2 (Starfish)
2.6857699890494873,3.1446890060369985,PMA-2 (Starfish)
2.331127433271367,2.8951450749496805,PMA-2 (Starfish)
1.1512701288883207,0.3102430525510731,PMA-2 (Starfish)
-2.026283346706658,-0.7527817915662265,PMA-2 (Starfish)
-2.2303351316285673,0.022622333945329084,PFM-1 (Butterfly)
-2.116345037626775,-0.09964583395605835,PFM-1 (Butterfly)
-2.0207200876423412,-0.35859404891760904,PFM-1 (Butterfly)
-2.0668095756539353,-0.12859430406780503,PFM-1 (Butterfly)
-2.041713076461925,0.07401292072027889,PFM-1 (Butterfly)
-1.991464886027055,-0.25583387808914176,PFM-1 (Butterfly)
-1.9515105635088692,-0.8620386369397052,PMA-2 (Starfish)
-1.835071254071532,-0.1685310286668809,PFM-1 (Butterfly)
-1.8107126101755737,-0.2549291902514615,PFM-1 (Butterfly)
-1.760778394585364,-0.2501907615491474,PFM-1 (Butterfly)
-1.7428082650177656,-0.054761182933284934,PFM-1 (Butterfly)
-1.585543025021654,0.030728052938885364,PFM-1 (Butterfly)
-1.419953983722458,0.0717024562229032,PFM-1 (Butterfly)
-1.2397692678919332,-0.16075421449169913,PFM-1 (Butterfly)
-1.0200612056297096,0.03795882866889112,PFM-1 (Butterfly)
-0.8085628745658492,-0.02723098383729178,PFM-1 (Butterfly)
-0.7114889067988296,-0.03668073881990616,PFM-1 (Butterfly)
-1.8133415362805476,-1.0272609403359192,PMA-2 (Starfish)
-0.43022345892044983,-0.004502499172378363,PFM-1 (Butterfly)
-0.29228931945931086,0.0315000006356362,PFM-1 (Butterfly)
-0.07334583963148082,-0.019029699745920944,PFM-1 (Butterfly)
0.1085791507863259,0.006342685151569749,PFM-1 (Butterfly)
0.3392034872278418,0.12594093449955304,PFM-1 (Butterfly)
0.5326931985499948,0.052151353293298425,PFM-1 (Butterfly)
0.8154624879893811,0.06910452610260549,PFM-1 (Butterfly)
1.191607840935823,0.19006138145127202,PFM-1 (Butterfly)
1.7662446786491188,0.1982871956643802,PFM-1 (Butterfly)
2.3948009543787854,0.12240935175317197,PFM-1 (Butterfly)
-1.7787147091437971,-0.9447357139489365,PMA-2 (Starfish)
3.087947321376466,0.23838965500968048,PFM-1 (Butterfly)
3.674208335903049,0.3074518677891342,PFM-1 (Butterfly)
4.808077985946072,0.39121274332874273,PFM-1 (Butterfly)
5.747074920842014,0.5524554737343662,PFM-1 (Butterfly)
7.145558013349711,0.8059818086762427,PFM-1 (Butterfly)
4.545574434930301,0.6858493410478692,PFM-1 (Butterfly)
-1.8949090581055208,-0.9559980130748847,PMA-2 (Starfish)
-0.8118359262290215,-0.6597716062460738,PFM-1 (Butterfly)
-1.7290308638303595,-1.0530899804308453,PMA-2 (Starfish)
-1.5876571137807325,-1.0608696949421768,PMA-2 (Starfish)
-1.403747380557791,-1.077292032062474,PMA-2 (Starfish)
-1.3368336850767686,-1.0362672996379219,PMA-2 (Starfish)
-1.242996097350137,-1.0104836113945153,PMA-2 (Starfish)
-2.2952190705127324,2.01771447395475,PFM-1 (Butterfly)
-1.9527528057519432,1.1484689576367877,PFM-1 (Butterfly)
-1.9771001240704544,1.3871133396281823,PFM-1 (Butterfly)
-2.0239542377844986,1.7110042981413638,PFM-1 (Butterfly)
-1.9734928290763896,1.7048499474416314,PFM-1 (Butterfly)
-1.8253585113410655,1.5423184377723829,PFM-1 (Butterfly)
-1.5550099284398886,0.894123699701516,PFM-1 (Butterfly)
-1.5815109479538443,1.254170581259241,PFM-1 (Butterfly)
-1.5938239953094266,1.57264465502967,PFM-1 (Butterfly)
-1.3530205625192273,0.9698747209884819,PFM-1 (Butterfly)
-1.1842197791561284,-0.7038451831305647,PMA-2 (Starfish)
-1.3721871202658618,1.5050732400397193,PFM-1 (Butterfly)
-0.8352580418835587,0.8899502850899363,PFM-1 (Butterfly)
-0.6017552573980535,0.809856497457625,PFM-1 (Butterfly)
-0.4284693175275813,0.6079822328204797,PFM-1 (Butterfly)
-0.2092645976012544,0.29518214994003783,PFM-1 (Butterfly)
0.09119723636290256,-0.07309103746649107,PFM-1 (Butterfly)
0.36480624055900546,-0.289691272854672,PFM-1 (Butterfly)
0.6281609403188863,-0.421184156446809,PFM-1 (Butterfly)
0.9253432866708485,-0.5907319147614162,PFM-1 (Butterfly)
1.1349929074507088,-0.7947430556448897,PFM-1 (Butterfly)
-1.0293611481033296,-0.732077148717999,PMA-2 (Starfish)
1.6963400380459432,-0.9256565205690049,PFM-1 (Butterfly)
2.2250643371137935,-0.9150997016504789,PFM-1 (Butterfly)
2.5890165700784937,-0.833417220737218,PFM-1 (Butterfly)
2.8405493785878027,-0.6161983005372947,PFM-1 (Butterfly)
3.4632740920770333,-0.2557452886961444,PFM-1 (Butterfly)
3.709149673054803,-0.02255189048118255,PFM-1 (Butterfly)
3.805286643188519,0.17343901217437263,PFM-1 (Butterfly)
3.776312923984724,0.4797314598474529,PFM-1 (Butterfly)
3.050747890679171,1.2920494612374893,PFM-1 (Butterfly)
-0.8001692496823077,-0.7962496774008687,PMA-2 (Starfish)
-1.0732706072723108,-0.7989001597792988,PMA-2 (Starfish)
-1.0151925166577584,-0.9552633116673804,PMA-2 (Starfish)
-1.0865764390188768,-0.8308258419940394,PMA-2 (Starfish)
-0.6714548270030299,-0.7291791634609328,PMA-2 (Starfish)
-1.070280193196538,-0.9657231227271293,PMA-2 (Starfish)
-1.0609471386190814,-0.9423483259157084,PMA-2 (Starfish)
-1.060123597927625,-0.9283370830552469,PMA-2 (Starfish)
-1.0559938811058578,-0.9502465544603033,PMA-2 (Starfish)
-1.0027484456598925,-1.0215141506181922,PMA-2 (Starfish)
-0.9537321143173079,-1.017037407105559,PMA-2 (Starfish)
-0.833299072658471,-1.00799298749468,PMA-2 (Starfish)
-0.6390185877648795,-0.9410201431131661,PMA-2 (Starfish)
-0.5062692739755491,-0.847049045030144,PMA-2 (Starfish)
-0.3874706260406108,-0.7694698340655257,PMA-2 (Starfish)
-0.664413243520534,-0.8067133864864822,PMA-2 (Starfish)
-0.26428081017287935,-0.762683727391362,PMA-2 (Starfish)
-0.13408954010213683,-0.7715552566564096,PMA-2 (Starfish)
-0.0018922374257487715,-0.7341147622269865,PMA-2 (Starfish)
0.21485998090306307,-0.6194706288747698,PMA-2 (Starfish)
0.4610339855498604,-0.5725392720325756,PMA-2 (Starfish)
0.7280309217584244,-0.44176378612857276,PMA-2 (Starfish)
1.162568982271493,-0.39172028481481364,PMA-2 (Starfish)
1.5297074272901803,-0.23626835401030732,PMA-2 (Starfish)
2.27000012924906,-0.12987651055686314,PMA-2 (Starfish)
2.9723742306745904,-0.02883733738787561,PMA-2 (Starfish)
-0.7472247246250238,-0.7206914700867948,PFM-1 (Butterfly)
-0.6310036407147188,-0.8083319412209509,PMA-2 (Starfish)
3.5350916710508673,0.01724337908648415,PMA-2 (Starfish)
4.20434564871018,0.09695954332528911,PMA-2 (Starfish)
3.0223497761491163,1.0724959373486416,PMA-2 (Starfish)
-0.6694857844169928,-0.8049398206785762,PMA-2 (Starfish)
-0.6354418542970229,-0.8254376038558858,PMA-2 (Starfish)
-0.5408223055449579,-0.8090252020712349,PMA-2 (Starfish)
-0.47127575079047224,-0.7435901491117569,PMA-2 (Starfish)
-1.582112747413619,-0.6044632206163115,PFM-1 (Butterfly)
-0.36192545058040254,-0.7149271467590008,PMA-2 (Starfish)
-1.6748609224131947,-0.5959929926687341,PFM-1 (Butterfly)
-1.7140140972594695,-0.5425886800566317,PFM-1 (Butterfly)
-1.6523098167121653,-0.5325198744370462,PFM-1 (Butterfly)
-1.7743036318495038,-0.5355583502352733,PFM-1 (Butterfly)
-1.7330416310543386,-0.16664573664731827,PFM-1 (Butterfly)
-1.532955723348691,-0.12696836326032396,PFM-1 (Butterfly)
-1.497890426861105,-0.25713076954613723,PFM-1 (Butterfly)
-1.5281814118863961,-0.18777109718584728,PFM-1 (Butterfly)
-1.5416875370218832,-0.07423552362125653,PFM-1 (Butterfly)
-1.320916247363465,0.3657618277905612,PFM-1 (Butterfly)
-0.2525276958508164,-0.788501462670916,PMA-2 (Starfish)
-1.0655552257087821,0.7210605842815333,PFM-1 (Butterfly)
-0.8448011535741348,1.3525795721465925,PFM-1 (Butterfly)
-0.8560557730642309,1.234078944767263,PFM-1 (Butterfly)
-0.702434385315021,1.3431076728064661,PFM-1 (Butterfly)
-0.6095832425361871,0.9907929481614849,PFM-1 (Butterfly)
-0.5202676548519107,1.1605967237430133,PFM-1 (Butterfly)
-0.23681479737492378,1.112482325936658,PFM-1 (Butterfly)
-0.01006957832688896,1.3446685504203526,PFM-1 (Butterfly)
0.277137820461175,1.2893258048420269,PFM-1 (Butterfly)
0.6681089485738787,1.3305970088913586,PFM-1 (Butterfly)
-0.17286801875283053,-0.6635677071878158,PMA-2 (Starfish)
1.24797854299556,1.3702849428548853,PFM-1 (Butterfly)
1.849666849071628,1.506820602711141,PFM-1 (Butterfly)
1.6510665426531186,-0.03839537724506439,PFM-1 (Butterfly)
0.8141025309943486,-1.3323762597101916,PFM-1 (Butterfly)
-0.03523280501107847,-0.7088184710191295,PMA-2 (Starfish)
-0.03955598138828179,-0.595029669669223,PMA-2 (Starfish)
-0.8430079976424385,-0.5263777995227893,PFM-1 (Butterfly)
0.06570510766640025,-0.6083084464555859,PMA-2 (Starfish)
0.11418999044326947,-0.6724573980247845,PMA-2 (Starfish)
0.18367062302988785,-0.6368568188760576,PMA-2 (Starfish)
0.40064459452599666,-0.5532682129513374,PMA-2 (Starfish)
0.5655456921160444,-0.45824060822158574,PMA-2 (Starfish)
-0.6394329024905522,-0.5598389195951972,PMA-2 (Starfish)
-0.6781506201859353,-0.6713010796948651,PMA-2 (Starfish)
-0.8092343479580595,-0.6556309367366984,PMA-2 (Starfish)
-0.8613523551892489,-0.7282853523144824,PMA-2 (Starfish)
-0.9173122810798975,-0.8372138930155323,PMA-2 (Starfish)
-0.7669989898690756,-0.7950437076868458,PMA-2 (Starfish)
-0.7159917559804839,-0.7033917630403042,PMA-2 (Starfish)
-0.49200876520806186,-0.7424215126323057,PMA-2 (Starfish)
-0.26476679221516375,-0.8111348455752477,PMA-2 (Starfish)
-0.18497482561489306,-0.7685917823919793,PMA-2 (Starfish)
0.8021167507476366,-0.44474423363358534,PMA-2 (Starfish)
-0.05484774755087621,-0.8468304456778327,PMA-2 (Starfish)
0.0960428559959113,-0.7076317182249329,PMA-2 (Starfish)
0.3701332269600255,-0.6491444470433156,PMA-2 (Starfish)
0.7901512347187671,-0.6555092152746763,PMA-2 (Starfish)
1.5365013914603203,-0.23751700819857308,PMA-2 (Starfish)
2.192489299060713,-0.27578015443458376,PMA-2 (Starfish)
2.929211855029051,0.015534452468546026,PMA-2 (Starfish)
4.02153372039788,0.19908491962853575,PMA-2 (Starfish)
4.242160367294987,0.3950969724806726,PMA-2 (Starfish)
3.042407832338946,0.40264377265910667,PMA-2 (Starfish)
0.9932876533302027,-0.48018693536958873,PMA-2 (Starfish)
0.8965077951199111,2.723236487470262,PMA-2 (Starfish)
-2.180160899109896,-1.0420842353062514,PFM-1 (Butterfly)
-2.143004609861668,-1.0888884031443449,PFM-1 (Butterfly)
-2.031371366449761,-0.9316539202964336,PFM-1 (Butterfly)
-1.9911338382827766,-0.9699914119393293,PFM-1 (Butterfly)
-1.7761709092520253,-0.9503433325359563,PFM-1 (Butterfly)
-1.6692825720887776,-0.8745352059733588,PFM-1 (Butterfly)
-1.5929039428443441,-0.8135703474950775,PFM-1 (Butterfly)
1.079844121514658,-0.4344472016932121,PMA-2 (Starfish)
-1.5995966505513628,-0.9918441220145993,PFM-1 (Butterfly)
-1.634677923349353,-0.8506691389810094,PFM-1 (Butterfly)
-1.4972898176354474,-0.7906678024008685,PFM-1 (Butterfly)
-1.4666269601452953,-0.6683793003245604,PFM-1 (Butterfly)
-1.363099967799143,-0.7070051181800274,PFM-1 (Butterfly)
-1.3836361560308055,-0.6798609348794233,PFM-1 (Butterfly)
-1.3803664308005341,-0.7127884917721475,PFM-1 (Butterfly)
-1.2521118638726831,-0.7296662445567654,PFM-1 (Butterfly)
-0.9840747899091771,-0.8197378870229676,PFM-1 (Butterfly)
-0.7962764816959212,-0.6923114561322372,PFM-1 (Butterfly)
1.1727190519837019,-0.4514183589874046,PMA-2 (Starfish)
-0.6327300646599673,-0.611301570419084,PFM-1 (Butterfly)
-0.3457660834859417,-0.580679338143584,PFM-1 (Butterfly)
-0.05753239502036708,-0.6313245807556693,PFM-1 (Butterfly)
0.33313791651598035,-0.5778239326713831,PFM-1 (Butterfly)
0.9044402205355512,-0.44355928900116887,PFM-1 (Butterfly)
1.6243674162153365,-0.3265701880342522,PFM-1 (Butterfly)
2.354347705127643,-0.19095517469763865,PFM-1 (Butterfly)
3.125860302300723,-0.016428512857995417,PFM-1 (Butterfly)
4.225045612881146,0.13015056681415402,PFM-1 (Butterfly)
5.6983288228630276,0.3197889770094914,PFM-1 (Butterfly)
1.532983725174944,-0.3639606721131259,PMA-2 (Starfish)
6.745147556654092,0.5618080324853097,PFM-1 (Butterfly)
7.941422801146122,0.9780634381256958,PFM-1 (Butterfly)
8.536130691701942,1.4193358046201658,PFM-1 (Butterfly)
4.348252920721535,0.9344907003364201,PFM-1 (Butterfly)
1.324371256539831,0.9469773824077659,PFM-1 (Butterfly)
-0.7547160786592342,-0.6475190097405297,PFM-1 (Butterfly)
1.7475696091727573,-0.2864955855399441,PMA-2 (Starfish)
2.039716441097746,-0.19824220740003043,PMA-2 (Starfish)
2.27030184066946,-0.16003641102141042,PMA-2 (Starfish)
2.4537850064529927,-0.12653708412245196,PMA-2 (Starfish)
2.8963882201208637,-0.1430820851179026,PMA-2 (Starfish)
3.3709319977009033,-0.05245668972158538,PMA-2 (Starfish)
2.6580923810315897,0.5432409878528757,PMA-2 (Starfish)
1.4867139904840887,1.610066891941079,PMA-2 (Starfish)
0.9153825470284049,2.8939341930696747,PMA-2 (Starfish)
-0.7256568571422067,-0.6929092716344211,PFM-1 (Butterfly)
-0.6838487497893839,-0.6013848002792835,PFM-1 (Butterfly)
1.760257363040721,-1.4613970963224223,PMA-2 (Starfish)
3.5340531136827837,-0.20325819033780324,PMA-2 (Starfish)
3.680531551376392,-0.01417132605559166,PMA-2 (Starfish)
3.612598417086709,-0.0035376588014682823,PMA-2 (Starfish)
-1.2552618433093046,-0.9336927671471827,PMA-2 (Starfish)
-1.3276765301298665,-1.0500485518045064,PMA-2 (Starfish)
-0.8207180703752665,-1.020488697957542,PMA-2 (Starfish)
1.099971743069978,0.4935709376949958,PFM-1 (Butterfly)
1.5696864004468227,0.47193425035553216,PFM-1 (Butterfly)
1.8573082854709195,0.4070397088696386,PFM-1 (Butterfly)
2.137901112754161,0.4516234228274013,PFM-1 (Butterfly)
2.5685569705079563,0.5248250272357103,PFM-1 (Butterfly)
3.160024133942276,0.4794798617925747,PFM-1 (Butterfly)
3.601983749039124,0.38547306060892467,PFM-1 (Butterfly)
4.349357846581323,0.47206118215643483,PFM-1 (Butterfly)
5.200042621452485,0.6954020563491802,PFM-1 (Butterfly)
5.442569732603673,0.5867926386464263,PFM-1 (Butterfly)
-0.7217037695494355,-0.9525387739693573,PMA-2 (Starfish)
6.031822247059458,0.47832938422173626,PFM-1 (Butterfly)
6.849105500801932,0.4491625396183911,PFM-1 (Butterfly)
6.219895617222422,-0.36024708135687944,PFM-1 (Butterfly)
2.50597412097445,-0.781089949192246,PFM-1 (Butterfly)
-0.613848814701542,-0.8976494348532167,PMA-2 (Starfish)
-0.4720224323684629,-0.823084337373942,PMA-2 (Starfish)
-1.6407933056302815,-1.8867356604069425,PMA-2 (Starfish)
-0.39070275401059285,-0.44075551344421376,PMA-2 (Starfish)
-0.13046181282731348,-0.5094226589947094,PMA-2 (Starfish)
0.131603024337891,-0.36098458113818027,PMA-2 (Starfish)
0.4806652356780811,-0.29714458895233004,PMA-2 (Starfish)
0.6907005264997637,-0.2682348155136814,PMA-2 (Starfish)
0.9752971125748666,-0.21147374985162934,PMA-2 (Starfish)
1.3734336395211646,-0.27261367895741945,PMA-2 (Starfish)
1.7509103528350998,-0.015285174826156538,PMA-2 (Starfish)
-0.3420578520953797,-0.6762076046719719,PMA-2 (Starfish)
2.0577973263688314,-0.058635974129841215,PMA-2 (Starfish)
2.486783041498147,-0.08537051815204315,PMA-2 (Starfish)
3.074746481022918,0.002846815880429292,PMA-2 (Starfish)
3.4004870158025753,0.12252405291699221,PMA-2 (Starfish)
3.574912908170533,0.20949112131538566,PMA-2 (Starfish)
4.246663827458717,0.23138445307518846,PMA-2 (Starfish)
4.202152478692823,0.18082766968973693,PMA-2 (Starfish)
4.481557894277995,0.31101947763622684,PMA-2 (Starfish)
4.4914614830845965,0.2700371325484017,PMA-2 (Starfish)
4.43025012715216,0.20875060563302983,PMA-2 (Starfish)
-0.22649922016481322,-0.7824999648986504,PMA-2 (Starfish)
3.981226067393095,-0.018506971350447855,PMA-2 (Starfish)
1.361648619371434,-1.198328381074521,PMA-2 (Starfish)
-0.14065617032909028,-0.6612189704100274,PMA-2 (Starfish)
0.22524830821420158,-0.588473348645557,PMA-2 (Starfish)
0.49785717846456673,-0.5867220832671373,PMA-2 (Starfish)
0.7884127456205713,-0.4825693481793659,PMA-2 (Starfish)
-1.1413604285550418,-0.9541904463082197,PMA-2 (Starfish)
1.103209434658746,-0.38693970722462606,PMA-2 (Starfish)
1.3933330209334869,-0.22091925652250938,PMA-2 (Starfish)
1.7237553627645865,-0.3211484769984065,PMA-2 (Starfish)
2.1238422811546553,-0.052055195896158424,PMA-2 (Starfish)
-1.0938856115981246,-1.0495379581105875,PMA-2 (Starfish)
-1.1464142103462225,-1.057515330008463,PMA-2 (Starfish)
-1.2513352314666415,-0.8993007990599892,PMA-2 (Starfish)
-1.1652918891029207,-1.0155105347287081,PMA-2 (Starfish)
-1.0366677612666948,-0.9213302009644377,PMA-2 (Starfish)
2.6502594059961244,-0.08272596963606148,PMA-2 (Starfish)
-1.010199677198033,-0.8197983965574984,PMA-2 (Starfish)
-0.9284895360299745,-1.021243815571072,PMA-2 (Starfish)
-0.8186585399426605,-0.8749681018882264,PMA-2 (Starfish)
-0.8201593223142577,-0.8162108106730326,PMA-2 (Starfish)
-0.7308395167178409,-0.7543816359246804,PMA-2 (Starfish)
-0.5591162863251328,-0.6520348192166997,PMA-2 (Starfish)
-0.5088464163587201,-0.5554292550914471,PMA-2 (Starfish)
-0.11951923936735735,-0.634842532939323,PMA-2 (Starfish)
0.1563818194253606,-0.43276919067746455,PMA-2 (Starfish)
0.2686364609072303,-0.5388300002637789,PMA-2 (Starfish)
3.2925000398528828,0.11047384734215507,PMA-2 (Starfish)
0.6507577991564152,-0.44565923634259735,PMA-2 (Starfish)
0.8957059971801131,-0.2883467431039409,PMA-2 (Starfish)
1.2416389654624982,-0.22588493033404297,PMA-2 (Starfish)
1.6410147636863086,-0.0943086520905227,PMA-2 (Starfish)
2.158838648463054,-0.06493113728444848,PMA-2 (Starfish)
2.6711567037702006,0.09379081354053631,PMA-2 (Starfish)
3.843125384303106,0.2355173685678594,PMA-2 (Starfish)
3.941228228824022,0.14918222509966123,PMA-2 (Starfish)
-2.079225874769346,0.3891569758684041,PFM-1 (Butterfly)
-2.033708866107964,0.16661215580521052,PFM-1 (Butterfly)
-2.013389604051108,0.4096508968497873,PFM-1 (Butterfly)
-1.841321414003768,0.4000643275644499,PFM-1 (Butterfly)
-1.7439492177615654,0.6990846033551363,PFM-1 (Butterfly)
-1.5205866002477026,0.5600179342855519,PFM-1 (Butterfly)
-1.3632275567813075,0.6233469316565373,PFM-1 (Butterfly)
4.607347241673858,0.29397961281294877,PMA-2 (Starfish)
-0.9459224873911228,0.14253421917430797,PFM-1 (Butterfly)
-0.877582815959218,0.23687747642519696,PFM-1 (Butterfly)
-0.5309454244353795,0.15274468626973892,PFM-1 (Butterfly)
-0.45369963255395374,0.07172458306706159,PFM-1 (Butterfly)
-0.13275141374157642,0.02216464576699084,PFM-1 (Butterfly)
0.2765920845272764,-0.3202917691921885,PFM-1 (Butterfly)
0.5452551962048293,-0.6080514091244001,PFM-1 (Butterfly)
0.7089984983608038,-0.795071491181256,PFM-1 (Butterfly)
0.908171154722822,-0.595386057276646,PFM-1 (Butterfly)
1.160819926846145,-0.8044481137549406,PFM-1 (Butterfly)
4.158680466874755,0.6475612467901992,PMA-2 (Starfish)
1.4286979938049524,-0.9568780466150945,PFM-1 (Butterfly)
1.8206067831362605,-0.9852303392448937,PFM-1 (Butterfly)
2.173677970281585,-0.9372736933866069,PFM-1 (Butterfly)
2.570419973787554,-0.7920825442897111,PFM-1 (Butterfly)
1.8437969952028637,-1.6878393165669643,PFM-1 (Butterfly)
-1.1472467541202958,-0.9218424816769417,PMA-2 (Starfish)
-1.168166515867786,0.4141372357372549,PFM-1 (Butterfly)
-1.2672095496682736,0.24817504574075755,PFM-1 (Butterfly)
-1.0689711020279522,0.12326673878903234,PFM-1 (Butterfly)
-0.6895883730707613,-0.12499538983070657,PFM-1 (Butterfly)
-0.5138559067554788,-0.1970420198955976,PFM-1 (Butterfly)
-0.22383614830542117,-0.0587452378357758,PFM-1 (Butterfly)
-0.10396481670558547,0.08175416534155684,PFM-1 (Butterfly)
0.12427091172205354,0.06605726858490003,PFM-1 (Butterfly)
0.13809331629428895,0.17242557950438422,PFM-1 (Butterfly)
0.1671754228386725,0.27554510951461775,PFM-1 (Butterfly)
0.2516441321876666,0.46274512345651875,PFM-1 (Butterfly)
0.34021786220881267,0.546598754176071,PFM-1 (Butterfly)
0.740114825758203,0.4532375899531218,PFM-1 (Butterfly)
1.0823431829708479,0.5167649111986008,PFM-1 (Butterfly)
1.4604555023107668,0.5859448437533881,PFM-1 (Butterfly)
1.7669386396889921,0.755527700630537,PFM-1 (Butterfly)
2.177278437195322,0.7821546471125429,PFM-1 (Butterfly)
2.6881624053099777,1.2249448364500706,PFM-1 (Butterfly)
3.403156138137318,1.339801900449976,PFM-1 (Butterfly)
3.735409668640946,1.3857388496120011,PFM-1 (Butterfly)
4.18376740917669,1.6727558363611112,PFM-1 (Butterfly)
4.72178534935516,1.8677095677407578,PFM-1 (Butterfly)
5.129097505751572,1.994334943195452,PFM-1 (Butterfly)
6.454788223039714,2.22638445220509,PFM-1 (Butterfly)
5.907384890519899,3.128365996424619,PFM-1 (Butterfly)
0.9323135120201911,8.814062443708645,PFM-1 (Butterfly)
-1.0520832089063574,-0.5538533951463122,PMA-2 (Starfish)
-0.88292120917295,-0.6092063594242092,PMA-2 (Starfish)
-0.6976494683746849,-0.6721294010006117,PMA-2 (Starfish)
-0.5549579884214355,-0.6067347235647446,PMA-2 (Starfish)
-0.3563593712945788,-0.48426303994623293,PMA-2 (Starfish)
-0.0035889052702402892,-0.5301394975216925,PMA-2 (Starfish)
0.10450450114712491,-0.4840963542379924,PMA-2 (Starfish)
0.3953981161607475,-0.4448756510537839,PMA-2 (Starfish)
0.7432875882650585,-0.36815374186724387,PMA-2 (Starfish)
1.090256560719963,-0.3347527951116259,PMA-2 (Starfish)
1.6528202237698402,-0.18311343016432033,PMA-2 (Starfish)
2.2351805530614555,-0.10577273287236606,PMA-2 (Starfish)
3.47786739307109,0.04601422857677246,PMA-2 (Starfish)
3.759875533017977,-0.11137313677494128,PMA-2 (Starfish)
-1.781388799315912,0.6952611544830991,PFM-1 (Butterfly)
-1.045642747245488,-1.1482780288246581,PMA-2 (Starfish)
-0.8552714016689675,-1.0308228728567068,PMA-2 (Starfish)
-0.8373372920380326,-0.9404427341502657,PMA-2 (Starfish)
-1.059665249488176,-0.8903587117528589,PMA-2 (Starfish)
-1.3183367884813049,0.3531926455539093,PFM-1 (Butterfly)
-0.8747046856868866,-1.031375486720875,PMA-2 (Starfish)
-0.9170157477046429,-0.9679349992645686,PMA-2 (Starfish)
-0.7338109338464629,-0.918553655356966,PMA-2 (Starfish)
-0.6558794168238802,-0.9741388325906479,PMA-2 (Starfish)
-0.7772226423571325,-1.0003892368747644,PMA-2 (Starfish)
-0.7211632181956925,-0.8421849742847785,PMA-2 (Starfish)
-0.6870197475124883,-0.8746704120736394,PMA-2 (Starfish)
-0.5750621801031153,-0.6502874350006648,PMA-2 (Starfish)
-0.3585909174861288,-0.7575412144469287,PMA-2 (Starfish)
-0.24457577628049565,-0.6390827268884088,PMA-2 (Starfish)
-1.0708570336636367,0.24445562611902596,PFM-1 (Butterfly)
-0.026699785319975525,-0.44353421720775743,PMA-2 (Starfish)
0.10906345840122401,-0.4035227048746077,PMA-2 (Starfish)
0.445884594307952,-0.3520076516090916,PMA-2 (Starfish)
0.7939073719836591,-0.3218814812854405,PMA-2 (Starfish)
1.1902053991251282,-0.24118065390862317,PMA-2 (Starfish)
1.5212777481130766,-0.2027739229298005,PMA-2 (Starfish)
1.9328309389590193,-0.18529689557442064,PMA-2 (Starfish)
2.4591449266695355,-0.054037455651758326,PMA-2 (Starfish)
2.875374792925637,-0.07610394115110992,PMA-2 (Starfish)
3.3401886804512166,0.006608182124576042,PMA-2 (Starfish)
-0.7829095517878779,0.23696895295845766,PFM-1 (Butterfly)
3.6190970274570424,0.22915936583785096,PMA-2 (Starfish)
0.308344960298607,4.129924951811708,PMA-2 (Starfish)
-0.5273668731434463,0.20681567277301754,PFM-1 (Butterfly)
-0.09944039782619422,0.18145570968386268,PFM-1 (Butterfly)
0.05349510224551264,0.392152831243465,PFM-1 (Butterfly)
0.48834620524416733,0.470544899040601,PFM-1 (Butterfly)
0.6042323443682529,0.43806648091220746,PFM-1 (Butterfly)
-0.8180790459753693,0.1579205272482758,PFM-1 (Butterfly)
0.4660927452296857,0.8160091852253588,PFM-1 (Butterfly)
-0.34054128095268965,0.8002350953776984,PFM-1 (Butterfly)
0.32455151225498546,0.4048914227898016,PFM-1 (Butterfly)
0.552614043086326,0.30897754945149947,PFM-1 (Butterfly)
0.972715382650988,0.2419446461788968,PFM-1 (Butterfly)
1.281440884052974,0.1071668599090559,PFM-1 (Butterfly)
1.3767505932015072,0.0960206793522714,PFM-1 (Butterfly)
1.7956056530532,0.014607343466664023,PFM-1 (Butterfly)
1.770699122719946,-0.1329875096302163,PFM-1 (Butterfly)
1.9477714962588408,-0.48591642278066716,PFM-1 (Butterfly)
1.8528582761002077,-0.5980949360300701,PFM-1 (Butterfly)
0.532378790657353,1.0516821414044164,PFM-1 (Butterfly)
1.7697896197576846,-0.704958715458304,PFM-1 (Butterfly)
1.621001828690214,-0.924961632221357,PFM-1 (Butterfly)
1.8218544706898465,-0.8848207741229334,PFM-1 (Butterfly)
2.283057587207786,-0.8411887186999322,PFM-1 (Butterfly)
2.687491520875176,-1.0204046730018186,PFM-1 (Butterfly)
3.1043953528775923,-1.050858089601529,PFM-1 (Butterfly)
3.6189828150214893,-1.2045376737541513,PFM-1 (Butterfly)
3.928168637164642,-0.9657335825463128,PFM-1 (Butterfly)
2.4723455640261993,-0.5231703754763951,PFM-1 (Butterfly)
-0.9954751858192878,-0.9965028160217146,PMA-2 (Starfish)
0.41599786922285037,1.4347389730264257,PFM-1 (Butterfly)
-1.1525333119356709,-0.9406574369687049,PMA-2 (Starfish)
-1.1288799255045463,-0.8570500541176427,PMA-2 (Starfish)
0.7630657390267306,1.5080217845898678,PFM-1 (Butterfly)
-1.0372511020140205,-0.8530095740681127,PMA-2 (Starfish)
-0.9267032433281912,-0.8029978021278601,PMA-2 (Starfish)
-0.7739684188466565,-0.8035004712983868,PMA-2 (Starfish)
-0.61716410430856,-0.7389437834812158,PMA-2 (Starfish)
-0.5238244344702485,-0.6752165647551632,PMA-2 (Starfish)
-0.4162271542837407,-0.5367776987249195,PMA-2 (Starfish)
-0.13982465126998453,-0.45101926400265674,PMA-2 (Starfish)
0.029484343857611037,-0.38094111766584937,PMA-2 (Starfish)
0.5101755792758574,-0.29354462620457145,PMA-2 (Starfish)
0.6753110450068275,-0.2757856370999608,PMA-2 (Starfish)
0.8642632372818614,1.8012262796646368,PFM-1 (Butterfly)
0.8705430116890601,-0.29628344318072514,PMA-2 (Starfish)
0.972376497698365,-0.22598699080865456,PMA-2 (Starfish)
1.1957579764645505,-0.2263778970729007,PMA-2 (Starfish)
1.261160889586701,-0.24020469688086854,PMA-2 (Starfish)
1.3674290350891498,-0.17466369889108396,PMA-2 (Starfish)
1.2173853429120656,-0.09580041040810083,PMA-2 (Starfish)
0.48487281735659227,-1.2767068296516164,PMA-2 (Starfish)
1.047717380302643,2.10476161885271,PFM-1 (Butterfly)
-0.01566454689508611,-0.24294147687861384,PMA-2 (Starfish)
0.06871669459077293,-0.26801411079867,PMA-2 (Starfish)
0.05144188942062793,-0.35232890184312654,PMA-2 (Starfish)
0.18292103296239298,-0.45374292739776945,PMA-2 (Starfish)
0.299381744495328,-0.28616773759732694,PMA-2 (Starfish)
0.39087840066066987,-0.29513171188639864,PMA-2 (Starfish)
0.8278859809967487,-0.28952971165139735,PMA-2 (Starfish)
0.9819502701174636,-0.27413202898479144,PMA-2 (Starfish)
1.2539444112468199,-0.25491735520096015,PMA-2 (Starfish)
1.403856173243924,-0.12368206942316409,PMA-2 (Starfish)
1.7583799728772758,-0.05541348872324191,PMA-2 (Starfish)
1.9100681970021738,-0.037744970404031505,PMA-2 (Starfish)
2.2334476981296794,-0.02970157901969094,PMA-2 (Starfish)
0.6671701418172463,0.43354140158094806,PFM-1 (Butterfly)
2.3320977476468485,0.03323128717183187,PMA-2 (Starfish)
2.576547080263476,-0.013806823238015497,PMA-2 (Starfish)
2.8661899268572695,0.05510977651332467,PMA-2 (Starfish)
3.0006238770642466,0.043882944361705124,PMA-2 (Starfish)
3.218511227859351,0.02914721756724074,PMA-2 (Starfish)
3.236139265293872,0.21071414653138412,PMA-2 (Starfish)
0.8153057821476892,2.7942796143479254,PMA-2 (Starfish)
-1.4216860206436752,0.5089026112084849,PFM-1 (Butterfly)
-1.040337157043421,0.3084110347831682,PFM-1 (Butterfly)
-0.5484814991562093,-0.019935073343469153,PFM-1 (Butterfly)
-0.3049324417849708,-0.14143120974389367,PFM-1 (Butterfly)
1.8262450011301885,1.82561054614958,PFM-1 (Butterfly)
-0.09075488644247187,-0.15818879508729827,PFM-1 (Butterfly)
0.3101179957253534,-0.19030245176435392,PFM-1 (Butterfly)
0.6561156765169969,-0.24893312569124207,PFM-1 (Butterfly)
1.1110509229658343,-0.028183067412487505,PFM-1 (Butterfly)
1.3180094625434087,0.028356295860556473,PFM-1 (Butterfly)
1.6423885543551249,0.16200245306047484,PFM-1 (Butterfly)
2.2364793788770188,0.4201684085281257,PFM-1 (Butterfly)
2.8997646979731497,0.554703631010477,PFM-1 (Butterfly)
3.785954962671547,0.8655305639944231,PFM-1 (Butterfly)
5.025867332923227,1.3136895422828512,PFM-1 (Butterfly)
2.111365351032287,2.102379440653628,PFM-1 (Butterfly)
5.697794935452802,1.5455931188679666,PFM-1 (Butterfly)
5.681745991961358,1.351242994880285,PFM-1 (Butterfly)
3.685605474320242,1.7115388686615403,PFM-1 (Butterfly)
2.1619127887617284,2.254291550092336,PFM-1 (Butterfly)
-1.011192422318285,-0.9592148423319119,PMA-2 (Starfish)
2.374466617664352,2.221210550827197,PFM-1 (Butterfly)
2.355291577487129,2.0224171259332606,PFM-1 (Butterfly)
2.817640066135084,1.3033704200924154,PFM-1 (Butterfly)
3.1043566780347893,1.0359860571250616,PFM-1 (Butterfly)
2.418388679227288,-0.3701425110867614,PFM-1 (Butterfly)
0.6564421097015269,-1.7576667411410962,PFM-1 (Butterfly)
-0.006620804341266406,-0.5122960050667278,PMA-2 (Starfish)
0.006965355056584269,-0.1786451716452657,PMA-2 (Starfish)
-0.11514636919516744,-0.3846211436275737,PMA-2 (Starfish)
-0.007325249825257086,-0.48213867879236316,PMA-2 (Starfish)
-0.022460736808377162,-0.4179093131297461,PMA-2 (Starfish)
-0.04872428059628833,-0.2774642950222379,PMA-2 (Starfish)
0.06584681557654426,-0.30511445104282137,PMA-2 (Starfish)
0.06449652288623522,-0.2579317193258919,PMA-2 (Starfish)
0.11176417118197318,-0.22714085545354218,PMA-2 (Starfish)
0.22346434091062004,-0.3599796313904191,PMA-2 (Starfish)
0.291792111199149,-0.284237239664229,PMA-2 (Starfish)
0.3619830877824025,-0.3744476955011318,PMA-2 (Starfish)
0.41198783841446557,-0.35342469366509455,PMA-2 (Starfish)
0.4569965414941291,-0.26240295524824414,PMA-2 (Starfish)
0.5594862324524031,-0.408780903935584,PMA-2 (Starfish)
0.4333360260259632,-0.236614318799565,PMA-2 (Starfish)
0.471333623924621,-0.276140187020659,PMA-2 (Starfish)
0.7454281546456029,-0.35431675302206045,PMA-2 (Starfish)
0.836381271973495,-0.29483861495009045,PMA-2 (Starfish)
0.9771320280731567,-0.22382352482331783,PMA-2 (Starfish)
0.9468134259393508,0.045360151534078394,PMA-2 (Starfish)
1.3709699424237989,-0.10007141713979792,PMA-2 (Starfish)
1.2177374575937012,-0.3729113147604064,PMA-2 (Starfish)
-1.0576607240902365,-0.7268834688152966,PFM-1 (Butterfly)
-0.6041738600634277,-0.9251717327877701,PFM-1 (Butterfly)
-0.5112467169236449,-1.162694669251205,PFM-1 (Butterfly)
-0.43438650257851336,-1.2626423222717127,PFM-1 (Butterfly)
-0.19746173098579356,-1.3168616369415538,PFM-1 (Butterfly)
-0.006917109534776764,-1.3931672648542515,PFM-1 (Butterfly)
0.29029041444090076,-1.3156823333008971,PFM-1 (Butterfly)
0.6284449114463024,-1.1196062015863242,PFM-1 (Butterfly)
0.929904140016125,-1.0464367308780005,PFM-1 (Butterfly)
1.4357913985747588,-1.0334196184293056,PFM-1 (Butterfly)
1.8716752040792162,-0.8732891888785862,PFM-1 (Butterfly)
2.2985005806961185,-0.951263562047,PFM-1 (Butterfly)
2.650114320059177,-0.974889292112773,PFM-1 (Butterfly)
2.834115678740076,-1.0168162963483733,PFM-1 (Butterfly)
3.241855720054657,-0.8822789077474751,PFM-1 (Butterfly)
3.549792186429217,-0.9654559441913505,PFM-1 (Butterfly)
3.338456518176562,-1.0665811164160601,PFM-1 (Butterfly)
-0.9723522111258391,-0.9912494285859458,PMA-2 (Starfish)
2.948828144275443,-1.030137869144695,PFM-1 (Butterfly)
3.041944367066441,-0.9042650814080414,PFM-1 (Butterfly)
2.8484328300868516,-0.9095536533403626,PFM-1 (Butterfly)
2.881175221688651,-0.8214960985079122,PFM-1 (Butterfly)
2.89635059800947,-0.8299941172277889,PFM-1 (Butterfly)
3.0418332028730983,-0.8946791022381698,PFM-1 (Butterfly)
-0.8057536161077344,-1.056995526811673,PMA-2 (Starfish)
-0.8452679491946967,-0.9976750768191021,PMA-2 (Starfish)
0.08454022115593811,0.1378669257998076,PFM-1 (Butterfly)
0.2323948265385673,1.185639318419953,PFM-1 (Butterfly)
0.3778779901604753,0.8651657659380624,PFM-1 (Butterfly)
0.5768476774297117,0.7648776596109491,PFM-1 (Butterfly)
0.900010502173932,0.7013818158575296,PFM-1 (Butterfly)
1.4739575102622124,-0.23519947137418631,PMA-2 (Starfish)
1.4347381448524203,-0.793875847568788,PFM-1 (Butterfly)
1.7681896760241902,-0.6105837942634266,PFM-1 (Butterfly)
2.789387944734653,-0.3923235380971513,PFM-1 (Butterfly)
3.683692066780664,-0.12446141080918506,PFM-1 (Butterfly)
4.8223159625482985,0.09122582469006295,PFM-1 (Butterfly)
6.4098561977829265,0.5424340193479924,PFM-1 (Butterfly)
7.401986145346331,0.5660077537637246,PFM-1 (Butterfly)
9.072763417117162,0.9065312750424502,PFM-1 (Butterfly)
9.695709679191186,1.431511402768142,PFM-1 (Butterfly)
3.5769205890456037,1.2084021443674025,PFM-1 (Butterfly)
1.6669437863090781,-0.1021787529912573,PMA-2 (Starfish)
1.9438391606379402,-0.10071868022560324,PMA-2 (Starfish)
0.27018164476509554,-0.5858519559795569,PMA-2 (Starfish)
0.870000460341081,-0.2261329403471279,PMA-2 (Starfish)
1.2092892604395964,-0.029797493620507043,PMA-2 (Starfish)
1.943128446340328,-0.02969922357693761,PMA-2 (Starfish)
2.542662460278952,0.11503554688687517,PMA-2 (Starfish)
3.3550000300756557,0.20279637748774748,PMA-2 (Starfish)
2.1539806945670916,0.04391946881588186,PMA-2 (Starfish)
3.997045578810392,0.4210261926430823,PMA-2 (Starfish)
4.558427740764929,0.46961239953525646,PMA-2 (Starfish)
5.300223493295024,0.5144531171022778,PMA-2 (Starfish)
6.321408983991069,0.7183675622957716,PMA-2 (Starfish)
5.819031610920188,1.026382161062225,PMA-2 (Starfish)
4.017203726461913,1.3711856031189438,PMA-2 (Starfish)
2.032733193934405,2.198217314528559,PMA-2 (Starfish)
2.8224355142150146,0.10535246427847247,PMA-2 (Starfish)
3.4572686662607413,0.2236740259479718,PMA-2 (Starfish)
3.9618493322997637,0.3772747258893241,PMA-2 (Starfish)
4.818668293239773,0.23970187404299795,PMA-2 (Starfish)
-1.734949878530799,-1.001194464526437,PMA-2 (Starfish)
-1.7675943806911896,-0.8447746803699526,PMA-2 (Starfish)
-1.6249201000573643,-0.7429676455862313,PMA-2 (Starfish)
-1.5397113576782715,-0.6368524448340316,PMA-2 (Starfish)
-1.4514815909237855,-0.8135969883848005,PMA-2 (Starfish)
-1.3496553662863768,-0.9010744968174469,PMA-2 (Starfish)
0.0907323082911666,4.403362699361999,PMA-2 (Starfish)
-1.0401318482283852,-0.7666398889128283,PMA-2 (Starfish)
-0.8355518978201879,-0.5101191554656109,PMA-2 (Starfish)
-0.5206120549816606,-0.647070492214953,PMA-2 (Starfish)
-0.33440311061591066,-0.47865015359240426,PMA-2 (Starfish)
-0.12583435437584392,-0.5282144013251479,PMA-2 (Starfish)
-0.23449075819049614,-0.7859164515193694,PMA-2 (Starfish)
0.14900715139407464,-0.34333439014537165,PMA-2 (Starfish)
0.38962181560965425,-0.2998847762976669,PMA-2 (Starfish)
0.6832814271665526,-0.11619895537121785,PMA-2 (Starfish)
1.2028506286550487,-0.126679669923419,PMA-2 (Starfish)
1.6281452328842914,0.12156893430532263,PMA-2 (Starfish)
2.069998803646134,0.008616988276281178,PMA-2 (Starfish)
2.976265935178886,0.08552477577476532,PMA-2 (Starfish)
4.283797431541591,0.30478449591248336,PMA-2 (Starfish)
5.346357766949639,0.41536699504029767,PMA-2 (Starfish)
3.014097346497727,1.5293001759819878,PMA-2 (Starfish)
-1.7750732045457653,-0.10667880891053831,PFM-1 (Butterfly)
-1.1906033557999622,1.0050636371415758,PFM-1 (Butterfly)
-0.638432381669937,0.311860142365001,PFM-1 (Butterfly)
-0.009555520832059194,-0.08983928790176943,PFM-1 (Butterfly)
0.8752222751025379,-0.15932192841363144,PFM-1 (Butterfly)
1.1632090281340746,-0.4822707183659628,PFM-1 (Butterfly)
1.632158877095757,0.18393547688259493,PFM-1 (Butterfly)
2.7257213481058487,-0.2071230996003777,PFM-1 (Butterfly)
3.463227758642645,-0.21629503191272423,PFM-1 (Butterfly)
4.235720595962778,-0.19577959297527256,PFM-1 (Butterfly)
4.903610699440859,-0.42632733412633755,PFM-1 (Butterfly)
5.808486168556859,-0.5439618681935765,PFM-1 (Butterfly)
6.615192042312457,-0.5942189368907289,PFM-1 (Butterfly)
6.397682640756055,0.027474927863582493,PFM-1 (Butterfly)
3.3813213589597875,0.32304939632092555,PFM-1 (Butterfly)
-1.6341755289327824,-1.0683937509983408,PFM-1 (Butterfly)
-1.459195893251207,-1.0769830168544248,PFM-1 (Butterfly)
-0.9772345222530723,-0.9115223601806222,PFM-1 (Butterfly)
-0.7098531941158006,-0.9574713058031923,PFM-1 (Butterfly)
-0.2859854658287246,-0.6705065583060148,PFM-1 (Butterfly)
0.3243600025727371,-0.2844557213941685,PFM-1 (Butterfly)
0.24338090735155535,-0.6738391163270081,PFM-1 (Butterfly)
0.7391753744089969,-0.5870598600158715,PFM-1 (Butterfly)
1.8366936891420396,-0.19245030039058728,PFM-1 (Butterfly)
2.255146509341898,-0.1006054908548623,PFM-1 (Butterfly)
3.237544099328906,0.28300146185715147,PFM-1 (Butterfly)
4.173743035883191,0.5094217068549496,PFM-1 (Butterfly)
5.190501956170399,0.774576070674457,PFM-1 (Butterfly)
6.568136753402019,1.0890233472207,PFM-1 (Butterfly)
5.786529570022954,1.6320094242348373,PFM-1 (Butterfly)
-1.3586126624997759,-0.8781316264458223,PMA-2 (Starfish)
-0.9437212291413741,-0.7197235574658258,PMA-2 (Starfish)
-0.7537872153479959,-0.5134758221472939,PMA-2 (Starfish)
-0.5201714789612953,-0.5399873366042904,PMA-2 (Starfish)
-0.27602491029116216,-0.4777618702863957,PMA-2 (Starfish)
-0.05898381524059719,-0.492864070034157,PMA-2 (Starfish)
0.22891044857111906,-0.30147975227963886,PMA-2 (Starfish)
0.9513914335254875,-0.266421425151497,PMA-2 (Starfish)
1.1359499461872384,0.05264021483898447,PMA-2 (Starfish)
1.576004030908314,0.07460254939833255,PMA-2 (Starfish)
2.0306258655219533,0.02192296542911121,PMA-2 (Starfish)
2.264689097928326,0.05473158629666057,PMA-2 (Starfish)
2.7574377123671505,0.0828270827079743,PMA-2 (Starfish)
3.1972228031561722,0.041560286224494744,PMA-2 (Starfish)
3.3705923955871135,0.02261507199409002,PMA-2 (Starfish)
0.41915612922906814,-1.0964346293381462,PFM-1 (Butterfly)
4.161861392983686,0.1412971352641938,PMA-2 (Starfish)
3.6584116874234773,0.5919545784403547,PMA-2 (Starfish)
1.1285451436908727,2.514270376345047,PMA-2 (Starfish)
1.4544579896234047,-0.7211820588542511,PFM-1 (Butterfly)
1.3821088802058545,-0.7315810585276762,PFM-1 (Butterfly)
1.9391887622312562,-0.4586835201864034,PFM-1 (Butterfly)
1.7354247356887278,-0.24475101499889373,PFM-1 (Butterfly)
0.7925343797215558,-0.7105903545894351,PFM-1 (Butterfly)
-1.065127088037254,-0.931215355836629,PMA-2 (Starfish)
-0.3942073012500592,-0.5039264288388946,PMA-2 (Starfish)
-0.07800190268676242,-0.4634070742428812,PMA-2 (Starfish)
0.6070818077035672,-0.488700604992696,PMA-2 (Starfish)
1.2353805498496315,-0.22308421607894002,PMA-2 (Starfish)
1.6621410340609537,-0.13522054512378356,PMA-2 (Starfish)
2.5298492816710927,-0.07409848649644202,PMA-2 (Starfish)
3.1871646503307285,0.15725336441307866,PMA-2 (Starfish)
3.9387932130674264,0.212873692380902,PMA-2 (Starfish)
4.600412005816935,0.39801304566459195,PMA-2 (Starfish)
5.41975516616816,0.5035859476599353,PMA-2 (Starfish)
6.631408522114541,0.7154001173196282,PMA-2 (Starfish)
6.605159661602325,0.6307239831487185,PMA-2 (Starfish)
5.649948410108942,1.0565842926865492,PMA-2 (Starfish)
2.6663577734653936,2.4205651306644134,PMA-2 (Starfish)
-0.6851231621682546,-0.2596636098558927,PFM-1 (Butterfly)
0.6942607759742058,-0.12375371267349794,PFM-1 (Butterfly)
1.4679745423515311,-0.08571261278685878,PFM-1 (Butterfly)
1.7429325954155788,0.00524864282202338,PFM-1 (Butterfly)
2.1715365602011594,-0.28296146269195716,PFM-1 (Butterfly)
2.736225271147728,-0.11398613158486752,PFM-1 (Butterfly)
3.3829725369362285,-0.350727328033269,PFM-1 (Butterfly)
4.471757528287789,-0.4602116492661399,PFM-1 (Butterfly)
4.852240119908679,-0.5439564150873352,PFM-1 (Butterfly)
5.7302901914984465,-0.606232543249199,PFM-1 (Butterfly)
6.505489098565619,-0.4984964458145169,PFM-1 (Butterfly)
8.252705620757308,-0.2079170573626299,PFM-1 (Butterfly)
7.231056151630287,0.32777718690745394,PFM-1 (Butterfly)
5.320585489836677,0.7049765337760727,PFM-1 (Butterfly)
3.4639451717787404,0.9833969566453749,PFM-1 (Butterfly)
-1.0473190013805163,-0.7080057483721705,PMA-2 (Starfish)
-0.2928599482450383,-1.0171047191939675,PMA-2 (Starfish)
0.5404316977400008,-0.7515606439525189,PMA-2 (Starfish)
0.5841513634554163,-0.8426124374764749,PMA-2 (Starfish)
1.0105968021031897,-0.623057000164242,PMA-2 (Starfish)
1.0560222583278418,-0.3905300840518386,PMA-2 (Starfish)
0.9186144938066746,-0.21433406794556858,PMA-2 (Starfish)
1.1920549280241308,-0.21216687142046053,PMA-2 (Starfish)
1.5910505987894765,-0.15985890736831962,PMA-2 (Starfish)
1.8334192844062698,-0.14418324954198156,PMA-2 (Starfish)
1.845710415362032,-0.1175808562599306,PMA-2 (Starfish)
2.0624840571308667,-0.18816941705894966,PMA-2 (Starfish)
2.3416582781430333,-0.09406055648521246,PMA-2 (Starfish)
2.723720301159489,-0.16599411122914295,PMA-2 (Starfish)
2.97682591664393,-0.028080162502562827,PMA-2 (Starfish)
-1.3787401109984734,-1.20739787771944,PMA-2 (Starfish)
-0.20379854911971024,-0.36366927736466487,PMA-2 (Starfish)
0.35948177396716985,-0.300988032360413,PMA-2 (Starfish)
0.922709941859648,-0.23398116042715528,PMA-2 (Starfish)
1.5056280855624997,-0.006113208268089819,PMA-2 (Starfish)
2.0969298493880193,0.03725903240767983,PMA-2 (Starfish)
2.5303249926266016,0.1743606764557829,PMA-2 (Starfish)
3.3658638584928107,0.17620414075336865,PMA-2 (Starfish)
3.984851535247207,0.19655500752339455,PMA-2 (Starfish)
4.236724425761256,0.3947625837463839,PMA-2 (Starfish)
0.14715428150972454,-0.949115635777995,PFM-1 (Butterfly)
0.880068712809975,-0.7263509542281584,PFM-1 (Butterfly)
1.6022946828980023,-0.6874922977692585,PFM-1 (Butterfly)
2.092050288348306,-0.8399890563928388,PFM-1 (Butterfly)
2.5952557947894683,-0.9530963752167119,PFM-1 (Butterfly)
3.1623550410543713,-0.8418717031993107,PFM-1 (Butterfly)
3.718326027842488,-0.8800766388817065,PFM-1 (Butterfly)
4.848825150460099,-0.7617385187820976,PFM-1 (Butterfly)
6.388236503684806,-0.6524886250233277,PFM-1 (Butterfly)
4.369476437827363,0.12957979581827153,PFM-1 (Butterfly)
0.3727782425248584,-0.38988037389670743,PMA-2 (Starfish)
0.6122952025349174,-0.3342715771346334,PMA-2 (Starfish)
-0.49321545163995245,-0.9632717424539299,PFM-1 (Butterfly)
-0.2563887646123796,-0.9962804429675383,PFM-1 (Butterfly)
-0.40823665935790515,-1.2288426214707182,PFM-1 (Butterfly)
-0.795148225092042,-1.3365198233389115,PFM-1 (Butterfly)
-0.7462635203130868,-0.3992683933972829,PFM-1 (Butterfly)
0.5804994694504363,-1.2175870877950299,PFM-1 (Butterfly)
1.1397106053703703,-1.0445006750977335,PFM-1 (Butterfly)
1.2688596427108791,-0.693111135493587,PFM-1 (Butterfly)
1.2531603210285798,-0.9197965873242946,PFM-1 (Butterfly)
3.4393626890346995,0.17560954903964626,PFM-1 (Butterfly)
3.7776281498083706,-0.2538845434986327,PFM-1 (Butterfly)
3.6559245416512463,-0.585237245888658,PFM-1 (Butterfly)
-2.6247221369304463,-0.07782220167889982,PFM-1 (Butterfly)
-2.434398307408958,-0.12715108400830558,PFM-1 (Butterfly)
-2.374939681957328,-0.2524859232871934,PFM-1 (Butterfly)
-2.228002826592522,0.10453000906183724,PFM-1 (Butterfly)
-2.0855918337668937,-0.1586272002729206,PFM-1 (Butterfly)
-1.8646736535608666,-0.3389261299755736,PFM-1 (Butterfly)
-1.7234963038857285,-0.46746733487142844,PFM-1 (Butterfly)
-1.6243475372395484,-0.4804191645982163,PFM-1 (Butterfly)
-1.5641028412964357,-0.4771495527383099,PFM-1 (Butterfly)
-1.4521010228980358,-0.5527089000070126,PFM-1 (Butterfly)
-1.2167696547300353,-0.5891983950664322,PFM-1 (Butterfly)
-1.0694140274815538,-0.616839744760187,PFM-1 (Butterfly)
-0.8923095417669337,-0.4574897357857789,PFM-1 (Butterfly)
-0.5916633886483808,-0.7297774244019092,PFM-1 (Butterfly)
-0.4341842390694366,-0.749577158169569,PFM-1 (Butterfly)
-0.21513645707698423,-0.7890298739866626,PFM-1 (Butterfly)
0.07543376678393712,-0.7991613790501033,PFM-1 (Butterfly)
0.37307817379842134,-0.8468332783992275,PFM-1 (Butterfly)
-3.5071757909584043,4.827988785057654,PMA-2 (Starfish)
0.6550296298659166,-0.8144594611021619,PFM-1 (Butterfly)
0.9356048584835235,-0.7870959620080438,PFM-1 (Butterfly)
1.451003224519699,-0.7521384450237912,PFM-1 (Butterfly)
2.094286381143855,-0.7652544140790154,PFM-1 (Butterfly)
2.643093626592225,-0.7731045951496436,PFM-1 (Butterfly)
3.209567332897143,-0.9129439763129856,PFM-1 (Butterfly)
3.463294893841802,-0.8672155506848088,PFM-1 (Butterfly)
3.5519656486035203,-0.6140448430347293,PFM-1 (Butterfly)
-1.5917462590127553,-1.053008900265384,PMA-2 (Starfish)
-1.4790754599711329,-1.1704960652044805,PMA-2 (Starfish)
-1.4016983568609271,-1.2055292800753608,PMA-2 (Starfish)
-2.54492651658091,-0.3018125432947194,PMA-2 (Starfish)
-2.15999664545867,-1.148114219897245,PMA-2 (Starfish)
-2.1762127718316515,-1.140908359103097,PMA-2 (Starfish)
-2.12216551363998,-0.9467998322187922,PMA-2 (Starfish)
-2.2905772452609034,-1.7628341185941758,PMA-2 (Starfish)
-1.915403970309801,-1.2508780939567241,PMA-2 (Starfish)
-1.7234671998160362,-1.088333821656337,PMA-2 (Starfish)
-1.6264481685616867,-1.1098331958723626,PMA-2 (Starfish)
-1.432932989663674,-1.1259869368618474,PMA-2 (Starfish)
-1.3035008204598928,-1.1942815673940295,PMA-2 (Starfish)
-1.3088289585468826,-0.9954161158208731,PMA-2 (Starfish)
-1.1108567160978218,-1.090691657802445,PMA-2 (Starfish)
-1.0564046304095072,-1.0483200285100331,PMA-2 (Starfish)
-0.9628982668066504,-0.9825712989301324,PMA-2 (Starfish)
-0.9183868397848599,-1.0256037821125816,PMA-2 (Starfish)
-0.7843830324800563,-0.8780211504915536,PMA-2 (Starfish)
-0.5046029502425161,-0.9585547853068489,PMA-2 (Starfish)
-0.2149571935950319,-0.8649846353904188,PMA-2 (Starfish)
-0.21399426433105062,-0.7586066477124611,PMA-2 (Starfish)
0.07360133308009925,-0.7197002845880236,PMA-2 (Starfish)
-1.2764024417638793,-1.173781294857893,PMA-2 (Starfish)
0.35120170472193357,-0.5822827672025833,PMA-2 (Starfish)
0.5850366997580326,-0.5112054688923544,PMA-2 (Starfish)
0.844933194547352,-0.44944663146753083,PMA-2 (Starfish)
1.2694145128069239,-0.4166841790098527,PMA-2 (Starfish)
1.4922515788024162,-0.2525737602034364,PMA-2 (Starfish)
1.8994876369613047,-0.21163124948979423,PMA-2 (Starfish)
2.3151611983548386,-0.061757722877638345,PMA-2 (Starfish)
3.3645213289881757,0.11337047501452563,PMA-2 (Starfish)
1.2656802109432854,2.724996953114844,PMA-2 (Starfish)
-1.200883582225316,-1.08576961159207,PMA-2 (Starfish)
-1.0774835709378778,-1.0128885245435566,PMA-2 (Starfish)
-0.984741336632974,-1.0020971579726548,PMA-2 (Starfish)
-0.8783041458277168,-0.9611935977688356,PMA-2 (Starfish)
-1.3454086796158236,-1.0137619817023238,PMA-2 (Starfish)
-0.8116338522483953,-0.8634649406346344,PMA-2 (Starfish)
-1.561637627905242,-1.1308705154648169,PMA-2 (Starfish)
-1.7645009454413554,-1.145390853292968,PMA-2 (Starfish)
-1.8808507477568885,-0.9391946367716778,PMA-2 (Starfish)
-1.9360918039717039,-0.8648177491474766,PMA-2 (Starfish)
-0.6065002012585724,-0.9423824990808096,PMA-2 (Starfish)
-1.7395800620574327,-1.1970141047207488,PMA-2 (Starfish)
-1.482284055549388,-0.728480833103549,PMA-2 (Starfish)
-1.3185571785304446,-0.8873387537437517,PMA-2 (Starfish)
-1.154321201268272,-0.8854668549632849,PMA-2 (Starfish)
-1.080141242279824,-0.9183867838897157,PMA-2 (Starfish)
-0.9877692550215714,-0.9421883008674383,PMA-2 (Starfish)
-0.9412070057357226,-0.9704383999554227,PMA-2 (Starfish)
-0.55074689908062,-0.905800432913232,PMA-2 (Starfish)
-0.8600145760909788,-0.9069739257851012,PMA-2 (Starfish)
-0.7269058674946459,-0.8785575461534529,PMA-2 (Starfish)
-0.524985832569255,-0.9126707838902522,PMA-2 (Starfish)
-0.48315616399200767,-0.8381562025944289,PMA-2 (Starfish)
-0.1964573996786667,-0.8613319450644705,PMA-2 (Starfish)
-0.08522925749807995,-0.7885811285642128,PMA-2 (Starfish)
-0.04077408722877765,-0.7088149179766411,PMA-2 (Starfish)
0.22778737147905495,-0.6241487271528835,PMA-2 (Starfish)
0.23844347005802566,-0.5685442142455748,PMA-2 (Starfish)
0.5477939430787242,-0.5989469355237614,PMA-2 (Starfish)
-0.3710911586325831,-0.8947889927069986,PMA-2 (Starfish)
0.7428096682090946,-0.4808265816893673,PMA-2 (Starfish)
0.9784770098921062,-0.5219664627807457,PMA-2 (Starfish)
1.0255352350591487,-0.4198352479280525,PMA-2 (Starfish)
1.4286267867584688,-0.44619770851305324,PMA-2 (Starfish)
1.735026911213965,-0.3001779823641347,PMA-2 (Starfish)
2.194202649504228,-0.2640952528048334,PMA-2 (Starfish)
2.571157402323719,-0.16970355808576149,PMA-2 (Starfish)
2.8936234948236197,-0.07243320065741267,PMA-2 (Starfish)
3.3944397030766655,0.1436299780841932,PMA-2 (Starfish)
0.5572234983255986,1.1761343720192101,PMA-2 (Starfish)
-0.22091911527705896,-0.8482497082138694,PMA-2 (Starfish)
0.0436042318984008,-0.6883745295117075,PMA-2 (Starfish)
0.25305132914686396,-0.6384241499144883,PMA-2 (Starfish)
-2.411583509275633,0.3936534017929797,PFM-1 (Butterfly)
-1.8491622030143788,-0.818127542686592,PFM-1 (Butterfly)
-1.7466820246145758,-0.7578003636062065,PFM-1 (Butterfly)
-1.675757422235345,-0.7093895705868785,PFM-1 (Butterfly)
-1.6512185290013746,-0.7449222377340866,PFM-1 (Butterfly)
0.4357850256914452,-0.5702962429085922,PMA-2 (Starfish)
-1.6122696160114935,-0.7473665742684129,PFM-1 (Butterfly)
-1.3711632421257343,-0.7883366597034266,PFM-1 (Butterfly)
-1.2995315494775985,-0.687724819094256,PFM-1 (Butterfly)
-1.2202144758658673,-0.5655955036761,PFM-1 (Butterfly)
-1.1639380913229416,-0.59615111880418,PFM-1 (Butterfly)
-0.9771008503169379,-0.5944866896158856,PFM-1 (Butterfly)
-0.7275017328802651,-0.5736603136532515,PFM-1 (Butterfly)
-0.5386191153891564,-0.5047953841393551,PFM-1 (Butterfly)
-0.4511400896969276,-0.5721689217789061,PFM-1 (Butterfly)
-0.32322373401034965,-0.5325052746488323,PFM-1 (Butterfly)
0.5634821532509408,-0.5583735585941764,PMA-2 (Starfish)
-0.13686926836515328,-0.5873132452653993,PFM-1 (Butterfly)
0.14356062782710285,-0.562710536610725,PFM-1 (Butterfly)
0.4269203479790966,-0.5574886036992658,PFM-1 (Butterfly)
0.6769640194483231,-0.4846197479105822,PFM-1 (Butterfly)
0.9523412467472578,-0.450995518444996,PFM-1 (Butterfly)
1.4925428392121924,-0.4142082625866397,PFM-1 (Butterfly)
2.072805626620921,-0.3269337953693971,PFM-1 (Butterfly)
2.760560629434275,-0.15357751330446462,PFM-1 (Butterfly)
3.34523190192856,-0.059581428626318864,PFM-1 (Butterfly)
3.8668266542022347,0.14443634399518032,PFM-1 (Butterfly)
0.8515890956127451,-0.4174912354874284,PMA-2 (Starfish)
4.529961825010728,0.3182377321224811,PFM-1 (Butterfly)
2.909890222851181,0.4731599104123749,PFM-1 (Butterfly)
1.3191808433000227,-0.32971583372062,PMA-2 (Starfish)
1.8480647709175169,-0.23570377329110762,PMA-2 (Starfish)
2.587161861711679,-0.12847645476745018,PMA-2 (Starfish)
3.0297278034335857,0.17210164852650767,PMA-2 (Starfish)
-2.5040451893213858,-0.24297168432928787,PFM-1 (Butterfly)
-2.3900501973980663,-0.2135788325671458,PFM-1 (Butterfly)
-2.3812818600765384,0.38545116081886455,PFM-1 (Butterfly)
-2.2453416468387135,0.043112100184113274,PFM-1 (Butterfly)
-1.9934535907490163,-0.3113711534810274,PFM-1 (Butterfly)
-1.9317002203888127,-0.2232000272733384,PFM-1 (Butterfly)
-1.9131447574598779,-0.1406810124236916,PFM-1 (Butterfly)
-1.7818324062530375,-0.21502006160645065,PFM-1 (Butterfly)
-1.563117208664845,-0.2224197501014578,PFM-1 (Butterfly)
-1.4437305678553787,-0.11049600002052601,PFM-1 (Butterfly)
-1.2530868660528183,-0.23556694313632182,PFM-1 (Butterfly)
-1.0499614114142517,-0.42051639980657557,PFM-1 (Butterfly)
-0.8399613220489867,-0.4419966888879886,PFM-1 (Butterfly)
-0.5935771253460395,-0.566358445758496,PFM-1 (Butterfly)
-0.34750555344109224,-0.6378782763727824,PFM-1 (Butterfly)
-0.11286711267402266,-0.5815409764675392,PFM-1 (Butterfly)
0.0923383919266687,-0.6219670000327847,PFM-1 (Butterfly)
0.5379529573513647,-0.6644983768037327,PFM-1 (Butterfly)
1.0015878221751378,-0.7453940907845663,PFM-1 (Butterfly)
1.5100225800287868,-0.7212306590232983,PFM-1 (Butterfly)
2.156271237823467,-0.7538061638490716,PFM-1 (Butterfly)
2.691538080463818,-0.8050910313894212,PFM-1 (Butterfly)
3.435144906269581,-0.7973760304750754,PFM-1 (Butterfly)
3.2862831465083864,-0.6646352987366492,PFM-1 (Butterfly)
1.473933174012795,-0.11233551502716034,PFM-1 (Butterfly)
-2.221463246248807,-1.0122921599962975,PMA-2 (Starfish)
-2.191443480384405,-1.0784277760129826,PMA-2 (Starfish)
-2.135312606089923,-1.1613306446387652,PMA-2 (Starfish)
-2.147397635547684,-1.0910439731673975,PMA-2 (Starfish)
-2.169032630464502,-1.202872856064493,PMA-2 (Starfish)
-2.2231217991838457,-1.116730393222516,PMA-2 (Starfish)
-2.2118294629009605,-1.1254749553696954,PMA-2 (Starfish)
-2.0916143812895793,-1.1635900177469911,PMA-2 (Starfish)
-1.9188970149033966,-1.1819493191190311,PMA-2 (Starfish)
-1.7922429583075268,-1.1598924332235836,PMA-2 (Starfish)
-1.7706884675706158,-1.055778095822228,PMA-2 (Starfish)
-1.6631358126091729,-1.211887633854174,PMA-2 (Starfish)
-1.610451691089191,-1.1909361629345168,PMA-2 (Starfish)
-1.4868936768089642,-1.1439484415875028,PMA-2 (Starfish)
-1.4182683085688017,-1.1724376021830734,PMA-2 (Starfish)
-1.4092928186641631,-1.0851841451145257,PMA-2 (Starfish)
-1.3887627112836396,-1.0673785395143045,PMA-2 (Starfish)
-1.2757874740661181,-0.973970846382635,PMA-2 (Starfish)
-1.185781692232088,-1.0908317377209467,PMA-2 (Starfish)
-1.1465652985338959,-0.9638301372894613,PMA-2 (Starfish)
-1.098810620402687,-0.9366351573936158,PMA-2 (Starfish)
-1.042520524576748,-0.8647223168086192,PMA-2 (Starfish)
-0.9137478528330374,-0.9258558227043364,PMA-2 (Starfish)
-0.8288961267542997,-0.8793936112843275,PMA-2 (Starfish)
-0.7431332728122019,-0.9676981919053305,PMA-2 (Starfish)
-0.6001680143877782,-0.8581976690984642,PMA-2 (Starfish)
-0.5670033090715118,-0.7197573332235825,PMA-2 (Starfish)
-0.2982065092976163,-0.7773866067202377,PMA-2 (Starfish)
-0.15372746503108323,-0.6385843426467095,PMA-2 (Starfish)
-0.04208785588935441,-0.6693066664113619,PMA-2 (Starfish)
0.1577728750426064,-0.6675401437638182,PMA-2 (Starfish)
0.33044185150487865,-0.48060534862255727,PMA-2 (Starfish)
0.5398896853976134,-0.5371976256990579,PMA-2 (Starfish)
0.6770388717939897,-0.39965844128134753,PMA-2 (Starfish)
1.0445565852732892,-0.27336633397134363,PMA-2 (Starfish)
1.4933066999338969,-0.3247926795235316,PMA-2 (Starfish)
1.8627360742229604,-0.24420830088208634,PMA-2 (Starfish)
2.155964123462655,-0.11448406749285116,PMA-2 (Starfish)
2.9335544221427963,0.03375834980559944,PMA-2 (Starfish)
2.2890761524384544,0.8777567654811947,PMA-2 (Starfish)
-0.8335486571042966,-1.7624830926880302,PMA-2 (Starfish)
-0.5120772056854754,-1.2844516699685231,PMA-2 (Starfish)
-0.2977609610102275,-0.7669731646279253,PMA-2 (Starfish)
-0.37314684061481224,-0.7822915600219091,PMA-2 (Starfish)
-0.35056183321844236,-0.8584884610505594,PMA-2 (Starfish)
-0.3446502539993671,-0.788489013601622,PMA-2 (Starfish)
-0.3419368717377945,-0.7185752649609038,PMA-2 (Starfish)
-0.28502127128955645,-0.81267589637107,PMA-2 (Starfish)
-0.2633086594264834,-0.5750262171426077,PMA-2 (Starfish)
0.07285593804936202,-0.559092368597833,PMA-2 (Starfish)
0.18411348928011023,-0.44757385848081954,PMA-2 (Starfish)
0.45188910151664546,-0.4759736523550013,PMA-2 (Starfish)
0.8701145094552925,-0.31973743024438506,PMA-2 (Starfish)
1.208699408125463,-0.33885718004105175,PMA-2 (Starfish)
1.7142063929778855,-0.2896275175522769,PMA-2 (Starfish)
2.138403165399241,-0.14796751400164235,PMA-2 (Starfish)
3.0423221862383167,-0.06547658470729104,PMA-2 (Starfish)
2.0873056287394958,1.1734103807994631,PMA-2 (Starfish)
-1.9744562580926337,-0.8010832707085955,PFM-1 (Butterfly)
-1.8796325402192708,-0.6996320061422462,PFM-1 (Butterfly)
-1.6417047012556472,-1.0852941099387228,PFM-1 (Butterfly)
-1.6253704749683306,-1.0153548453123478,PFM-1 (Butterfly)
-1.574568784801415,-1.0714298692619426,PFM-1 (Butterfly)
-1.5033692749107392,-0.9609730130115389,PFM-1 (Butterfly)
-1.4766121714211826,-0.913946711987404,PFM-1 (Butterfly)
-1.3825359471555212,-0.9178256550746888,PFM-1 (Butterfly)
-1.2842837751069867,-0.8624012067965235,PFM-1 (Butterfly)
-1.2369320242675248,-0.940979553121156,PFM-1 (Butterfly)
-1.0934894278833365,-0.9805700241017848,PFM-1 (Butterfly)
-1.0168670107563573,-0.934585969535342,PFM-1 (Butterfly)
-0.8518176001843026,-0.8639542669745716,PFM-1 (Butterfly)
-0.6592366677824265,-0.8968772841583507,PFM-1 (Butterfly)
-0.38646213938062907,-0.8404047242387362,PFM-1 (Butterfly)
-0.1392360889770958,-0.8215297529351971,PFM-1 (Butterfly)
0.26395914131454057,-0.7960609774669288,PFM-1 (Butterfly)
0.5148848338540558,-0.6760226505507918,PFM-1 (Butterfly)
0.8285479355630132,-0.6449486627576555,PFM-1 (Butterfly)
1.1442327406985342,-0.5410665290643347,PFM-1 (Butterfly)
1.4486621885565216,-0.48336366901454436,PFM-1 (Butterfly)
1.8605703304550947,-0.43203661529312815,PFM-1 (Butterfly)
2.0429413992034897,-0.284349451360628,PFM-1 (Butterfly)
2.4999318406939026,-0.07739827096389731,PFM-1 (Butterfly)
2.996114266195412,0.0960976386892736,PFM-1 (Butterfly)
3.530261008642077,0.24333899037840098,PFM-1 (Butterfly)
4.076004474821786,0.6394332274656062,PFM-1 (Butterfly)
4.751695725251193,0.8754938932401467,PFM-1 (Butterfly)
5.176381729919441,1.2155077419649016,PFM-1 (Butterfly)
4.190819384044212,2.1305731836310353,PFM-1 (Butterfly)
2.906830086497703,3.6812806062422383,PFM-1 (Butterfly)
1.1714875627905457,-0.6182607549052954,PFM-1 (Butterfly)
1.4838624737586097,0.211398236630509,PFM-1 (Butterfly)
2.2256119587030287,-0.44468221338124064,PFM-1 (Butterfly)
4.590424945540339,-0.6009371462449621,PFM-1 (Butterfly)
4.973778551608816,-0.6543833540210725,PFM-1 (Butterfly)
4.248292525112501,-0.6688244348145975,PFM-1 (Butterfly)
3.8491657132004877,-0.6979508234706611,PFM-1 (Butterfly)
3.469685816683731,-0.7763851032304375,PFM-1 (Butterfly)
-2.30329457802467,0.1750786848351252,PFM-1 (Butterfly)
3.247577271436238,-0.8595817767909776,PFM-1 (Butterfly)
2.9227339228257434,-0.8075166626284972,PFM-1 (Butterfly)
2.6667435017524785,-0.8385112658471757,PFM-1 (Butterfly)
2.9491046049778555,-0.7357385712735712,PFM-1 (Butterfly)
2.7421324690256625,-0.8266799706003742,PFM-1 (Butterfly)
-1.837108111096791,-0.6721289194435777,PFM-1 (Butterfly)
-1.6848547993445537,-0.9465815160121217,PFM-1 (Butterfly)
-1.676690460850223,-0.794704344708882,PFM-1 (Butterfly)
-1.5058941270709028,-0.8390102140421979,PFM-1 (Butterfly)
-1.3943569857403637,-0.8026250526111566,PFM-1 (Butterfly)
-1.2569130316697088,-0.7469334716935725,PFM-1 (Butterfly)
-1.0975029909741978,-0.8611864056234979,PFM-1 (Butterfly)
-0.9737437290269261,-0.7249176230124135,PFM-1 (Butterfly)
-0.9633375503588647,-0.7286724994645647,PFM-1 (Butterfly)
-0.809263452205379,-0.7889753035452298,PFM-1 (Butterfly)
-0.5408419474089159,-0.7079020751775054,PFM-1 (Butterfly)
-0.3116941333284395,-0.5986742761260659,PFM-1 (Butterfly)
-0.06519727064027478,-0.6109113706196225,PFM-1 (Butterfly)
0.11662278751302209,-0.6002548571319487,PFM-1 (Butterfly)
0.3028527135161979,-0.4838161507075962,PFM-1 (Butterfly)
0.4881538325204725,-0.5321035582945706,PFM-1 (Butterfly)
0.7436440996982114,-0.4706539912381226,PFM-1 (Butterfly)
1.1070238827824217,-0.38075981148819743,PFM-1 (Butterfly)
1.2701516591391109,-0.43634634739263173,PFM-1 (Butterfly)
1.7672045910366536,-0.3695236084238279,PFM-1 (Butterfly)
2.3286120645670714,-0.14645856669956692,PFM-1 (Butterfly)
2.784564465714878,0.001926079434557069,PFM-1 (Butterfly)
-1.7755569979403525,-0.8937255079183886,PFM-1 (Butterfly)
-1.3929547443189967,0.16105363783648133,PFM-1 (Butterfly)
-1.1904899686137025,-0.08664151871906527,PFM-1 (Butterfly)
-1.1090435710005342,0.13866983228597957,PFM-1 (Butterfly)
-0.8338111443273725,-0.06045796359138,PFM-1 (Butterfly)
-0.6655692657756203,-0.028458095433934825,PFM-1 (Butterfly)
-0.41754171409732244,-0.15824492383323865,PFM-1 (Butterfly)
-0.20422347660641035,-0.15459352878595486,PFM-1 (Butterfly)
0.13336755731904815,-0.2202932892660687,PFM-1 (Butterfly)
0.5162626868782983,-0.2671833156831714,PFM-1 (Butterfly)
0.9015749447272452,-0.2316907953634899,PFM-1 (Butterfly)
1.401348665918013,-0.2563080398949687,PFM-1 (Butterfly)
1.9825206647963722,-0.11108534937373452,PFM-1 (Butterfly)
2.643725371102774,0.06783166665473732,PFM-1 (Butterfly)
3.33075181052945,0.2584860328407238,PFM-1 (Butterfly)
4.067458693866696,0.35582574395726624,PFM-1 (Butterfly)
5.0559140434291185,0.5172285235667694,PFM-1 (Butterfly)
5.213504262946241,0.9587830581109088,PFM-1 (Butterfly)
1.9135779521952556,1.4733324344813865,PFM-1 (Butterfly)
-0.7003079259197661,-0.8225068554917185,PMA-2 (Starfish)
-0.2587414858322719,-0.644732070652814,PMA-2 (Starfish)
-0.019460544925975876,-0.716534776682031,PMA-2 (Starfish)
0.5293633653773322,-0.5730548072775122,PMA-2 (Starfish)
0.5821908563030319,-0.4796808634691056,PMA-2 (Starfish)
0.8723505462187352,-0.5376245131661483,PMA-2 (Starfish)
0.9694695400501159,-0.5655874521333046,PMA-2 (Starfish)
1.3399270460544603,-0.5392467099064763,PMA-2 (Starfish)
1.3673406645708426,-0.4657981554426588,PMA-2 (Starfish)
1.277705772339978,-0.23582724236364108,PMA-2 (Starfish)
1.4733869192662699,-0.28904918552006353,PMA-2 (Starfish)
1.6517098007713968,-0.21221175257985214,PMA-2 (Starfish)
2.2117670971919408,-0.19828455978270368,PMA-2 (Starfish)
2.3632997234388284,-0.02056449666637835,PMA-2 (Starfish)
2.773260767326965,0.06988660508119923,PMA-2 (Starfish)
3.4807144120824933,0.34386606916132806,PMA-2 (Starfish)
4.420508397921907,0.40633831079400085,PMA-2 (Starfish)
3.070637578124679,0.6386858205621888,PMA-2 (Starfish)
-2.126529428007492,-1.6024781474444099,PMA-2 (Starfish)
-1.8720151074692488,-1.2899974760400925,PMA-2 (Starfish)
-1.8000336235318566,-1.2253650191698213,PMA-2 (Starfish)
-1.6649275836439645,-1.2608803284820314,PMA-2 (Starfish)
-1.6590079484174984,-1.3642626621481748,PMA-2 (Starfish)
-1.5324568704090427,-1.3881648581758586,PMA-2 (Starfish)
-1.456562186219334,-1.484938841332696,PMA-2 (Starfish)
-1.3730296985919894,-1.5312119464027714,PMA-2 (Starfish)
-1.3713649911152836,-1.399421750473947,PMA-2 (Starfish)
-1.248121427827316,-1.4056080366750954,PMA-2 (Starfish)
-1.1041437428479244,-1.089344410332369,PMA-2 (Starfish)
-0.9049008653028388,-1.1130102273068263,PMA-2 (Starfish)
-0.8130971843199236,-1.1073309015297466,PMA-2 (Starfish)
-0.6105134232272871,-1.0286796191871301,PMA-2 (Starfish)
-0.49266400922076253,-0.9569638744601346,PMA-2 (Starfish)
-0.3361513242890632,-0.9655672195226027,PMA-2 (Starfish)
-0.1329459210241006,-0.9517986587160417,PMA-2 (Starfish)
0.08156092929413686,-0.7910443246204759,PMA-2 (Starfish)
0.2958808129250147,-0.698906128470505,PMA-2 (Starfish)
0.7782597448492035,-0.49238440122232113,PMA-2 (Starfish)
1.085019713514914,-0.3524976710583421,PMA-2 (Starfish)
1.2118469617616008,-0.33176069971780775,PMA-2 (Starfish)
1.7565800840400898,-0.24227365539001267,PMA-2 (Starfish)
2.064089408602852,-0.1480770641978339,PMA-2 (Starfish)
2.826856716936016,-0.03550313128564299,PMA-2 (Starfish)
1.4671804140532363,0.499177772834382,PMA-2 (Starfish)
-1.920773867967426,-0.9616463981820996,PFM-1 (Butterfly)
-1.7823646515605809,-1.0747714164378281,PFM-1 (Butterfly)
-1.7412573672022165,-0.9976221432805829,PFM-1 (Butterfly)
-1.6882901979364682,-1.0471640929466894,PFM-1 (Butterfly)
-1.6441347530898127,-0.9286626933239187,PFM-1 (Butterfly)
-1.5784647043788427,-0.8844050407700608,PFM-1 (Butterfly)
-1.47761899040892,-0.9985106952617568,PFM-1 (Butterfly)
-1.442832061421662,-0.8700561966767331,PFM-1 (Butterfly)
-1.3278226913146907,-0.8972883613248305,PFM-1 (Butterfly)
-1.3017366382568347,-0.7833561256437622,PFM-1 (Butterfly)
-1.1329010954961447,-0.8230176628940487,PFM-1 (Butterfly)
-1.0611783080427475,-0.7504446372596872,PFM-1 (Butterfly)
-0.921746251976152,-0.743645062786382,PFM-1 (Butterfly)
-0.7393021874943827,-0.7215539213526656,PFM-1 (Butterfly)
-0.5369058381416884,-0.6803330671931549,PFM-1 (Butterfly)
-0.3133203494946869,-0.6005852282920369,PFM-1 (Butterfly)
-0.014266445963946887,-0.6583970932639904,PFM-1 (Butterfly)
0.27707728122636527,-0.6592570082086833,PFM-1 (Butterfly)
0.5052739499215462,-0.574085223531577,PFM-1 (Butterfly)
1.0372249073540492,-0.5670946629299654,PFM-1 (Butterfly)
1.3754445993731343,-0.5857238180393767,PFM-1 (Butterfly)
1.7987076779086328,-0.573230537520967,PFM-1 (Butterfly)
2.354852550485221,-0.49903419867414966,PFM-1 (Butterfly)
3.3441058052230783,-0.3516025188455264,PFM-1 (Butterfly)
4.587866861361271,-0.05114075378773608,PFM-1 (Butterfly)
6.085230965442569,0.23929621252956532,PFM-1 (Butterfly)
3.9793929150813665,0.521685779649186,PFM-1 (Butterfly)
-2.320809044130732,0.012502061198039762,PFM-1 (Butterfly)
-2.406221048522804,-0.012214003398851488,PFM-1 (Butterfly)
-2.5022684074885917,0.05800078924196424,PFM-1 (Butterfly)
-2.5068027971767766,0.13348708434783507,PFM-1 (Butterfly)
-2.4557102172911818,-0.011943571924555496,PFM-1 (Butterfly)
-2.405698606292375,-0.012457879220408653,PFM-1 (Butterfly)
-2.3536168405594236,-0.124192610751625,PFM-1 (Butterfly)
-2.1042084597959323,-0.02499039174283017,PFM-1 (Butterfly)
-2.1148089327657678,0.0836116518914545,PFM-1 (Butterfly)
-1.9337770964853689,0.09733560638231332,PFM-1 (Butterfly)
-1.751059732353529,-0.027550683846995626,PFM-1 (Butterfly)
-1.6366499920116575,-0.07673454900857028,PFM-1 (Butterfly)
-1.4931019777332233,0.05032045210799277,PFM-1 (Butterfly)
-1.4051618559818013,0.04680885582301402,PFM-1 (Butterfly)
-1.2855426173504356,-0.10584865006080334,PFM-1 (Butterfly)
-1.143934383835595,-0.18835312838972101,PFM-1 (Butterfly)
-0.9121629487378633,-0.172105363037321,PFM-1 (Butterfly)
-0.5878195159304667,-0.1241953485715124,PFM-1 (Butterfly)
-0.40255227939099325,-0.15763786643327526,PFM-1 (Butterfly)
-0.1852216421805079,-0.16262668637794664,PFM-1 (Butterfly)
-2.370527066075712,0.16406769715135552,PFM-1 (Butterfly)
0.06658197776834922,-0.1591557137563209,PFM-1 (Butterfly)
0.35823532815472214,-0.022503546048181222,PFM-1 (Butterfly)
0.7640336610434199,-0.019678438177599112,PFM-1 (Butterfly)
1.1557558802537933,0.04565376984920328,PFM-1 (Butterfly)
1.6083135088069525,0.25099545936443785,PFM-1 (Butterfly)
1.986559021761343,0.308037071213666,PFM-1 (Butterfly)
2.2679937951515026,0.5955342476691546,PFM-1 (Butterfly)
2.8820739586504787,0.5806188641900744,PFM-1 (Butterfly)
3.3527061295326295,0.7158847183182576,PFM-1 (Butterfly)
3.8844076769354374,0.890980652766035,PFM-1 (Butterfly)
-2.277962211268148,0.15482346640150738,PFM-1 (Butterfly)
4.728906396381639,0.984086296386828,PFM-1 (Butterfly)
4.39158134863003,0.23786989510109002,PFM-1 (Butterfly)
-1.9088404417410232,-0.6232666892690054,PMA-2 (Starfish)
-1.8141968145326035,-0.6740808200010343,PMA-2 (Starfish)
-1.7011581299360043,-0.5888658709000957,PMA-2 (Starfish)
-1.7082294603802173,-0.6158927654057376,PMA-2 (Starfish)
-1.5423666729648606,-0.6830525591568695,PMA-2 (Starfish)
-1.4944022918759532,-0.6174182648989038,PMA-2 (Starfish)
-1.2900140072897779,-0.6363374906431108,PMA-2 (Starfish)
-1.9942489861234072,-0.9389339842015306,PFM-1 (Butterfly)
-1.1911747163257904,-0.5958586198157356,PMA-2 (Starfish)
-0.955179301106403,-0.5555100898956689,PMA-2 (Starfish)
-0.7365085549786097,-0.5898670466723326,PMA-2 (Starfish)
-0.5217218318841516,-0.47262483804421374,PMA-2 (Starfish)
-0.3099619505291991,-0.4237744283832152,PMA-2 (Starfish)
-0.10750637441109817,-0.4818093314274631,PMA-2 (Starfish)
0.08826671834639263,-0.4082303968031212,PMA-2 (Starfish)
0.24244111459179324,-0.3282865059913107,PMA-2 (Starfish)
0.5131463061536511,-0.14852990901918486,PMA-2 (Starfish)
0.9609941612998162,-0.019174214435410997,PMA-2 (Starfish)
-2.037991118361686,-0.8950705956232673,PFM-1 (Butterfly)
1.4648600383381802,-0.041011853297345725,PMA-2 (Starfish)
1.9115352760188304,0.1296244838694667,PMA-2 (Starfish)
2.5855460934256973,0.07942114969897604,PMA-2 (Starfish)
3.5653233237799884,0.1671822437790741,PMA-2 (Starfish)
1.391593845695175,-0.9721067232388207,PMA-2 (Starfish)
-2.0195448617982827,-0.8644629973751865,PFM-1 (Butterfly)
-2.080660086916776,-0.7671469913317245,PFM-1 (Butterfly)
-2.142076816897635,-0.8537206043348898,PFM-1 (Butterfly)
-2.1872474232966774,-0.7093140194427802,PFM-1 (Butterfly)
-2.1379310358722754,-0.6775125763015785,PFM-1 (Butterfly)
-2.1310506340258075,-0.6460336497908759,PFM-1 (Butterfly)
-2.16250584941093,-1.2764571667698998,PFM-1 (Butterfly)
-1.5690910920309853,-0.9002440737802868,PFM-1 (Butterfly)
-2.312440657129347,-1.2532672197199477,PMA-2 (Starfish)
-2.155969675882208,-1.296493778996189,PMA-2 (Starfish)
-2.2068871240641816,-1.1182886765816418,PMA-2 (Starfish)
-1.9596382943094335,-1.1939997587427202,PMA-2 (Starfish)
-1.8795510474671564,-1.3408543481629323,PMA-2 (Starfish)
-1.7741826450182636,-1.3849520302969909,PMA-2 (Starfish)
-1.6591214267334733,-1.388269076545,PMA-2 (Starfish)
-1.6012670469501036,-1.4301434735547944,PMA-2 (Starfish)
-1.4690045725660683,-1.4740278042440769,PMA-2 (Starfish)
-1.5044777521626593,-0.7589201174128506,PFM-1 (Butterfly)
-1.2462185829943997,-1.3994155856427564,PMA-2 (Starfish)
-1.1559077420740649,-1.458108362525442,PMA-2 (Starfish)
-1.1353075952005904,-1.4528897608261897,PMA-2 (Starfish)
-0.9473519816011663,-1.2791511140609109,PMA-2 (Starfish)
-0.8031967719223103,-1.2152922411632654,PMA-2 (Starfish)
-0.6995504681270472,-1.1874779963701383,PMA-2 (Starfish)
-0.5378635501141341,-1.079156380425293,PMA-2 (Starfish)
-0.5350399348952536,-0.9771801672186913,PMA-2 (Starfish)
-0.39651876976062855,-0.9980689847107834,PMA-2 (Starfish)
-0.1101519472082241,-0.8906311666608965,PMA-2 (Starfish)
-1.3975386413451165,-0.8554148948301004,PFM-1 (Butterfly)
0.05120080715494625,-0.8550958331307124,PMA-2 (Starfish)
0.23106256802471511,-0.7554306872426335,PMA-2 (Starfish)
0.4383034807640927,-0.7289883548009992,PMA-2 (Starfish)
0.6660141186129389,-0.5169736093002167,PMA-2 (Starfish)
0.8783205477754081,-0.5196010460827372,PMA-2 (Starfish)
1.175938421018295,-0.37041107232185155,PMA-2 (Starfish)
1.5814077009156948,-0.16419605419534672,PMA-2 (Starfish)
2.0626785579442424,-0.05082310843389474,PMA-2 (Starfish)
2.6107325482335697,0.0027903269898633424,PMA-2 (Starfish)
2.722682980254505,0.10834836929821083,PMA-2 (Starfish)
-1.2519115688625448,-0.8716766473841643,PFM-1 (Butterfly)
3.3625338503727593,0.18212629548032705,PMA-2 (Starfish)
3.858395255327334,0.20023888071336887,PMA-2 (Starfish)
-1.1150282730585808,-0.9885123663204448,PFM-1 (Butterfly)
-0.8513545356587204,-1.067975791619258,PFM-1 (Butterfly)
-0.6575746225927351,-1.0176553696088562,PFM-1 (Butterfly)
-1.220722447971747,-1.7071584275087197,PMA-2 (Starfish)
-0.13657000963151622,-0.8316687749254065,PMA-2 (Starfish)
-0.17828556775860288,-0.7160283332709829,PMA-2 (Starfish)
-0.12181938827608572,-0.7567751583137954,PMA-2 (Starfish)
-0.0922666029955453,-0.7708868677732978,PMA-2 (Starfish)
-0.46172583819183455,-1.0697136947418366,PFM-1 (Butterfly)
0.007782665810306847,-0.8301235166675779,PMA-2 (Starfish)
0.08612162581197533,-0.7994199411688501,PMA-2 (Starfish)
0.24127441518498033,-0.7238887994523003,PMA-2 (Starfish)
0.39974340927400237,-0.6995429974740367,PMA-2 (Starfish)
0.5555580701880346,-0.5614594465870356,PMA-2 (Starfish)
0.8337336799829635,-0.5068227926700257,PMA-2 (Starfish)
0.9821156899152864,-0.4550419231051523,PMA-2 (Starfish)
1.1089666414683224,-0.5004396982310743,PMA-2 (Starfish)
1.4999327249451007,-0.35490015226717847,PMA-2 (Starfish)
1.8415664734085466,-0.36207562484548755,PMA-2 (Starfish)
-0.19320920441712452,-1.0280642819106647,PFM-1 (Butterfly)
2.141690050393184,-0.20597820281408416,PMA-2 (Starfish)
2.3980839057705805,-0.23215756722613334,PMA-2 (Starfish)
2.671711914660008,0.01965626227256796,PMA-2 (Starfish)
3.201673039907117,-0.07140537876318184,PMA-2 (Starfish)
1.3095074690077093,2.020051943789749,PMA-2 (Starfish)
-0.02716754393358901,-1.009401426529284,PFM-1 (Butterfly)
-2.100084052503236,-0.43009101243078474,PFM-1 (Butterfly)
-2.044714449143783,-0.8437269438474754,PFM-1 (Butterfly)
-1.9518271962645686,-0.984498564764387,PFM-1 (Butterfly)
-1.899961519723269,-0.9629051901708928,PFM-1 (Butterfly)
0.34961240377650815,-0.942815654287597,PFM-1 (Butterfly)
-1.9328523148422947,-0.8550256341926415,PFM-1 (Butterfly)
-1.9887107420859795,-0.8368422925458706,PFM-1 (Butterfly)
-1.8972924520340553,-0.8307561816323491,PFM-1 (Butterfly)
-1.6393990697521628,-0.686057368398494,PFM-1 (Butterfly)
-1.5115990579119727,-0.8201472106237492,PFM-1 (Butterfly)
-1.3846914106148986,-0.9411974712157702,PFM-1 (Butterfly)
-1.0648266969001128,-0.9471478994896672,PFM-1 (Butterfly)
-0.762579485983207,-1.0844611191084101,PFM-1 (Butterfly)
-0.3872187158211006,-1.1052036965998164,PFM-1 (Butterfly)
-0.09395069462046615,-0.9297763777287154,PFM-1 (Butterfly)
0.6696793904222976,-0.8827367862182735,PFM-1 (Butterfly)
0.12783345419426137,-1.1567403790177695,PFM-1 (Butterfly)
0.38814304271731254,-1.1368236283832591,PFM-1 (Butterfly)
0.6744578746062075,-0.9552765088307051,PFM-1 (Butterfly)
1.1836894820947315,-0.9055977626864647,PFM-1 (Butterfly)
1.6207099001951946,-0.8698177306595382,PFM-1 (Butterfly)
2.128337407370344,-0.7780625206821348,PFM-1 (Butterfly)
2.5209730721276498,-0.7228594203723877,PFM-1 (Butterfly)
3.015074795143368,-0.6420053549603999,PFM-1 (Butterfly)
3.4581057283312227,-0.4989783897589809,PFM-1 (Butterfly)
4.18981695778887,-0.3629708644674096,PFM-1 (Butterfly)
1.0004627673951507,-0.9218217835634527,PFM-1 (Butterfly)
4.967625429007576,-0.20971534599529862,PFM-1 (Butterfly)
3.924146882107719,0.5852400271994551,PFM-1 (Butterfly)
1.4230558303921275,-0.7357560765476171,PFM-1 (Butterfly)
1.9444788031931401,-0.7413787872624507,PFM-1 (Butterfly)
2.405277075320928,-0.5684321853432361,PFM-1 (Butterfly)
2.708827462891273,-0.5977305369798982,PFM-1 (Butterfly)
3.2472535600442045,-0.45534135423567024,PFM-1 (Butterfly)
3.950492934633149,-0.3870940734504783,PFM-1 (Butterfly)
4.095895659432403,0.05254661559738517,PFM-1 (Butterfly)
1.775316587355303,0.8233961932896713,PFM-1 (Butterfly)
-1.564887613649178,-0.9548826582448515,PMA-2 (Starfish)
-1.5887347327838717,-0.8658833948492013,PMA-2 (Starfish)
-1.4882714912971846,-0.927309273767134,PMA-2 (Starfish)
-1.4750609296238246,-0.9554150877153225,PMA-2 (Starfish)
-1.9639406921323161,-0.04354507618654709,PFM-1 (Butterfly)
-1.506239697667847,-0.977407335235814,PMA-2 (Starfish)
-1.4187007023858507,-0.9509910100457859,PMA-2 (Starfish)
-1.4518728992579661,-0.9060694696716095,PMA-2 (Starfish)
-1.3923414955690414,-0.8186986348799832,PMA-2 (Starfish)
-1.387676247116907,-0.9024831137995665,PMA-2 (Starfish)
-1.2941353986590298,-0.8628563877032316,PMA-2 (Starfish)
-1.3381343379737463,-0.8606025384847319,PMA-2 (Starfish)
-1.2850134337800108,-0.9121356292889965,PMA-2 (Starfish)
-1.5525493387148572,-0.9004877902784717,PMA-2 (Starfish)
-1.292441666379841,-0.8370587539445101,PMA-2 (Starfish)
-1.2332309591275044,-0.8899853308177231,PMA-2 (Starfish)
-1.1936923428597375,-0.8489791280778863,PMA-2 (Starfish)
-1.1658202234736543,-0.8931109342504043,PMA-2 (Starfish)
-1.1073595670391099,-0.9047178485964097,PMA-2 (Starfish)
-1.070217881823821,-0.901600067444872,PMA-2 (Starfish)
-3.3715940583906416,3.2874654847264173,PFM-1 (Butterfly)
-3.3029549420644497,3.116620980152238,PFM-1 (Butterfly)
-3.1099503307719543,2.724679749561671,PFM-1 (Butterfly)
-3.3382519131183344,3.324140809358235,PFM-1 (Butterfly)
-3.1963822881371455,2.7669053680824858,PFM-1 (Butterfly)
-3.2432326546581423,3.019510829561266,PFM-1 (Butterfly)
-3.104521738179172,2.545378982758104,PFM-1 (Butterfly)
-2.3279100664218437,-0.9277526256807814,PMA-2 (Starfish)
-2.970008710572402,2.409963707197552,PFM-1 (Butterfly)
-2.343436882943265,-1.0024904779857957,PMA-2 (Starfish)
-2.9701786808791892,2.307603524090127,PFM-1 (Butterfly)
-1.0387960283309403,-0.840477435388869,PMA-2 (Starfish)
-2.3639659949406773,-0.9975745258386911,PMA-2 (Starfish)
-3.262757102429114,3.521614680130894,PFM-1 (Butterfly)
-2.3544034883361236,-0.9763457973040695,PMA-2 (Starfish)
-3.3485049551737567,3.8950035270671606,PFM-1 (Butterfly)
-2.3759018527200344,-0.9362583472266306,PMA-2 (Starfish)
-2.8799919818003894,1.7780850241603825,PFM-1 (Butterfly)
-2.3769450298467856,-0.9339005699017245,PMA-2 (Starfish)
-3.18174699641662,3.0659629573869682,PFM-1 (Butterfly)
-2.328151502843824,-0.9636402925401846,PMA-2 (Starfish)
-3.1472852288509885,3.084363136854595,PFM-1 (Butterfly)
-2.2873417607141007,-0.9620784719820623,PMA-2 (Starfish)
-3.01232771370974,2.6850002016032617,PFM-1 (Butterfly)
-2.2711656519715286,-0.8816433728718129,PMA-2 (Starfish)
-2.7041318852827265,1.568186370873409,PFM-1 (Butterfly)
-2.1980694965323617,-1.2041046060164233,PMA-2 (Starfish)
-2.8077574412686244,2.0732419181372284,PFM-1 (Butterfly)
-2.1900035260907837,-0.9105222438490056,PMA-2 (Starfish)
-3.02475922741816,3.2882766134699173,PFM-1 (Butterfly)
-2.138783939310616,-1.0566954309008636,PMA-2 (Starfish)
-2.8681866540285865,2.6168960099745804,PFM-1 (Butterfly)
-0.9981518002248032,-0.8637376419782123,PMA-2 (Starfish)
-2.0912217849262946,-1.0128954177345917,PMA-2 (Starfish)
-2.6911614162689355,2.104951348834253,PFM-1 (Butterfly)
-2.060956864423647,-0.8794856744926564,PMA-2 (Starfish)
-2.8660895793063643,3.1222007017874303,PFM-1 (Butterfly)
-2.079720263652586,-0.9106083936351427,PMA-2 (Starfish)
-2.8029284466555184,2.7025179626475007,PFM-1 (Butterfly)
-2.0635061419653837,-0.912350614643539,PMA-2 (Starfish)
-2.711337125828948,2.36823220032486,PFM-1 (Butterfly)
-2.1132424575711246,-0.9814719188285377,PMA-2 (Starfish)
-2.7993473369594994,2.5773549645891998,PFM-1 (Butterfly)
-2.0412030817778164,-1.0657177519279193,PMA-2 (Starfish)
-2.662584246038525,2.302990259072894,PFM-1 (Butterfly)
-2.0456752095276136,-1.0532895376530098,PMA-2 (Starfish)
-2.5057769841731194,1.5936165470905777,PFM-1 (Butterfly)
-1.9749977546803308,-1.0558266522422126,PMA-2 (Starfish)
-2.943410925386419,3.789841624337505,PFM-1 (Butterfly)
-1.979898363996911,-0.9634507204631227,PMA-2 (Starfish)
-2.554463825424802,2.0953326312190677,PFM-1 (Butterfly)
-1.8416264162653362,-0.996620491017816,PMA-2 (Starfish)
-2.6384142988877057,3.00335265547718,PFM-1 (Butterfly)
-0.960198165894575,-0.8530026024558578,PMA-2 (Starfish)
-1.8223895044419158,-0.8241747838460629,PMA-2 (Starfish)
-2.5083979740094753,2.7069911335871453,PFM-1 (Butterfly)
-1.8087400492588146,-0.9243843546224362,PMA-2 (Starfish)
-2.7407906002226894,3.6311678031220174,PFM-1 (Butterfly)
-1.835096291966039,-0.9493971895552786,PMA-2 (Starfish)
-2.4889869153838515,2.487758200433567,PFM-1 (Butterfly)
-1.7233302133131136,-0.9361273476155625,PMA-2 (Starfish)
-2.5075603248648495,3.226687071818795,PFM-1 (Butterfly)
-1.7625349991914723,-1.0447551478147292,PMA-2 (Starfish)
-2.4832430822052314,2.7442786146254807,PFM-1 (Butterfly)
-1.753114445401493,-0.9589581252319638,PMA-2 (Starfish)
-2.517419214109878,3.0326597096584194,PFM-1 (Butterfly)
-1.776388275753413,-1.0286523284466924,PMA-2 (Starfish)
-2.627332589552594,3.2717688273601415,PFM-1 (Butterfly)
-1.7199753607008468,-1.0222844349347915,PMA-2 (Starfish)
-2.330778303653444,2.2719363968185795,PFM-1 (Butterfly)
-1.6731385499799063,-0.8985827296715869,PMA-2 (Starfish)
-2.4968443070256083,3.308040204124363,PFM-1 (Butterfly)
-1.7391529067662896,-0.9310810802224092,PMA-2 (Starfish)
-2.5394712513119124,3.218976353570817,PFM-1 (Butterfly)
-0.9456324700713722,-0.7961600387640057,PMA-2 (Starfish)
-1.7244703243780861,-0.8395139743220534,PMA-2 (Starfish)
-2.3336237982233365,2.454110501262824,PFM-1 (Butterfly)
-1.6981863275579028,-0.8652868144268878,PMA-2 (Starfish)
-2.202303005781504,2.0617129901406828,PFM-1 (Butterfly)
-1.704813871343202,-0.8802056124237565,PMA-2 (Starfish)
-2.236080656685157,2.1328114148070667,PFM-1 (Butterfly)
-1.6803337025894105,-0.987654691585592,PMA-2 (Starfish)
-2.3818419936950157,2.7315911215028237,PFM-1 (Butterfly)
-1.667221925648848,-0.9434546751674586,PMA-2 (Starfish)
-2.087927238115425,1.5066952760241312,PFM-1 (Butterfly)
-1.5616263977407305,-0.5260517195952743,PMA-2 (Starfish)
-1.3182710673771663,-0.7548292089556049,PMA-2 (Starfish)
-1.5827504937047732,-0.870225599509313,PMA-2 (Starfish)
-0.9112884374477521,-0.788710054414301,PMA-2 (Starfish)
-0.8896758015951943,-0.8331093525503344,PMA-2 (Starfish)
-1.1356225505579391,-0.8379704887063945,PMA-2 (Starfish)
-1.156448235697414,-0.9152931333612742,PMA-2 (Starfish)
-1.2541923563455764,-0.7028332484349786,PMA-2 (Starfish)
-1.3647716027208354,-0.7778264059099721,PMA-2 (Starfish)
-1.3276341681725559,-0.8921546784059351,PMA-2 (Starfish)
-1.3828538683188025,-0.8425020367649299,PMA-2 (Starfish)
-0.8222931414124571,-0.8115248739799508,PMA-2 (Starfish)
-1.368322004619685,-0.803547516074993,PMA-2 (Starfish)
-1.4275727207606943,-0.894547919563994,PMA-2 (Starfish)
-2.062167260434321,2.4192315872650916,PFM-1 (Butterfly)
-1.4679730127054536,-0.9517660873826235,PMA-2 (Starfish)
-2.149896970899235,2.5807978118192128,PFM-1 (Butterfly)
-1.5336604292422702,-0.9133577630610951,PMA-2 (Starfish)
-2.344042537926102,2.874070053811347,PFM-1 (Butterfly)
-1.6705631183643455,-0.9074904000239578,PMA-2 (Starfish)
-2.5051044575073984,3.176691813854349,PFM-1 (Butterfly)
-1.7548475267586392,-0.8715134256682616,PMA-2 (Starfish)
-2.666100439073182,3.2180321405006413,PFM-1 (Butterfly)
-1.6705722004999108,-0.9986876811663834,PMA-2 (Starfish)
-2.499954900957787,2.9220224600247175,PFM-1 (Butterfly)
-1.6876779578093204,-0.909344647552706,PMA-2 (Starfish)
-2.720782111247255,3.7690992410971167,PFM-1 (Butterfly)
-1.6786048550322268,-0.789318720725165,PMA-2 (Starfish)
-2.4601519995152703,2.774094793472707,PFM-1 (Butterfly)
-1.628449730984652,-0.887546118518145,PMA-2 (Starfish)
-2.5419914661173357,3.147991767582587,PFM-1 (Butterfly)
-0.7810800000174791,-0.7469781655741311,PMA-2 (Starfish)
-1.607692962112663,-0.8886761372437831,PMA-2 (Starfish)
-2.4864176043536412,2.819544579840255,PFM-1 (Butterfly)
-1.639700816428786,-0.810873474177363,PMA-2 (Starfish)
-2.4302612926435105,2.74520705068756,PFM-1 (Butterfly)
-1.600169743462818,-0.8974815025704151,PMA-2 (Starfish)
-2.485256690256155,2.997243748571012,PFM-1 (Butterfly)
-1.5757120664829949,-0.9123553966755883,PMA-2 (Starfish)
-2.3677026171418096,2.6361503785472413,PFM-1 (Butterfly)
-1.595709607337444,-0.9266935345165674,PMA-2 (Starfish)
-2.630577704183356,3.7057793497948692,PFM-1 (Butterfly)
-1.5934820691888605,-0.861646191299261,PMA-2 (Starfish)
-2.2806824152113303,2.311256874742234,PFM-1 (Butterfly)
-1.5619882156051612,-0.8889801152118383,PMA-2 (Starfish)
-2.3796562471083496,2.6912587583656826,PFM-1 (Butterfly)
-1.550032359622394,-0.8373130943683313,PMA-2 (Starfish)
-2.386898305098631,2.8877564575288788,PFM-1 (Butterfly)
-1.5303857612598062,-0.8824737866360387,PMA-2 (Starfish)
-2.4598201442748753,3.1723790897719035,PFM-1 (Butterfly)
-1.558242711934672,-0.7309632214680297,PMA-2 (Starfish)
-2.4036249359031294,2.921581679812958,PFM-1 (Butterfly)
-0.7578867951850319,-0.7955231582464227,PMA-2 (Starfish)
-1.5157126934259906,-0.8522200895901869,PMA-2 (Starfish)
-2.442575240538527,3.0898160983802816,PFM-1 (Butterfly)
-1.5112783810632726,-0.7210945129966934,PMA-2 (Starfish)
-2.5301910830574514,3.5214734619100656,PFM-1 (Butterfly)
-1.4988769794937058,-0.8120099768254487,PMA-2 (Starfish)
-2.5116182234209843,3.4691160966973205,PFM-1 (Butterfly)
-1.4863312914612279,-0.6364180300282276,PMA-2 (Starfish)
-2.6133007758454436,3.8426991848597445,PFM-1 (Butterfly)
-1.508482223505502,-0.8350162004679318,PMA-2 (Starfish)
-2.5312344566115486,3.5574593500752987,PFM-1 (Butterfly)
-1.4679597614208697,-0.743419274051859,PMA-2 (Starfish)
-2.690359061686451,4.6027077800285605,PFM-1 (Butterfly)
-1.4257113980663247,-0.8568864970761655,PMA-2 (Starfish)
-2.1518281298205846,2.2921150964415666,PFM-1 (Butterfly)
-1.440073459385238,-0.761289645747146,PMA-2 (Starfish)
-2.4868000694712773,3.9254539971046194,PFM-1 (Butterfly)
-1.4451537806667296,-0.8058209019918517,PMA-2 (Starfish)
-2.4047728804257447,3.203240520681033,PFM-1 (Butterfly)
-1.4199557866710957,-0.6590539764530747,PMA-2 (Starfish)
-2.31352929966048,2.943679738288899,PFM-1 (Butterfly)
-0.6514679748167944,-0.8020168915470904,PMA-2 (Starfish)
-1.385443652612362,-0.7672401819046061,PMA-2 (Starfish)
-2.2189759875452824,2.6902772331105593,PFM-1 (Butterfly)
-1.3536961437318753,-0.6825663842073606,PMA-2 (Starfish)
-2.280088871134998,2.7836517327247434,PFM-1 (Butterfly)
-1.334346426083119,-0.8839856886675634,PMA-2 (Starfish)
-2.3460542368197617,3.0207783141687417,PFM-1 (Butterfly)
-1.333475386714931,-0.784417066053259,PMA-2 (Starfish)
-2.2038307361482614,2.740991537505616,PFM-1 (Butterfly)
-1.3230751016047795,-0.8302550615627198,PMA-2 (Starfish)
-2.356842155274134,3.197307413581413,PFM-1 (Butterfly)
-1.2737804430498632,-0.7121357013738339,PMA-2 (Starfish)
-2.1433467579580228,2.510092109034997,PFM-1 (Butterfly)
-1.2628027646504065,-0.8422251080073284,PMA-2 (Starfish)
-2.2341280264566263,2.9492997933784366,PFM-1 (Butterfly)
-1.2139964511219143,-0.7214879794520418,PMA-2 (Starfish)
-2.3234165273201914,3.499548955121367,PFM-1 (Butterfly)
-1.1365319080631562,-0.6275294592920092,PMA-2 (Starfish)
-2.1107004074576423,2.575606433535601,PFM-1 (Butterfly)
-1.1273781907541853,-0.5981612284842619,PMA-2 (Starfish)
-1.9364751949854841,1.8880120100531947,PFM-1 (Butterfly)
-0.635323028711669,-0.7631568217190431,PMA-2 (Starfish)
-1.1441358452791868,-0.7414207967265827,PMA-2 (Starfish)
-2.1722524543969888,2.9705864842392726,PFM-1 (Butterfly)
-1.0324849351471672,-0.6901943904275741,PMA-2 (Starfish)
-2.1883656672538034,3.0337931019998408,PFM-1 (Butterfly)
-1.0632679202735977,-0.7415110868239194,PMA-2 (Starfish)
-2.2157624401326705,3.2035941290119525,PFM-1 (Butterfly)
-0.9957086923594988,-0.5981437611199574,PMA-2 (Starfish)
-2.0378838744779775,2.4707087151890206,PFM-1 (Butterfly)
-0.9232187038568153,-0.6326853316324935,PMA-2 (Starfish)
-2.404366137762312,3.8629473401175054,PFM-1 (Butterfly)
-0.9707557297792312,-0.47945336021465584,PMA-2 (Starfish)
-2.368331113240486,3.5083785969236048,PFM-1 (Butterfly)
-0.9054812141038342,-0.649400920622383,PMA-2 (Starfish)
-2.5279861143122258,4.078772962485664,PFM-1 (Butterfly)
-0.8442385377398406,-0.6516068204743619,PMA-2 (Starfish)
-2.400840503440131,3.4001299441758617,PFM-1 (Butterfly)
-0.7172902117202582,-0.6335294471653525,PMA-2 (Starfish)
-2.319143046759886,3.5560794417637918,PFM-1 (Butterfly)
-0.6587300649073289,-0.5428930337955736,PMA-2 (Starfish)
-2.249653295691352,3.2248706732613828,PFM-1 (Butterfly)
-0.5919196395641313,-0.7445025141820705,PMA-2 (Starfish)
-0.4727730858647578,-0.4977005281986078,PMA-2 (Starfish)
-2.344526705418309,4.016976601656832,PFM-1 (Butterfly)
-0.3223679300066542,-0.46589145452153063,PMA-2 (Starfish)
-2.227685207846268,3.567354413968165,PFM-1 (Butterfly)
-0.27053430209006046,-0.432153176155653,PMA-2 (Starfish)
-2.0535094499214823,3.051977170527626,PFM-1 (Butterfly)
-0.4232677625388521,-1.1720654901108742,PMA-2 (Starfish)
-2.0763294055117,3.227583497826687,PFM-1 (Butterfly)
-0.7224011732842607,-1.2642591784823531,PMA-2 (Starfish)
-2.080478047449912,3.4894523526670693,PFM-1 (Butterfly)
-0.9949992486970041,-1.739060133773051,PMA-2 (Starfish)
-2.001388129168913,3.3071050973422533,PFM-1 (Butterfly)
-2.107315324697254,3.711330200372974,PFM-1 (Butterfly)
-2.189089138636213,4.029591735145687,PFM-1 (Butterfly)
-1.7289171449024912,2.426339361438244,PFM-1 (Butterfly)
-1.6415028857913336,2.1567850475177366,PFM-1 (Butterfly)
-0.553582644789575,-0.72957579121765,PMA-2 (Starfish)
-1.512719176299158,1.9562332536994902,PFM-1 (Butterfly)
-1.55807912028605,2.2209593033485775,PFM-1 (Butterfly)
-1.539350620437984,2.3050908091553115,PFM-1 (Butterfly)
-1.5015680918921797,2.396912663260046,PFM-1 (Butterfly)
-1.2303389082352563,1.814149410124296,PFM-1 (Butterfly)
-1.2566251270782534,1.8764048715269588,PFM-1 (Butterfly)
-1.1681858847336082,1.8225492072944798,PFM-1 (Butterfly)
-1.2077500362076194,1.9678526650264292,PFM-1 (Butterfly)
-1.0280257840346407,1.8538308767922826,PFM-1 (Butterfly)
-0.9964902785629141,2.1368003326318465,PFM-1 (Butterfly)
-0.44647378462451476,-0.6778211104233504,PMA-2 (Starfish)
-0.9219513720268413,2.354242644141908,PFM-1 (Butterfly)
-0.660027161681122,1.9807092312942272,PFM-1 (Butterfly)
-0.5197187144006441,1.8242944058330228,PFM-1 (Butterfly)
-0.4447710486110848,2.0074421485948823,PFM-1 (Butterfly)
-0.28379777622576946,2.101889023858046,PFM-1 (Butterfly)
-0.07857610033353571,2.0574659178548136,PFM-1 (Butterfly)
0.28813157537813444,1.8486035845909392,PFM-1 (Butterfly)
0.4397639358473623,1.9661029773523262,PFM-1 (Butterfly)
0.9382647393893727,1.9833905441260968,PFM-1 (Butterfly)
1.244032836345936,1.9452716232260214,PFM-1 (Butterfly)
-1.552321490332772,-0.8952554737777275,PMA-2 (Starfish)
-0.4086115164422076,-0.7067960974718626,PMA-2 (Starfish)
1.6099253426091544,2.00935383962024,PFM-1 (Butterfly)
1.8082292190920226,2.263897503581729,PFM-1 (Butterfly)
1.731862772085188,1.1468546831647635,PFM-1 (Butterfly)
2.4112204911552744,1.7520281642300315,PFM-1 (Butterfly)
2.090311520217943,1.2357035877783562,PFM-1 (Butterfly)
1.2719861520100504,0.40139252868988967,PFM-1 (Butterfly)
-0.34849113806624854,-0.7436597108545617,PMA-2 (Starfish)
-0.23734138921696735,-0.6075371766661328,PMA-2 (Starfish)
-0.2681086710708803,-0.5905463041190095,PMA-2 (Starfish)
-0.16382223645507996,-0.6846382680423176,PMA-2 (Starfish)
-0.0654303888476789,-0.6270409722179937,PMA-2 (Starfish)
0.07939358682481239,-0.5537059111950255,PMA-2 (Starfish)
0.3385399123954333,-0.5342965139599682,PMA-2 (Starfish)
0.6208021111294421,-0.4572658346797546,PMA-2 (Starfish)
0.7514808416193262,-0.41637366245042556,PMA-2 (Starfish)
-1.554461953522064,-0.9082018245269311,PMA-2 (Starfish)
0.6458625935202127,-0.893279480192995,PMA-2 (Starfish)
0.36671197126037136,-1.1101173867573113,PMA-2 (Starfish)
-0.06684394547412117,-1.7030231590200198,PMA-2 (Starfish)
-1.5156055927236474,-0.9420627126908384,PMA-2 (Starfish)
-1.6368605201440574,0.007446891527258039,PFM-1 (Butterfly)
-1.6489832348395836,-0.14699025482598915,PFM-1 (Butterfly)
-1.5298227744625124,-0.9783712984805245,PMA-2 (Starfish)
-1.6952278063515318,-0.3729527364890041,PFM-1 (Butterfly)
-1.5247942218185955,-0.9610837999614298,PMA-2 (Starfish)
-1.5124453313339261,-0.9760319383703958,PMA-2 (Starfish)
-2.1198203366976758,0.44355871653631923,PFM-1 (Butterfly)
1.82909210017027,-0.35344868756284853,PMA-2 (Starfish)
2.0621638691515014,-0.2706319364901314,PMA-2 (Starfish)
2.495184971063302,-0.1661145865451448,PMA-2 (Starfish)
2.7133069681091153,-0.1007487926068164,PMA-2 (Starfish)
-2.0471067022845744,0.8210927415507514,PFM-1 (Butterfly)
-1.8485964755819906,0.2951616074510916,PFM-1 (Butterfly)
-1.6725418609574745,0.4498066222118187,PFM-1 (Butterfly)
-1.623070473601455,0.3650237458789843,PFM-1 (Butterfly)
-1.4949590548685923,0.40991833024510693,PFM-1 (Butterfly)
-1.2552189361353943,0.1075275859383461,PFM-1 (Butterfly)
-1.2629386758480439,0.22984392502699363,PFM-1 (Butterfly)
-1.058807265306697,0.11301593577066436,PFM-1 (Butterfly)
-1.0000456459490408,-0.0839503906691561,PFM-1 (Butterfly)
-0.9899150163485062,0.27780076317473923,PFM-1 (Butterfly)
-1.9031807820779094,-0.7176110761153527,PMA-2 (Starfish)
-1.8619158636661428,-0.6417143179972802,PMA-2 (Starfish)
-1.663180674902,-0.7986691496078826,PMA-2 (Starfish)
-1.6420325147864567,-0.6067125202318021,PMA-2 (Starfish)
-1.5009520078846927,-0.6057451730532166,PMA-2 (Starfish)
-1.3730527182478982,-0.4927511251981615,PMA-2 (Starfish)
-1.0912631607902286,-0.6078331606979263,PMA-2 (Starfish)
-0.8174359644441241,0.12786415153903863,PFM-1 (Butterfly)
-0.919120208806186,-0.5117196716702191,PMA-2 (Starfish)
-0.7719076996541342,-0.5476055638466808,PMA-2 (Starfish)
-0.6508701556496248,-0.5146255162935772,PMA-2 (Starfish)
-0.3691659879628513,-0.5547502646635218,PMA-2 (Starfish)
-0.10112284215739493,-0.43451724707647477,PMA-2 (Starfish)
0.007074901539957663,-0.28785236641683654,PMA-2 (Starfish)
0.2607027374492562,-0.3535680280108439,PMA-2 (Starfish)
0.4934759830789871,-0.24220305235100795,PMA-2 (Starfish)
0.8293371819168912,-0.11150468806044693,PMA-2 (Starfish)
1.3857787706771414,-0.1749280631561156,PMA-2 (Starfish)
-0.5975705593445598,0.0480198914258426,PFM-1 (Butterfly)
1.7962975252023583,-0.09443623246167229,PMA-2 (Starfish)
2.146953156504443,-0.042455338281380116,PMA-2 (Starfish)
2.765187243827214,0.005841233812680676,PMA-2 (Starfish)
3.545770243028279,0.05717452190050038,PMA-2 (Starfish)
-0.5037241605220735,0.0756734388821172,PFM-1 (Butterfly)
-0.24850452757163394,0.09248850387241282,PFM-1 (Butterfly)
-0.16541149883573408,-0.038456062236239326,PFM-1 (Butterfly)
-2.259543676378874,-0.34126666800047034,PFM-1 (Butterfly)
-2.229035970364236,-0.4145303579726753,PFM-1 (Butterfly)
-1.9869330130760332,-0.45164560194684145,PFM-1 (Butterfly)
-1.94513342864313,-0.3239903441782841,PFM-1 (Butterfly)
-1.8598489798203195,-0.38892173895174165,PFM-1 (Butterfly)
-1.875220333654441,-0.33453883552151464,PFM-1 (Butterfly)
-1.6831331961933693,-0.4061788092347297,PFM-1 (Butterfly)
-1.6346235600806291,-0.32857254352792786,PFM-1 (Butterfly)
-1.4877521939635878,-0.5367777993797521,PFM-1 (Butterfly)
-1.3898230865885612,-0.5134520268849178,PFM-1 (Butterfly)
0.061210227924681615,-0.12455388305855757,PFM-1 (Butterfly)
-1.3265565003435582,-0.6193363773520616,PFM-1 (Butterfly)
-1.1803049843735933,-0.7175367223591431,PFM-1 (Butterfly)
-1.0235570143762256,-0.6946464089091027,PFM-1 (Butterfly)
-0.8717057317750136,-0.6029332546536026,PFM-1 (Butterfly)
-0.6006013149161491,-0.6871459070049633,PFM-1 (Butterfly)
-0.3703273344876401,-0.7271303963304149,PFM-1 (Butterfly)
-0.05342629301326709,-0.6484416399160662,PFM-1 (Butterfly)
0.18122813096760115,-0.7547255145364208,PFM-1 (Butterfly)
0.30902262488426824,-0.7543813082735755,PFM-1 (Butterfly)
0.6195037575863788,-0.7860955297383204,PFM-1 (Butterfly)
0.2556207837472519,-0.19822262686114184,PFM-1 (Butterfly)
1.0137174368641109,-0.8327367436352322,PFM-1 (Butterfly)
1.374160349027424,-0.8757548574530627,PFM-1 (Butterfly)
1.8257100354280886,-0.8339608239295199,PFM-1 (Butterfly)
2.403314491093003,-0.8389936784013085,PFM-1 (Butterfly)
2.8329852708208705,-0.813329072817244,PFM-1 (Butterfly)
3.177801607558315,-0.8308675190257767,PFM-1 (Butterfly)
3.502750158178299,-0.9632745673517918,PFM-1 (Butterfly)
3.693469279507187,-0.6733322531402121,PFM-1 (Butterfly)
3.3308544752852036,-0.4136081723591687,PFM-1 (Butterfly)
1.865744585421044,-0.48228783630013117,PFM-1 (Butterfly)
0.3704824765817868,-0.2511328873546343,PFM-1 (Butterfly)
0.5626717817914622,-0.28435822428250923,PFM-1 (Butterfly)
-2.5122839385033666,-0.07841515401691858,PFM-1 (Butterfly)
0.8070131969753251,-0.216282614280129,PFM-1 (Butterfly)
0.9790411130010529,-0.29978276886285704,PFM-1 (Butterfly)
1.4222672606971039,-0.3498693273257684,PFM-1 (Butterfly)
-2.225250905303427,0.06521379436717989,PFM-1 (Butterfly)
-2.133232104570943,0.8705771617938453,PFM-1 (Butterfly)
-2.2070735926223106,0.46058662845459025,PFM-1 (Butterfly)
1.704973170713229,-0.5481719696997999,PFM-1 (Butterfly)
-2.1292627970175033,0.05936294205328236,PFM-1 (Butterfly)
-2.699517278626833,2.039092384127882,PFM-1 (Butterfly)
-1.887871740991177,-0.0006478278146515104,PFM-1 (Butterfly)
-1.5449916471017033,-0.1811448062950614,PFM-1 (Butterfly)
-1.341394891860768,-0.23182716693177674,PFM-1 (Butterfly)
-1.391624905889439,0.052110028687409056,PFM-1 (Butterfly)
-1.1708739077160615,-0.3457531221114696,PFM-1 (Butterfly)
-1.1009777283034725,-0.2732154544082316,PFM-1 (Butterfly)
-0.9382966666466953,-0.2540536687237657,PFM-1 (Butterfly)
1.9743680414305154,-0.8182967429271907,PFM-1 (Butterfly)
-0.9151882580418871,-0.33744610077146214,PFM-1 (Butterfly)
-0.8639949978392228,-0.23284716523399032,PFM-1 (Butterfly)
-0.7726675858570867,-0.2720495437119259,PFM-1 (Butterfly)
-0.5592811081380422,-0.4049878136904062,PFM-1 (Butterfly)
-0.39660871281384996,-0.3858126950527646,PFM-1 (Butterfly)
-0.3240918910396467,-0.3833198060277444,PFM-1 (Butterfly)
-0.2310106270244751,-0.5008075425478083,PFM-1 (Butterfly)
-0.08417177571530271,-0.5530410037300286,PFM-1 (Butterfly)
0.08643753690017873,-0.5822871478002136,PFM-1 (Butterfly)
0.3104033324429861,-0.5862658920082402,PFM-1 (Butterfly)
2.2446187600164995,-0.7736591972383664,PFM-1 (Butterfly)
0.44166928015792356,-0.7348637740935291,PFM-1 (Butterfly)
0.8047732884853304,-0.6813696007008192,PFM-1 (Butterfly)
1.0627494667944093,-0.8400587355717957,PFM-1 (Butterfly)
1.520565995568445,-0.8670121739807453,PFM-1 (Butterfly)
2.041773285850064,-1.0076985299822925,PFM-1 (Butterfly)
2.6805713469190366,-0.9418486102790095,PFM-1 (Butterfly)
3.3891518428746394,-0.9017270720114258,PFM-1 (Butterfly)
4.290412072067934,-0.7899243534594902,PFM-1 (Butterfly)
2.2097209481579547,-0.14046298663557977,PFM-1 (Butterfly)
2.4344334828432403,-0.8760581890685042,PFM-1 (Butterfly)
3.22279221842658,-0.8773848390281433,PFM-1 (Butterfly)
3.923950472229153,-0.8782287035638502,PFM-1 (Butterfly)
-1.9216130970314294,-1.4346469743756236,PMA-2 (Starfish)
-1.7909188376934289,-1.1189051559642196,PMA-2 (Starfish)
-1.6519082479106046,-1.214966951481806,PMA-2 (Starfish)
-1.3963904816972785,-1.2187787121381253,PMA-2 (Starfish)
-1.3001235157436033,-1.1482549761800804,PMA-2 (Starfish)
-1.2282373681834686,-1.0336997978740026,PMA-2 (Starfish)
-1.1390733111932316,-1.1197835850851507,PMA-2 (Starfish)
-1.0755841765333507,-1.1326797986815802,PMA-2 (Starfish)
-0.848591145616913,-1.007887853464654,PMA-2 (Starfish)
2.3275457492094582,-0.5943011585214669,PFM-1 (Butterfly)
-0.6760663619972516,-1.093041245739221,PMA-2 (Starfish)
-0.49412089639636475,-0.8135788662868173,PMA-2 (Starfish)
-0.2675684912406289,-0.8696196048308057,PMA-2 (Starfish)
-0.1051239358494884,-0.7622258246454088,PMA-2 (Starfish)
0.26701187298458257,-0.6430294741811174,PMA-2 (Starfish)
0.4503245331941797,-0.5109011255765344,PMA-2 (Starfish)
0.5354389125370969,-0.41750872866067645,PMA-2 (Starfish)
0.8291213626752666,-0.5037202154960665,PMA-2 (Starfish)
0.95952815588714,-0.3167134898123253,PMA-2 (Starfish)
1.1720847513455694,-0.2747251590019681,PMA-2 (Starfish)
-2.453285921634302,-0.4470669708449697,PFM-1 (Butterfly)
1.27553793112594,-0.23015323626161138,PMA-2 (Starfish)
1.4223712025429427,-0.22566936127730888,PMA-2 (Starfish)
1.3827643032182722,-0.2776913639396597,PMA-2 (Starfish)
1.34193281240315,-0.2004388777052643,PMA-2 (Starfish)
1.2236806702782452,-0.3693822794872846,PMA-2 (Starfish)
1.3773122344291329,-0.3418244587947973,PMA-2 (Starfish)
1.3639965769516147,-0.31712989700019556,PMA-2 (Starfish)
1.3108946314145515,-0.3416769183983764,PMA-2 (Starfish)
1.2001068761212728,-0.39557059677761053,PMA-2 (Starfish)
1.0965538234504872,-0.006237933818442743,PMA-2 (Starfish)
0.7560473540456771,-0.9592173187121228,PMA-2 (Starfish)
0.8149323381789172,-0.5068747830475384,PMA-2 (Starfish)
0.8817806228538194,-0.4342802861697681,PMA-2 (Starfish)
1.0315699059319896,-0.4698966796038406,PMA-2 (Starfish)
0.9042695274517123,-0.40568470910790955,PMA-2 (Starfish)
0.9352705717397966,-0.47018403765172806,PMA-2 (Starfish)
0.9372216250802085,-0.4486293929880028,PMA-2 (Starfish)
0.896103807022516,-0.5174873806512964,PMA-2 (Starfish)
0.9220653049539655,-0.5583652868031921,PMA-2 (Starfish)
0.9726071748214705,-0.41101976356279274,PMA-2 (Starfish)
1.3459795851388208,-0.2891034153906444,PMA-2 (Starfish)
1.6263918573277727,-0.7357175554684361,PMA-2 (Starfish)
-0.3611445524751535,-1.2969740834126935,PMA-2 (Starfish)
-0.3361354200149042,-0.42246634012913675,PMA-2 (Starfish)
-0.32147454484568105,-0.4530189635666352,PMA-2 (Starfish)
-0.44490316249678136,-0.2774157651755617,PMA-2 (Starfish)
-0.2771028170682016,-0.37759674706874363,PMA-2 (Starfish)
-0.22971953581526688,-0.3344006084797512,PMA-2 (Starfish)
-0.14741157119367013,-0.2840260111884915,PMA-2 (Starfish)
0.0023901041278239,-0.4066155175735735,PMA-2 (Starfish)
0.06560516726531318,-0.33400328089038983,PMA-2 (Starfish)
0.4583684252058861,-0.3050849655177118,PMA-2 (Starfish)
0.7606575485936881,-0.22675954924428238,PMA-2 (Starfish)
0.9253442718033809,-0.27295017636457697,PMA-2 (Starfish)
1.2134890192288061,-0.29476651242019813,PMA-2 (Starfish)
1.5132384149447415,-0.21657082529888064,PMA-2 (Starfish)
1.8293512055514742,-0.1756028023733387,PMA-2 (Starfish)
1.9940586515373702,-0.10608661246615596,PMA-2 (Starfish)
2.5914055042334487,-0.16654856069441976,PMA-2 (Starfish)
2.8037774545076473,-0.03024362844301101,PMA-2 (Starfish)
3.410006180986759,0.06577158369681821,PMA-2 (Starfish)
0.8945039970603922,2.797783141846395,PMA-2 (Starfish)
0.8675811365034944,3.0799468105822294,PMA-2 (Starfish)
-2.6253837747811124,0.7046430343154992,PFM-1 (Butterfly)
-2.26246771343496,1.8797015498909035,PFM-1 (Butterfly)
-2.0168072771479397,1.5780826095784288,PFM-1 (Butterfly)
-2.276334862209853,2.7633065811351067,PFM-1 (Butterfly)
-1.9265453797734509,1.7945394864201785,PFM-1 (Butterfly)
-1.6750458655416982,1.5392707434265183,PFM-1 (Butterfly)
-1.5382696431888543,1.7673608869378972,PFM-1 (Butterfly)
-1.3972514539757446,1.7513558210926703,PFM-1 (Butterfly)
-1.0870390169508635,1.2846158193119264,PFM-1 (Butterfly)
-1.1298440405514707,1.6565291294398385,PFM-1 (Butterfly)
-0.7269932525778063,1.3238159300427366,PFM-1 (Butterfly)
-0.6569809085364976,1.8670972239325274,PFM-1 (Butterfly)
-0.03170343546536728,1.1669431801388201,PFM-1 (Butterfly)
-0.009795080496802474,1.5647586828057114,PFM-1 (Butterfly)
0.38226314230436237,1.4389213895547763,PFM-1 (Butterfly)
0.7017436848077864,1.5287208376887758,PFM-1 (Butterfly)
0.9433082890595038,1.624809152018634,PFM-1 (Butterfly)
1.25444575847938,1.623016667447329,PFM-1 (Butterfly)
1.8212066751337663,1.419171720716932,PFM-1 (Butterfly)
2.496874655418677,1.2350830373530453,PFM-1 (Butterfly)
3.3743522279186857,1.1395318934121241,PFM-1 (Butterfly)
2.6540797445126505,1.9765893283293712,PFM-1 (Butterfly)
-2.4858820691688246,0.665173286627302,PFM-1 (Butterfly)
-2.5794539366717877,1.0504257372856753,PFM-1 (Butterfly)
-2.478717844375806,0.7670525182137186,PFM-1 (Butterfly)
-2.4428855205492424,0.5613220724063109,PFM-1 (Butterfly)
-2.2785185990531356,0.4677139121986048,PFM-1 (Butterfly)
-2.2135957805731885,0.8326898731784116,PFM-1 (Butterfly)
-2.0486519502448166,0.6560297189360872,PFM-1 (Butterfly)
-2.1342813386518302,1.0093479803914924,PFM-1 (Butterfly)
-2.0781923847899186,0.6368789153300678,PFM-1 (Butterfly)
-1.9588537915221231,0.3419219371145237,PFM-1 (Butterfly)
-1.8440590212813852,0.2804493774561157,PFM-1 (Butterfly)
-1.8321697546793276,0.41737316141763303,PFM-1 (Butterfly)
-1.8248104886147198,0.5014097706516478,PFM-1 (Butterfly)
-1.6926353111975179,0.3018182295756838,PFM-1 (Butterfly)
-1.5882926148261571,0.27675380089375956,PFM-1 (Butterfly)
-1.5358896124981052,0.30628848504807343,PFM-1 (Butterfly)
-1.3432704025481916,0.2040805509615036,PFM-1 (Butterfly)
-1.3412926657602244,0.5525563778591992,PFM-1 (Butterfly)
-1.1661478650604937,0.22308593391694984,PFM-1 (Butterfly)
-1.0489612851060426,0.26268753760607444,PFM-1 (Butterfly)
-0.8219059813011785,0.19258351852448083,PFM-1 (Butterfly)
-0.49104194339375484,0.09772415393829459,PFM-1 (Butterfly)
-0.20097272378242192,0.028687401779171184,PFM-1 (Butterfly)
0.05164900394424058,-0.05587871453309574,PFM-1 (Butterfly)
0.3525119130444968,-0.4400161229703573,PFM-1 (Butterfly)
-2.292994788443984,0.048226269395400576,PFM-1 (Butterfly)
0.6934649108841761,-0.4557693283211343,PFM-1 (Butterfly)
0.7062658439459041,-0.4017976720386741,PFM-1 (Butterfly)
1.023496585673516,-0.5201669182895508,PFM-1 (Butterfly)
1.3071713111869188,-0.609399537766023,PFM-1 (Butterfly)
1.6657207303504706,-0.7045299747464274,PFM-1 (Butterfly)
1.7959939361073287,-0.9084912222767074,PFM-1 (Butterfly)
2.023808068629767,-1.0872423310044084,PFM-1 (Butterfly)
2.55351503355177,-0.9772796681138856,PFM-1 (Butterfly)
3.6390842293940913,-0.8021975700337751,PFM-1 (Butterfly)
2.1430773530440854,0.022722474999585664,PFM-1 (Butterfly)
-2.1045481799287,-1.5519491586345624,PMA-2 (Starfish)
-1.9527992780329728,-1.1767731994433173,PMA-2 (Starfish)
-1.6360062076189281,-1.1284776633606606,PMA-2 (Starfish)
-1.4520281356280713,-1.1093782201253912,PMA-2 (Starfish)
-1.3491257191676127,-1.109656943730071,PMA-2 (Starfish)
-1.2667586826088137,-1.1049898254306927,PMA-2 (Starfish)
-1.1368967464751993,-1.1090852223817593,PMA-2 (Starfish)
-0.892957643404324,-1.1464698655361372,PMA-2 (Starfish)
-0.7083035310372743,-1.0584740796072383,PMA-2 (Starfish)
-0.49583054373390817,-0.8962166299465727,PMA-2 (Starfish)
-0.3470559961568138,-0.9161151297853797,PMA-2 (Starfish)
-0.19333803909977634,-0.781289692474371,PMA-2 (Starfish)
0.03787722544132453,-0.8151591741971156,PMA-2 (Starfish)
0.20439106799547088,-0.6903087422687891,PMA-2 (Starfish)
0.2261938979176747,-0.6260249187164972,PMA-2 (Starfish)
0.22646975019219057,-0.6097273329461572,PMA-2 (Starfish)
0.15706684033052606,-0.5835811423672363,PMA-2 (Starfish)
0.2609012342038563,-0.285876606391242,PMA-2 (Starfish)
0.6292360608446407,-0.356828734972231,PMA-2 (Starfish)
0.764114197372403,-0.47008052697012703,PMA-2 (Starfish)
0.8372282947683313,-0.40120887514087616,PMA-2 (Starfish)
0.8537690148985132,-0.3228604140969607,PMA-2 (Starfish)
0.9836877796303073,-0.37969623643319494,PMA-2 (Starfish)
1.3010312448435617,-0.31653673401303656,PMA-2 (Starfish)
1.6603328423892196,-0.2750211032566822,PMA-2 (Starfish)
1.97948391723475,-0.28388612443626837,PMA-2 (Starfish)
2.4779963831503835,-0.3197961593225145,PMA-2 (Starfish)
2.753892825646712,-0.18139688434003917,PMA-2 (Starfish)
-1.8979366475010888,-1.2811126326726714,PMA-2 (Starfish)
-1.805391164884175,-1.26693080436271,PMA-2 (Starfish)
-2.1422008952238096,-0.18361038308836294,PFM-1 (Butterfly)
-1.6373059074739642,-1.2644459534437433,PMA-2 (Starfish)
-2.001891795262747,-0.702319606906268,PMA-2 (Starfish)
-1.8928790994125277,-0.6037378115510512,PMA-2 (Starfish)
-1.7517775863157339,-0.6689559701898822,PMA-2 (Starfish)
-1.6896886664347115,-0.7487294293249537,PMA-2 (Starfish)
-1.5476185413786543,-0.7178905302876806,PMA-2 (Starfish)
-1.503006216737614,-0.6178129769365208,PMA-2 (Starfish)
-1.4895850707439184,-1.1061618479702309,PMA-2 (Starfish)
-1.4622464609600905,-0.7461091823241023,PMA-2 (Starfish)
-1.3376711421549392,-0.6120985487267213,PMA-2 (Starfish)
-1.2214804107316535,-0.5680441303135197,PMA-2 (Starfish)
-1.1097423641268485,-0.6126056865341376,PMA-2 (Starfish)
-1.1270762929959177,-0.5512316500084475,PMA-2 (Starfish)
-1.1608734721129816,-0.6477498802856826,PMA-2 (Starfish)
-1.097653121559842,-0.4663789847100877,PMA-2 (Starfish)
-0.837886469298315,-0.5235128443564337,PMA-2 (Starfish)
-0.6790443593537145,-0.5197346087191003,PMA-2 (Starfish)
-0.6979484833934284,-0.36027889134286334,PMA-2 (Starfish)
-1.488653147004281,-1.1902831940620362,PMA-2 (Starfish)
-0.4938008546425137,-0.254143930922961,PMA-2 (Starfish)
-0.18627519964200864,-0.25493190134347826,PMA-2 (Starfish)
0.09717107633156452,-0.25884553324718435,PMA-2 (Starfish)
0.4320814167168248,-0.2721034126156125,PMA-2 (Starfish)
0.8258005614099448,-0.22817928729196182,PMA-2 (Starfish)
1.330644838917499,-0.18626035891670084,PMA-2 (Starfish)
2.3469579481899245,-0.1479662206729014,PMA-2 (Starfish)
-1.3377175316345842,-1.2344363401385565,PMA-2 (Starfish)
-1.271128733297375,-1.229497550015083,PMA-2 (Starfish)
-1.2097398548833347,-1.1918682431506604,PMA-2 (Starfish)
-1.1608222865159334,-1.1493527158727839,PMA-2 (Starfish)
-1.1076823693287285,-1.1422750528792909,PMA-2 (Starfish)
-1.087699710748875,-1.138437124241052,PMA-2 (Starfish)
-1.0402577496672396,-1.0578290656388571,PMA-2 (Starfish)
-2.2921462924035,0.6079371044957342,PFM-1 (Butterfly)
-0.963719348343326,-1.027020850543803,PMA-2 (Starfish)
-0.8292770298555182,-1.1421119624513196,PMA-2 (Starfish)
-0.7731698454410206,-0.9358765261495626,PMA-2 (Starfish)
-0.7892019062313564,-0.9917278487465271,PMA-2 (Starfish)
-0.7193155802519243,-1.0317942609757549,PMA-2 (Starfish)
-0.5710607977273102,-0.872907862100605,PMA-2 (Starfish)
-0.4831153620052202,-1.0648149980625121,PMA-2 (Starfish)
-0.26872950449638344,-0.9452209413897119,PMA-2 (Starfish)
-0.04146117954627561,-0.8513647482093809,PMA-2 (Starfish)
0.07799110273229364,-0.6013314473856289,PMA-2 (Starfish)
-2.0808657442512004,0.37370569798942666,PFM-1 (Butterfly)
0.06286547267871569,-0.6484159821961105,PMA-2 (Starfish)
0.14514563329613908,-0.6036556287298442,PMA-2 (Starfish)
0.3427291586304127,-0.535474252756769,PMA-2 (Starfish)
0.5339139184801674,-0.5071087894684411,PMA-2 (Starfish)
0.6543712816113187,-0.5184441504894387,PMA-2 (Starfish)
0.9585716952771147,-0.5449954181821468,PMA-2 (Starfish)
0.8674158871387689,-0.3481782142449627,PMA-2 (Starfish)
1.1904643003102526,-0.40849192938193113,PMA-2 (Starfish)
1.4033701953923485,-0.4169206463082221,PMA-2 (Starfish)
1.729785254591959,-0.25177059384221173,PMA-2 (Starfish)
-2.424752747254911,-0.670502088714319,PFM-1 (Butterfly)
-2.381355075972827,-0.7808361529455593,PFM-1 (Butterfly)
-0.8312318912476189,-1.0073022209150464,PMA-2 (Starfish)
-0.7865951289697456,-0.8931570465460482,PMA-2 (Starfish)
-0.8148044277651869,-0.8611830104115378,PMA-2 (Starfish)
-0.918785349761726,-0.9068991958818601,PMA-2 (Starfish)
-1.0310182972129405,-0.616781533446508,PMA-2 (Starfish)
-1.0196027083273722,-0.6930638761356116,PMA-2 (Starfish)
-1.0719133464029977,-0.6164467813000459,PMA-2 (Starfish)
-0.9364926993796391,-0.6554037586155844,PMA-2 (Starfish)
-2.2298952232382696,-0.7011352234755954,PFM-1 (Butterfly)
-0.7024978325329042,-0.48850933160343435,PMA-2 (Starfish)
-0.7090675158694929,-0.21126123497289534,PMA-2 (Starfish)
-0.728952299586769,-0.3995036527124197,PMA-2 (Starfish)
-0.8066960430056062,-0.3859998308083676,PMA-2 (Starfish)
-0.6779356948589336,-0.513378695739102,PMA-2 (Starfish)
-0.7105554561842988,-0.48536645526640665,PMA-2 (Starfish)
-0.5344112669143048,-0.5277810983560449,PMA-2 (Starfish)
-0.4810938468220988,-0.4496891759190075,PMA-2 (Starfish)
-0.1329154540731824,-0.40517288574577137,PMA-2 (Starfish)
-0.03855482459775319,-0.3983069775427736,PMA-2 (Starfish)
-2.1130905121377555,-0.8396680601750649,PFM-1 (Butterfly)
0.11108912502063803,-0.32986459646759037,PMA-2 (Starfish)
0.21856804701282379,-0.22479472415066323,PMA-2 (Starfish)
0.44823838481275047,-0.28342302614136794,PMA-2 (Starfish)
0.5924973795390822,-0.1395288195513943,PMA-2 (Starfish)
0.6691676956006349,-0.2600471053179424,PMA-2 (Starfish)
1.0938631166704402,-0.24528124092251652,PMA-2 (Starfish)
1.2283050276079412,-0.10887903625701646,PMA-2 (Starfish)
1.1964262164865822,-0.048341980371510475,PMA-2 (Starfish)
1.3834450366275486,-0.08759892057270752,PMA-2 (Starfish)
1.7776844524101052,-0.009399418024810846,PMA-2 (Starfish)
-2.1030527602383535,-0.7634596738224907,PFM-1 (Butterfly)
2.107822836689055,-0.002772426357656404,PMA-2 (Starfish)
2.388394992777924,-0.003157966927804827,PMA-2 (Starfish)
2.50835894282569,-0.004769742976311632,PMA-2 (Starfish)
2.9599886248514946,0.007777173534138722,PMA-2 (Starfish)
3.7774135464486713,0.13918495439861506,PMA-2 (Starfish)
1.0004475741169387,3.2079574771705723,PMA-2 (Starfish)
-2.090967682406282,-0.7363536736408903,PFM-1 (Butterfly)
-2.0371502705162197,-0.7178353582702323,PFM-1 (Butterfly)
-2.004638581254189,-0.7200039414849613,PFM-1 (Butterfly)
-1.95594536904137,-0.7264569401748913,PFM-1 (Butterfly)
-1.8222669517261665,-0.917013085212397,PFM-1 (Butterfly)
-1.8372148869406166,-0.8845056671748163,PFM-1 (Butterfly)
-1.8209164282736627,-0.8514199919474587,PFM-1 (Butterfly)
-1.6630783385706454,-0.9456092966827169,PFM-1 (Butterfly)
-1.566204596234297,-0.893964288926695,PFM-1 (Butterfly)
-1.4360279153402054,-0.8102776854929534,PFM-1 (Butterfly)
-1.2672656048167465,-0.8038301808443141,PFM-1 (Butterfly)
-1.1867698075573099,-0.9526798207842895,PFM-1 (Butterfly)
-0.9513791814700282,-0.9273966410206649,PFM-1 (Butterfly)
-0.7821609901325016,-1.020436897007043,PFM-1 (Butterfly)
-0.690374592428079,-0.9901383291547,PFM-1 (Butterfly)
-0.4817413613392151,-1.161072559979695,PFM-1 (Butterfly)
-0.41804275662844925,-1.0866137047470503,PFM-1 (Butterfly)
-0.17183865264106127,-1.1373064610877457,PFM-1 (Butterfly)
0.11039452915626216,-1.0458080152957532,PFM-1 (Butterfly)
0.49290559568244907,-1.030761421805354,PFM-1 (Butterfly)
-1.2136328701120778,-0.9579479856459052,PFM-1 (Butterfly)
0.7756879390169975,-1.004003772626929,PFM-1 (Butterfly)
1.0865476251446775,-1.019093889894914,PFM-1 (Butterfly)
1.4445107942485855,-1.0230811481590703,PFM-1 (Butterfly)
1.9573112505417474,-0.9911027319216399,PFM-1 (Butterfly)
2.4901275854652245,-0.9968973980534672,PFM-1 (Butterfly)
3.2887229821227852,-0.9339387192571397,PFM-1 (Butterfly)
3.093874711097877,-0.7308496106077296,PFM-1 (Butterfly)
1.165860996230725,0.0960909771101511,PFM-1 (Butterfly)
-1.0315205123219637,-1.1032505183866286,PFM-1 (Butterfly)
-0.8877883376177756,-1.0490467141597144,PFM-1 (Butterfly)
-2.291476060769609,-1.0924472442351614,PMA-2 (Starfish)
-2.1142673234445986,-1.2411147115053809,PMA-2 (Starfish)
-1.9152195885439511,-1.3540752047286089,PMA-2 (Starfish)
-1.616871082760216,-1.0688966692838224,PMA-2 (Starfish)
-1.4646617494622,-0.6650146274299609,PMA-2 (Starfish)
-1.2268461087988052,-0.5385607711037139,PMA-2 (Starfish)
-0.732351348538529,-1.0638779707943837,PFM-1 (Butterfly)
-1.1289556646820287,-0.7263412955201028,PMA-2 (Starfish)
-0.8704162778878567,-0.6234057529623194,PMA-2 (Starfish)
-0.4080510814272187,-0.399992670706634,PMA-2 (Starfish)
-0.2590081887675311,-0.1191975886388884,PMA-2 (Starfish)
0.10421126445253535,-0.2724145687815236,PMA-2 (Starfish)
0.5419664115413485,-0.24776072778741004,PMA-2 (Starfish)
0.840244016708478,-0.0865921459895761,PMA-2 (Starfish)
1.2264705117062822,0.11907608212655024,PMA-2 (Starfish)
1.453850906668163,-0.06240259306032008,PMA-2 (Starfish)
1.7631943840162025,0.05349661958317359,PMA-2 (Starfish)
-0.6083532499987564,-1.0817188728877707,PFM-1 (Butterfly)
2.1992706931351846,0.10314379186113182,PMA-2 (Starfish)
2.8883517409254735,0.005921933805556994,PMA-2 (Starfish)
3.612879627579231,0.07116840553596444,PMA-2 (Starfish)
2.7090898777324837,1.0320230173003218,PMA-2 (Starfish)
-0.44808508632311095,-1.0942862801590356,PFM-1 (Butterfly)
-0.25594250374522465,-1.0978402512761083,PFM-1 (Butterfly)
-0.07570694035829112,-1.1505316507935301,PFM-1 (Butterfly)
0.2595249982089588,-1.0080559223437353,PFM-1 (Butterfly)
0.5181755314976089,-1.0470343322643039,PFM-1 (Butterfly)
0.8273833244154295,-1.0133046240717507,PFM-1 (Butterfly)
1.0584934281933622,-1.0174352818621297,PFM-1 (Butterfly)
1.396916626277249,-0.9973793033874241,PFM-1 (Butterfly)
1.8391370455153264,-0.9532081949688164,PFM-1 (Butterfly)
2.199931036130373,-0.965314405737849,PFM-1 (Butterfly)
2.6833520639659425,-0.7005595179111299,PFM-1 (Butterfly)
2.090121193117159,-0.48189759277058714,PFM-1 (Butterfly)
0.37531871232789543,0.005374232201691731,PFM-1 (Butterfly)
-2.18724074640769,-1.456918141106296,PMA-2 (Starfish)
-2.0910239261148367,-1.5582477307392604,PMA-2 (Starfish)
-1.8884757478669787,-1.3714368628803981,PMA-2 (Starfish)
-1.8011564757131024,-1.3087229982131792,PMA-2 (Starfish)
-1.7696879435548367,-1.2765811862708158,PMA-2 (Starfish)
-1.644623616672089,-1.297954248763105,PMA-2 (Starfish)
-1.4731779076037879,-1.2472778447742228,PMA-2 (Starfish)
-1.3125085547260604,-1.1387150684371732,PMA-2 (Starfish)
-1.144815792091496,-0.915105452192769,PMA-2 (Starfish)
-1.0961726521627229,-1.1803220375239252,PMA-2 (Starfish)
-1.0651958810179167,-1.2591410040832656,PMA-2 (Starfish)
-0.8461036239173553,-1.0009671916004454,PMA-2 (Starfish)
-0.7457919850459137,-1.0837562964435918,PMA-2 (Starfish)
-0.5128491570859557,-0.8965142279810282,PMA-2 (Starfish)
-0.29864979787496587,-0.8035734733860976,PMA-2 (Starfish)
-0.18594955260863416,-0.8351796882946892,PMA-2 (Starfish)
-0.04270066893254961,-0.8270966632643496,PMA-2 (Starfish)
0.22996511318909638,-0.8004345644344356,PMA-2 (Starfish)
0.4276388253791812,-0.4442586205122516,PMA-2 (Starfish)
0.6969617442946738,-0.4673673530597016,PMA-2 (Starfish)
0.8347419590431546,-0.4829681177058516,PMA-2 (Starfish)
0.9273361390819244,-0.3733550472262435,PMA-2 (Starfish)
1.0502256823737657,-0.3771738153787157,PMA-2 (Starfish)
1.3108229032266434,-0.30879003249722636,PMA-2 (Starfish)
1.5557340962231176,-0.22845569424316933,PMA-2 (Starfish)
1.8100146164132183,-0.14312038006747194,PMA-2 (Starfish)
2.261391338631081,-0.06263418381579618,PMA-2 (Starfish)
2.6525833317813627,0.15803493183530293,PMA-2 (Starfish)
-1.6229432013398426,-0.3207364685220318,PFM-1 (Butterfly)
-1.353921481865381,-0.93526913560895,PFM-1 (Butterfly)
-1.545468567960938,-0.8481265317689665,PFM-1 (Butterfly)
-1.5135227826949533,-1.0581616446258462,PFM-1 (Butterfly)
-1.6642942915421168,-1.1631057602837191,PFM-1 (Butterfly)
-1.598316416647321,-1.1857958011879213,PFM-1 (Butterfly)
-1.6253333132254602,-1.0138232973560914,PFM-1 (Butterfly)
-1.5650935197657478,-1.0634388183847034,PFM-1 (Butterfly)
-1.5209475716868281,-1.0096673345168778,PFM-1 (Butterfly)
-1.4196533738008932,-1.0533651728595352,PFM-1 (Butterfly)
-1.1909225651408684,-0.9731024123859205,PFM-1 (Butterfly)
-0.9341803170465054,-1.1214524656057208,PFM-1 (Butterfly)
-0.7779506752166183,-1.097898824167262,PFM-1 (Butterfly)
-0.7833460551249625,-1.0469717201434028,PFM-1 (Butterfly)
-0.5209267958523087,-1.1512788387333952,PFM-1 (Butterfly)
-0.19341606084707763,-1.1219561756680874,PFM-1 (Butterfly)
0.049258919006916785,-0.9599561035587776,PFM-1 (Butterfly)
0.37116021855238385,-0.90443098531174,PFM-1 (Butterfly)
0.6431081727956798,-0.860064826065137,PFM-1 (Butterfly)
0.8958583639493796,-0.7384427327899536,PFM-1 (Butterfly)
1.2639504333050453,-0.5686169975194024,PFM-1 (Butterfly)
1.5836574991916816,-0.5433686474672377,PFM-1 (Butterfly)
1.719243775073413,-0.3540671837704983,PFM-1 (Butterfly)
1.7978527045755601,-0.3595040667485124,PFM-1 (Butterfly)
2.1221043010940313,-0.15637799616031942,PFM-1 (Butterfly)
2.930466350929445,0.12268438470172176,PFM-1 (Butterfly)
3.2573989980303453,0.13449855465591387,PFM-1 (Butterfly)
3.6090742430633203,0.17611550131043188,PFM-1 (Butterfly)
4.442537202384283,0.4734794763100983,PFM-1 (Butterfly)
-2.0322070062372135,-1.2043443564383922,PMA-2 (Starfish)
-1.563625898210388,-0.8861788970482597,PMA-2 (Starfish)
-1.422113297117275,-0.60505752011044,PMA-2 (Starfish)
-1.427605281009671,-0.750269901173732,PMA-2 (Starfish)
-1.2130872944658613,-0.6389862677724545,PMA-2 (Starfish)
-1.1971939112987708,-0.5360621621149283,PMA-2 (Starfish)
-1.1097896694300486,-0.28620583945852296,PMA-2 (Starfish)
-0.4424875252460448,-0.6969974411799842,PMA-2 (Starfish)
-0.24533309728157648,-0.5290750247392229,PMA-2 (Starfish)
0.05184047645647652,-0.5089676187409815,PMA-2 (Starfish)
0.4632186013924579,-0.5235787574608263,PMA-2 (Starfish)
-0.9895302853351445,-0.2774077326503109,PMA-2 (Starfish)
0.8523226287169708,-0.2728561061887635,PMA-2 (Starfish)
1.1376174941696064,-0.13175256575504213,PMA-2 (Starfish)
1.2706954985154624,-0.08693385297120328,PMA-2 (Starfish)
1.3311248659507933,-0.23256850902670576,PMA-2 (Starfish)
1.8831471504584498,-0.10176330305249108,PMA-2 (Starfish)
2.4489488256495253,-0.16578641459568352,PMA-2 (Starfish)
2.897895627903595,0.22713934979172676,PMA-2 (Starfish)
0.526353013578551,2.646017477417354,PMA-2 (Starfish)
-0.7598052563956181,-0.3951091332056244,PMA-2 (Starfish)
-0.5150003315915208,-0.37795638413431,PMA-2 (Starfish)
-0.2024619784994629,-0.2853576511499026,PMA-2 (Starfish)
0.04508733095915456,-0.3268580409624785,PMA-2 (Starfish)
-2.511542650213756,2.7475472932217984,PFM-1 (Butterfly)
0.16723299436402989,-0.1322503074426052,PMA-2 (Starfish)
-1.6647305842962055,0.1796775658048324,PFM-1 (Butterfly)
-1.334428021992337,-0.09877165258465725,PFM-1 (Butterfly)
-1.2618815251872393,0.05792655992528542,PFM-1 (Butterfly)
-1.2298804945318342,0.09863552186420371,PFM-1 (Butterfly)
-1.2297668025652237,0.5182377011899364,PFM-1 (Butterfly)
-1.1978028080977094,0.6725183684746765,PFM-1 (Butterfly)
-1.0859475518511748,0.6631820600737948,PFM-1 (Butterfly)
-0.9114708988937396,0.8357217156532173,PFM-1 (Butterfly)
-0.358579261452563,0.6740100010785715,PFM-1 (Butterfly)
-0.15684884510285946,0.7676240465587787,PFM-1 (Butterfly)
0.5541063733732569,-0.21600329268979657,PMA-2 (Starfish)
0.07081711349116109,0.7784887173011694,PFM-1 (Butterfly)
0.3300849026027276,0.8057306657957035,PFM-1 (Butterfly)
0.6997513353418362,0.7061182287800764,PFM-1 (Butterfly)
0.9938333646337066,0.9051606989540796,PFM-1 (Butterfly)
1.2702788908306768,1.1075179845945635,PFM-1 (Butterfly)
1.411806294766142,1.4374372495780905,PFM-1 (Butterfly)
1.7207564465967098,1.382303837331458,PFM-1 (Butterfly)
2.086295344221305,1.392677662715436,PFM-1 (Butterfly)
2.432220995044877,1.5195076976071626,PFM-1 (Butterfly)
2.7542900431547883,1.6968587789319614,PFM-1 (Butterfly)
0.8618065110433147,-0.19097253209195392,PMA-2 (Starfish)
3.566478289056758,1.6616599859239083,PFM-1 (Butterfly)
4.37492351775887,1.6232342644910525,PFM-1 (Butterfly)
2.234967629023723,1.0245719826715782,PFM-1 (Butterfly)
1.1574698761263404,-0.17803683689318117,PMA-2 (Starfish)
1.394479417358827,-0.2017137625237617,PMA-2 (Starfish)
1.8069087191156274,-0.16998191968783882,PMA-2 (Starfish)
2.0366036072357487,-0.11618008807929556,PMA-2 (Starfish)
2.5207593537731054,-0.09675093940920997,PMA-2 (Starfish)
2.577068236714686,0.1057155210609874,PMA-2 (Starfish)
-2.5111330376231313,-0.40844931257268063,PFM-1 (Butterfly)
-1.1798862038390052,-0.87143288883959,PMA-2 (Starfish)
-1.303241240170034,-0.879714305828267,PMA-2 (Starfish)
-1.1644498422566043,-0.8056161483551376,PMA-2 (Starfish)
-1.1450441863258083,-0.82577726820441,PMA-2 (Starfish)
-0.735547922454328,-0.9435173681106174,PFM-1 (Butterfly)
-0.8522038968836753,-0.9252651299212954,PMA-2 (Starfish)
-0.4749921727562898,0.21893596906635707,PFM-1 (Butterfly)
-0.5012976324998328,0.21857244197818754,PFM-1 (Butterfly)
-0.6502733756384875,0.34619692398041024,PFM-1 (Butterfly)
-0.6368283492096863,0.398621291857944,PFM-1 (Butterfly)
-0.4538764359049453,0.429784475908945,PFM-1 (Butterfly)
-0.40001991390950986,0.5877053585237529,PFM-1 (Butterfly)
-0.2950399352844774,0.6070515036851817,PFM-1 (Butterfly)
-0.21591924126591197,0.594221273052426,PFM-1 (Butterfly)
0.0015645193732406035,0.4482420925643207,PFM-1 (Butterfly)
-0.03484367985684294,0.51272930029594,PFM-1 (Butterfly)
-0.7481056575709034,-0.8263873768144268,PMA-2 (Starfish)
0.18832975456117346,0.6845352756246372,PFM-1 (Butterfly)
0.34557544493040204,0.7913629088276843,PFM-1 (Butterfly)
0.6702571235144893,0.7181645067838515,PFM-1 (Butterfly)
1.141546546988263,0.6497397007019194,PFM-1 (Butterfly)
1.7215678608105598,0.9049503848956381,PFM-1 (Butterfly)
2.052934059044189,0.9981099916166505,PFM-1 (Butterfly)
2.826741688009125,0.8670689871466999,PFM-1 (Butterfly)
3.4746810088780005,0.9119685095581832,PFM-1 (Butterfly)
3.9983830118795765,1.240633975967889,PFM-1 (Butterfly)
4.742370846303576,1.3821338122067663,PFM-1 (Butterfly)
-0.6304555453978162,-0.7114989494678786,PMA-2 (Starfish)
5.015843414770961,1.6585264234452584,PFM-1 (Butterfly)
1.2913047656834353,2.780980024905737,PFM-1 (Butterfly)
-0.4608556341437537,-0.6629573659490131,PMA-2 (Starfish)
-0.22947031898554834,-0.8490333350664624,PMA-2 (Starfish)
-0.023850820965641464,-0.6424961257505908,PMA-2 (Starfish)
0.04103741009960719,-0.6845218363984412,PMA-2 (Starfish)
0.1903749701573857,-0.6925098878830251,PMA-2 (Starfish)
-1.2793556497257297,-0.8881968731845152,PMA-2 (Starfish)
0.3053023718021269,-0.6041932347137573,PMA-2 (Starfish)
0.5663802801802265,-0.4982063748591605,PMA-2 (Starfish)
-1.5725492419638485,-1.7897685283736982,PMA-2 (Starfish)
-1.6080643939702572,-1.6710804021155923,PMA-2 (Starfish)
-1.492086064199853,-1.5214123759824276,PMA-2 (Starfish)
-1.4537619147315892,-1.175898804565032,PMA-2 (Starfish)
-1.302812040089478,-1.1472381105940155,PMA-2 (Starfish)
-1.2123024339891835,-1.2902216121106909,PMA-2 (Starfish)
0.8311874488010204,-0.36301016412636766,PMA-2 (Starfish)
-1.0638480352007087,-1.1984692520694966,PMA-2 (Starfish)
-0.9152493005127624,-1.149725041040188,PMA-2 (Starfish)
-0.8709318230331847,-1.0778321814120564,PMA-2 (Starfish)
-0.6954772380201861,-0.9513277436217173,PMA-2 (Starfish)
-0.3904146868270448,-0.9218534622261835,PMA-2 (Starfish)
-0.3147167687293408,-0.9345127482996957,PMA-2 (Starfish)
-0.20769814317131555,-0.9085849694794351,PMA-2 (Starfish)
-0.11267742325864226,-0.7776039255645117,PMA-2 (Starfish)
0.041446041218368805,-0.7907650232988389,PMA-2 (Starfish)
0.16532584496078473,-0.7985650652532909,PMA-2 (Starfish)
1.0894147310834266,-0.3577884782295009,PMA-2 (Starfish)
0.4534553624505318,-0.5735071468227251,PMA-2 (Starfish)
0.4758174736411943,-0.5342020949936418,PMA-2 (Starfish)
0.8750295087633342,-0.4556485168111494,PMA-2 (Starfish)
0.8702853854629488,-0.35662311933658863,PMA-2 (Starfish)
1.2340728224924586,-0.3533624123720214,PMA-2 (Starfish)
1.1810648460212936,-0.40969067124975217,PMA-2 (Starfish)
1.1237412920780268,-0.30052235146070294,PMA-2 (Starfish)
1.4045569739120318,-0.3233770051209772,PMA-2 (Starfish)
1.7449739572651766,-0.35286636125054727,PMA-2 (Starfish)
1.7646085386049828,-0.23531135312124146,PMA-2 (Starfish)
1.5564030863054612,-0.34606987970430864,PMA-2 (Starfish)
1.837880902073937,-0.260865058659864,PMA-2 (Starfish)
1.9737875074818456,-0.23708265457428535,PMA-2 (Starfish)
1.9508340073408312,-0.27002387444986986,PMA-2 (Starfish)
1.9501244725169877,-0.21418111367153636,PMA-2 (Starfish)
2.1478093803760907,-0.16615190599193796,PMA-2 (Starfish)
2.6872748101605386,-0.1291897937999438,PMA-2 (Starfish)
2.9096551764903387,0.013335508105131936,PMA-2 (Starfish)
3.0908344383159503,0.024563543853375426,PMA-2 (Starfish)
3.5258018308336045,0.032225238421733596,PMA-2 (Starfish)
3.5391433471106337,0.6408332960677205,PMA-2 (Starfish)
1.8103223398848132,-0.3975972688951951,PMA-2 (Starfish)
2.150571257169917,-0.17534386717656283,PMA-2 (Starfish)
2.288156975940285,-0.2816163261289965,PMA-2 (Starfish)
-0.4675402168133347,-0.7935900246905411,PMA-2 (Starfish)
-0.6005961424648236,-0.10244546988383003,PMA-2 (Starfish)
-0.6836312757174924,-0.49536572249555855,PMA-2 (Starfish)
-0.5234850322866642,-0.4504175286269041,PMA-2 (Starfish)
2.69517765974754,0.04559506661176306,PMA-2 (Starfish)
-0.514719367641376,-0.6125605271134335,PMA-2 (Starfish)
-0.5679380329660858,-0.5133649788981564,PMA-2 (Starfish)
-0.2441292268066944,-0.7659240567209644,PMA-2 (Starfish)
-0.008258560158547158,-0.4927318714843337,PMA-2 (Starfish)
0.44641648394188627,-0.23540511735426395,PMA-2 (Starfish)
0.5680034806922003,-0.2931039335024045,PMA-2 (Starfish)
0.6882229014992937,-0.02166165533385881,PMA-2 (Starfish)
1.1503334496836768,0.08770973650337377,PMA-2 (Starfish)
1.5026164740638628,0.047691164113987064,PMA-2 (Starfish)
1.7476916234168118,0.17408848525768736,PMA-2 (Starfish)
3.242643144299288,0.0010678563163761183,PMA-2 (Starfish)
2.289962506752306,0.06104889630976025,PMA-2 (Starfish)
2.9270347697040853,0.09276659986796723,PMA-2 (Starfish)
3.803181276950156,0.18944146442036958,PMA-2 (Starfish)
4.179027653593156,0.22393811887791176,PMA-2 (Starfish)
2.7704146981733344,-0.8184591691499093,PMA-2 (Starfish)
2.9336884999124724,-0.7998870278590527,PMA-2 (Starfish)
2.6191565304451045,0.04801755956342735,PMA-2 (Starfish)
-1.2538252408589508,-0.7163857823195987,PMA-2 (Starfish)
3.935982724013233,-0.0619479033428699,PMA-2 (Starfish)
-1.7050705743688854,-0.8132751800723613,PMA-2 (Starfish)
-1.67537849459462,-0.824235924259601,PMA-2 (Starfish)
-1.6108709804400245,-0.8333213627724682,PMA-2 (Starfish)
-1.6263589749039662,-0.7632648398760499,PMA-2 (Starfish)
-1.6262846918750486,-0.9017115765453984,PMA-2 (Starfish)
-1.6517473496800121,-0.8518760841898136,PMA-2 (Starfish)
-1.5365284368159962,-0.9020199908546297,PMA-2 (Starfish)
-1.4698851922319878,-0.9610334114739852,PMA-2 (Starfish)
-1.366968209240693,-0.8153161690844904,PMA-2 (Starfish)
-1.317768799492791,-0.8486047377212078,PMA-2 (Starfish)
-1.2704961783857538,-0.7154618517177166,PMA-2 (Starfish)
-1.1604812919815157,-0.7118329779319257,PMA-2 (Starfish)
-0.9113706422606818,-0.8196849666321704,PMA-2 (Starfish)
-0.8693155133508225,-0.5753341578251132,PMA-2 (Starfish)
-0.6912947132719273,-0.7064044545175894,PMA-2 (Starfish)
-0.6260093387789734,-0.6663713401975646,PMA-2 (Starfish)
-0.4686464899251119,-0.5430621140477778,PMA-2 (Starfish)
-0.33918393375141315,-0.5193260207547806,PMA-2 (Starfish)
-0.15687791542664703,-0.5887721702340871,PMA-2 (Starfish)
0.08170852908447912,-0.37239126904354264,PMA-2 (Starfish)
0.5266542978674246,-0.4874537414473791,PMA-2 (Starfish)
0.761878783967311,-0.45284792512789607,PMA-2 (Starfish)
1.0305791886385394,-0.40790308138086295,PMA-2 (Starfish)
1.4934650069773485,-0.1417956118426513,PMA-2 (Starfish)
1.9616131766599525,-0.08086421953706845,PMA-2 (Starfish)
2.8516754537337854,0.04240728589348097,PMA-2 (Starfish)
1.763742012710213,1.971449210632949,PMA-2 (Starfish)
-3.1824472278100173,1.1765120569192884,PFM-1 (Butterfly)
-3.07770480397208,1.047587853023982,PFM-1 (Butterfly)
-3.178559687282617,1.4139544603282368,PFM-1 (Butterfly)
-2.838475491829575,0.08046301087722435,PFM-1 (Butterfly)
-2.95654972034809,0.8122075483766977,PFM-1 (Butterfly)
-2.8144308365053297,0.4833311021373465,PFM-1 (Butterfly)
-2.927736933514071,0.995716506126485,PFM-1 (Butterfly)
-2.9618103309871753,1.1242215328719638,PFM-1 (Butterfly)
-2.6749388683845234,0.40074797726426914,PFM-1 (Butterfly)
-2.4105931986724065,0.12297628380989196,PFM-1 (Butterfly)
-2.481462083690823,0.6757008236304711,PFM-1 (Butterfly)
-2.3993005503676987,0.5696453308045961,PFM-1 (Butterfly)
-2.4994987548147205,1.0035176658637417,PFM-1 (Butterfly)
-2.2499305979314035,0.30682253640199075,PFM-1 (Butterfly)
-2.1696601147489667,0.22963537095161798,PFM-1 (Butterfly)
-2.037939586780397,0.2308000380779616,PFM-1 (Butterfly)
-1.9628198409175108,0.23783923042188074,PFM-1 (Butterfly)
-2.058252273534616,0.18273194597923195,PFM-1 (Butterfly)
-1.948104702159965,-0.02781881210193608,PFM-1 (Butterfly)
-1.7960204004506313,-0.08463835077006059,PFM-1 (Butterfly)
-1.7347153885904423,-0.11992462205755502,PFM-1 (Butterfly)
-1.1838769997193248,-0.8024466304019033,PMA-2 (Starfish)
-1.6695700602818946,-0.19627483443235944,PFM-1 (Butterfly)
-1.671823611117408,-0.1713757015066999,PFM-1 (Butterfly)
-1.5438758570919064,-0.21036348536963728,PFM-1 (Butterfly)
-1.3306575847000863,-0.2656659881880464,PFM-1 (Butterfly)
-1.0752353186801535,-0.22688834029804278,PFM-1 (Butterfly)
-0.8982122286732676,-0.39495112984304914,PFM-1 (Butterfly)
-0.9183284145812423,-0.3524692164408899,PFM-1 (Butterfly)
-0.8327013318554103,-0.39689630510243074,PFM-1 (Butterfly)
-0.5834787661006589,-0.4180829916286063,PFM-1 (Butterfly)
-0.38287921457668994,-0.5000958595628554,PFM-1 (Butterfly)
-0.1381132449370933,-0.5235443320216853,PFM-1 (Butterfly)
0.1048298718474233,-0.4718052327014545,PFM-1 (Butterfly)
0.5183012303398292,-0.49695871389981094,PFM-1 (Butterfly)
1.0241530975517037,-0.49104515154324097,PFM-1 (Butterfly)
1.4290581679073717,-0.548059776602,PFM-1 (Butterfly)
2.042897739827956,-0.4126602072253887,PFM-1 (Butterfly)
2.657674943787373,-0.5079629975140201,PFM-1 (Butterfly)
3.303231486612225,-0.6691542018123607,PFM-1 (Butterfly)
4.108459834389891,-0.6700933669714971,PFM-1 (Butterfly)
3.916819761965563,-0.4448003495362213,PFM-1 (Butterfly)
-1.901427790342175,-0.13830067405042956,PFM-1 (Butterfly)
-1.8114329917728802,-0.909100026569354,PFM-1 (Butterfly)
-1.8530363467476125,-1.0646796069904598,PFM-1 (Butterfly)
-1.9328738100339538,-0.9051865172132801,PFM-1 (Butterfly)
-1.9582576980925521,-1.1590488987734051,PFM-1 (Butterfly)
-2.056019121550919,-1.0585855769362202,PFM-1 (Butterfly)
-1.9494471966487015,-1.0739887605660536,PFM-1 (Butterfly)
-1.8732083485502935,-1.1346684142852266,PFM-1 (Butterfly)
-1.7479078737066933,-1.0647673701225797,PFM-1 (Butterfly)
-1.684491877189188,-1.0298435404232582,PFM-1 (Butterfly)
-1.6776164517555339,-1.06890318364662,PFM-1 (Butterfly)
-1.5847051460150539,-1.0824791193609646,PFM-1 (Butterfly)
-1.404505245338775,-0.9877397281758233,PFM-1 (Butterfly)
-1.3205570432505862,-1.0946582312107276,PFM-1 (Butterfly)
-1.2319194337552162,-1.1151972906693464,PFM-1 (Butterfly)
-1.0744992404297424,-1.208832201118716,PFM-1 (Butterfly)
-0.87971826733318,-1.1986368525570725,PFM-1 (Butterfly)
-0.7127740035023352,-1.1114940929116282,PFM-1 (Butterfly)
-0.39836072908902936,-1.170625802173749,PFM-1 (Butterfly)
-0.14234954485750712,-1.1462670438052018,PFM-1 (Butterfly)
0.0492325577703697,-1.098502321406829,PFM-1 (Butterfly)
0.371611211508726,-0.9432630993100262,PFM-1 (Butterfly)
0.6300535326143618,-1.0727360777267245,PFM-1 (Butterfly)
1.0692262978673202,-1.0135448328072534,PFM-1 (Butterfly)
1.3846356212475925,-0.9549481280540812,PFM-1 (Butterfly)
1.864568977756927,-0.9056825540001142,PFM-1 (Butterfly)
2.4841686176867452,-0.8169503637431215,PFM-1 (Butterfly)
3.0585816785741264,-0.6961594368717755,PFM-1 (Butterfly)
3.5697797183077618,-0.6245642694834368,PFM-1 (Butterfly)
4.232345348862495,-0.5059996913011304,PFM-1 (Butterfly)
5.217591703462131,-0.31814225393933787,PFM-1 (Butterfly)
4.415392475619227,-0.823261305958259,PFM-1 (Butterfly)
1.6238121266900765,-1.055071629593555,PFM-1 (Butterfly)
-1.263516953047437,-0.6604150711952412,PMA-2 (Starfish)
-2.647382876285486,0.3214607555161747,PFM-1 (Butterfly)
-2.685443426273773,0.5683497907980718,PFM-1 (Butterfly)
-2.6167002280392135,0.4860319591518615,PFM-1 (Butterfly)
-1.938985063536534,-1.5577023674483994,PMA-2 (Starfish)
-1.8456505794770142,-1.698230840178162,PMA-2 (Starfish)
-1.6458206405807274,-1.6201494764983484,PMA-2 (Starfish)
-1.5607301694885027,-1.267988537062811,PMA-2 (Starfish)
-1.3238260162671147,-1.509926021497337,PMA-2 (Starfish)
-1.3348233422640925,-1.3075089854609254,PMA-2 (Starfish)
-1.2667456486195228,-1.2913649523467645,PMA-2 (Starfish)
-1.2038281334789835,-1.303692152485969,PMA-2 (Starfish)
-1.0549355991727625,-1.4104546646640268,PMA-2 (Starfish)
-2.5300609618595584,0.6846911643954197,PFM-1 (Butterfly)
-0.7931437238051552,-1.2406004556303303,PMA-2 (Starfish)
-0.6889251423825413,-1.2016500630639,PMA-2 (Starfish)
-0.5851158268500616,-1.1326571208476417,PMA-2 (Starfish)
-0.3090621827215992,-0.9300397020037615,PMA-2 (Starfish)
0.17570565996761525,-0.8094766363859953,PMA-2 (Starfish)
0.3723347430665945,-0.7525956936913032,PMA-2 (Starfish)
0.5559672288060299,-0.5327830049747029,PMA-2 (Starfish)
0.7880077059080688,-0.4407096771887941,PMA-2 (Starfish)
1.0553494651685482,-0.5162010159337121,PMA-2 (Starfish)
1.3646399525624344,-0.4151236468359266,PMA-2 (Starfish)
-2.4255900931943613,0.22468650282231645,PFM-1 (Butterfly)
1.7001699211414323,-0.41977129418669334,PMA-2 (Starfish)
1.5727077197549324,-0.21179460201143016,PMA-2 (Starfish)
2.048822185287678,-0.23258377468795827,PMA-2 (Starfish)
2.003454447199347,-0.12995867547354922,PMA-2 (Starfish)
2.315169694933564,-0.17248623234841085,PMA-2 (Starfish)
2.0957503681508305,-0.21535725314635534,PMA-2 (Starfish)
1.774453322903687,-0.7838368141789301,PMA-2 (Starfish)
1.5381814646378391,-1.009483693744855,PMA-2 (Starfish)
1.5947009732939423,-0.985654871143885,PMA-2 (Starfish)
1.5355644161314004,-1.0104166161578947,PMA-2 (Starfish)
-2.3818916307841898,0.09356865341547903,PFM-1 (Butterfly)
1.5931077091146366,-0.9509166309438484,PMA-2 (Starfish)
-2.458669756645069,0.5151833728870616,PFM-1 (Butterfly)
-2.929346199277879,2.6208059691824843,PFM-1 (Butterfly)
-2.422177396407154,0.850998444650478,PFM-1 (Butterfly)
-2.2218755432747685,0.3769625540206283,PFM-1 (Butterfly)
-2.5340756753694986,-0.2773832875673158,PFM-1 (Butterfly)
-2.514718406588001,-0.2723114727166104,PFM-1 (Butterfly)
-2.5360735438122117,-0.19973922440987268,PFM-1 (Butterfly)
-2.6207509911532916,0.5317644917563846,PFM-1 (Butterfly)
-1.309836106995856,-0.7432582439339636,PMA-2 (Starfish)
-2.246969850201956,0.47069999358441167,PFM-1 (Butterfly)
-2.495621126263963,-0.09430579134403767,PFM-1 (Butterfly)
-2.2447632135794624,-0.6490743250622495,PFM-1 (Butterfly)
-2.1842674443194277,-0.38992731538475395,PFM-1 (Butterfly)
-2.0374562937642056,-0.7762997956959246,PFM-1 (Butterfly)
-2.030247680294758,-0.6091417321060203,PFM-1 (Butterfly)
-1.977103513111097,-0.4688918455710216,PFM-1 (Butterfly)
-1.8399676310123745,-0.6059378439214711,PFM-1 (Butterfly)
-1.8272138214446831,-0.7033602896841165,PFM-1 (Butterfly)
-1.6436087403897583,-0.7215393920050692,PFM-1 (Butterfly)
-2.1043600338480037,0.32117199464826046,PFM-1 (Butterfly)
-1.5881772364912758,-0.8425364161665395,PFM-1 (Butterfly)
-1.441576077563536,-0.8461869634691019,PFM-1 (Butterfly)
-1.4194596486732474,-0.8449090975659013,PFM-1 (Butterfly)
-1.4050822578656676,-0.8549640130993618,PFM-1 (Butterfly)
-1.2971223716127145,-0.894739644915753,PFM-1 (Butterfly)
-1.1825720513778732,-1.031181893418302,PFM-1 (Butterfly)
-0.9577092217145313,-1.0033624388189861,PFM-1 (Butterfly)
-0.9606562601149631,-1.1124649212810018,PFM-1 (Butterfly)
-0.823229073720056,-1.1186199241404065,PFM-1 (Butterfly)
-0.6038911496860874,-1.0718617226560423,PFM-1 (Butterfly)
-1.7915576848873573,0.20085967784878814,PFM-1 (Butterfly)
-0.4340436568910582,-1.1302445497456135,PFM-1 (Butterfly)
-0.11150564846830141,-1.1328079731120713,PFM-1 (Butterfly)
0.0919575168642023,-1.0900588294136797,PFM-1 (Butterfly)
0.3445031672018512,-1.035922237023259,PFM-1 (Butterfly)
0.6425812886360588,-1.0091078179574018,PFM-1 (Butterfly)
0.7756589910348617,-0.8542133802001123,PFM-1 (Butterfly)
1.0116806118328527,-0.7830792544348156,PFM-1 (Butterfly)
1.2294155151789707,-0.748374637260699,PFM-1 (Butterfly)
1.730352569760108,-0.5667792338329877,PFM-1 (Butterfly)
2.062890568188273,-0.3809864577481609,PFM-1 (Butterfly)
-1.5873442120024555,0.15216060544478602,PFM-1 (Butterfly)
2.040179215037002,-0.13134784808001326,PFM-1 (Butterfly)
2.372713208142072,0.010611703547215691,PFM-1 (Butterfly)
2.5556456802473893,0.42682333468470396,PFM-1 (Butterfly)
2.763639692404129,0.5155737931986017,PFM-1 (Butterfly)
3.3139332898181446,0.4947812389638503,PFM-1 (Butterfly)
3.4455490229448387,0.37417511589437824,PFM-1 (Butterfly)
2.8825127114367532,0.053472662896978974,PFM-1 (Butterfly)
1.711423429975622,-0.434427010134363,PFM-1 (Butterfly)
-1.388199958606915,0.008497535194201097,PFM-1 (Butterfly)
-1.288429260567707,0.04526354873790007,PFM-1 (Butterfly)
-1.216492740690912,0.2352218018181665,PFM-1 (Butterfly)
-1.0519932235860268,0.11029776136656941,PFM-1 (Butterfly)
-0.9393616979609175,0.1760546438316513,PFM-1 (Butterfly)
-0.6337916959388529,-0.00555165898408241,PFM-1 (Butterfly)
-2.620605804090565,2.592509041633795,PFM-1 (Butterfly)
-2.3160167345187737,1.3388932068155157,PFM-1 (Butterfly)
-2.0031257676801117,0.6639947041680307,PFM-1 (Butterfly)
-2.068977520118243,0.9819092187910813,PFM-1 (Butterfly)
-1.3349514860239304,-0.7973575811966955,PMA-2 (Starfish)
-0.4552496975586991,-0.06495618679421923,PFM-1 (Butterfly)
-1.8221591754817787,0.5578526764053042,PFM-1 (Butterfly)
-1.6835617094149329,0.39801652384935604,PFM-1 (Butterfly)
-1.693736958695842,0.6072524455594555,PFM-1 (Butterfly)
-1.6769030412971582,0.7450894210950763,PFM-1 (Butterfly)
-1.6276194943167732,0.820690690618178,PFM-1 (Butterfly)
-1.526154532287474,0.882474498490705,PFM-1 (Butterfly)
-1.479418661323563,0.9679433540878861,PFM-1 (Butterfly)
-1.3093938464263903,0.5657079898314277,PFM-1 (Butterfly)
-1.2162513602785106,0.7245117713378671,PFM-1 (Butterfly)
-1.1492559026787528,0.9566109303448633,PFM-1 (Butterfly)
-0.1592412681902003,-0.25646841795868036,PFM-1 (Butterfly)
-0.9557695165024147,0.8759765514147179,PFM-1 (Butterfly)
-0.667473690671953,0.7130959889575736,PFM-1 (Butterfly)
-0.48994507249107405,0.7516520402339275,PFM-1 (Butterfly)
-0.38897234467889186,0.6969222895427858,PFM-1 (Butterfly)
-0.3080099248518144,0.7129038469655765,PFM-1 (Butterfly)
-0.17645996862050153,1.048147147485738,PFM-1 (Butterfly)
-0.027170147228110907,0.9160237663678903,PFM-1 (Butterfly)
-0.01171357341645939,1.2102743772241962,PFM-1 (Butterfly)
0.2693243644871786,1.0338782685156855,PFM-1 (Butterfly)
0.5740523998936621,0.8156537207750126,PFM-1 (Butterfly)
0.06321687649827219,-0.20746398648982833,PFM-1 (Butterfly)
0.5554793803912914,1.1193218918500223,PFM-1 (Butterfly)
0.8657863291916824,1.118019899472943,PFM-1 (Butterfly)
0.9243307069062561,1.3763097900275814,PFM-1 (Butterfly)
1.3355256400066466,1.3305172288075993,PFM-1 (Butterfly)
1.6299277639681364,1.3444559427009308,PFM-1 (Butterfly)
1.9565214198757646,1.4980132809297741,PFM-1 (Butterfly)
2.4924382969056325,1.497124931162366,PFM-1 (Butterfly)
3.183239496873312,1.6540463828814085,PFM-1 (Butterfly)
3.86176979418485,1.5737838242127415,PFM-1 (Butterfly)
0.39810118935052546,-0.16647643835327322,PFM-1 (Butterfly)
0.6827952909735182,-0.26850641837523315,PFM-1 (Butterfly)
0.9360188470047576,-0.31676950861575676,PFM-1 (Butterfly)
1.2758163838437453,-0.43665236708452176,PFM-1 (Butterfly)
1.9248649786127856,-0.40481187253579626,PFM-1 (Butterfly)
-1.2511836333860376,-1.6288647151910745,PMA-2 (Starfish)
-1.088315932873953,-1.5143597820220411,PMA-2 (Starfish)
-0.6770125293821987,-1.365192473878084,PMA-2 (Starfish)
-0.37492962149408765,-1.128285261193731,PMA-2 (Starfish)
0.008259604765002463,-1.1310002888803308,PMA-2 (Starfish)
-0.06944688268684354,-0.9090252564238512,PMA-2 (Starfish)
0.05228192585261638,-0.9260040474386708,PMA-2 (Starfish)
0.07445558771091783,-0.6831772761631958,PMA-2 (Starfish)
0.1289470140373669,-0.7934647621453912,PMA-2 (Starfish)
0.2759549521688724,-0.5860090967818331,PMA-2 (Starfish)
2.392292323673949,-0.6273847415760879,PFM-1 (Butterfly)
0.42523841891294695,-0.632000155026873,PMA-2 (Starfish)
0.5486351458797996,-0.5291592918628351,PMA-2 (Starfish)
0.7494407646936975,-0.39408600780284386,PMA-2 (Starfish)
0.7871932221678233,-0.4852698746680443,PMA-2 (Starfish)
0.8066603642929207,-0.2633659941505718,PMA-2 (Starfish)
0.992494872180638,-0.22686803307245879,PMA-2 (Starfish)
1.2746432137648056,-0.14949876161601458,PMA-2 (Starfish)
1.8361820831037572,-0.2721847314606283,PMA-2 (Starfish)
2.1187395808216163,-0.01540399997363116,PMA-2 (Starfish)
2.1693221007747283,-0.026469234929498296,PMA-2 (Starfish)
2.47032263028784,-0.8714411881091849,PFM-1 (Butterfly)
2.7131541152105143,-0.017745414187303698,PMA-2 (Starfish)
3.034885767865679,-0.03248608241014501,PMA-2 (Starfish)
2.217306599751257,0.9044705017370547,PMA-2 (Starfish)
-1.383797324598768,-0.810499201946615,PMA-2 (Starfish)
2.704480242512913,-0.7530708149203466,PFM-1 (Butterfly)
3.1637280549307927,-0.8526306150492017,PFM-1 (Butterfly)
3.5573476813188316,-0.9178465431447183,PFM-1 (Butterfly)
4.00684666673567,-0.7045196283405625,PFM-1 (Butterfly)
4.262323935046541,-0.7427813215411246,PFM-1 (Butterfly)
4.848968906409425,-0.534459914799346,PFM-1 (Butterfly)
5.552430129324285,-0.26156103848680834,PFM-1 (Butterfly)
2.9154553137588017,0.5070463576541412,PFM-1 (Butterfly)
-1.2439568594684685,-0.8102718187513044,PMA-2 (Starfish)
-1.683809290391236,-0.9333066868872948,PMA-2 (Starfish)
-1.6720372854811387,-0.9985275837200719,PMA-2 (Starfish)
-1.1415546183396297,-0.7763349833868617,PMA-2 (Starfish)
-0.9793896830423672,-0.8202636909283498,PMA-2 (Starfish)
-2.1417392960933044,-0.905366660773832,PMA-2 (Starfish)
-2.060558643113903,-0.9908602647808058,PMA-2 (Starfish)
-2.2178480388057817,-0.4965298210528778,PMA-2 (Starfish)
-0.9089392544741954,-0.8185098148611551,PMA-2 (Starfish)
-2.033515551753531,-0.8084246748087547,PMA-2 (Starfish)
-1.8807115545319568,-1.0125026432393989,PMA-2 (Starfish)
-1.8338528626405142,-0.937414504303134,PMA-2 (Starfish)
-1.869216477274026,-0.8630075638118916,PMA-2 (Starfish)
-1.8509925720108498,-0.8771321833047783,PMA-2 (Starfish)
-1.7449013875257986,-0.9083760404670344,PMA-2 (Starfish)
-1.636503036342479,-0.9045484990244395,PMA-2 (Starfish)
-1.5272378697794429,-0.9712053273406788,PMA-2 (Starfish)
-1.446623786879086,-0.9506800552793572,PMA-2 (Starfish)
-1.4691498246171584,-0.9836217662121761,PMA-2 (Starfish)
-0.7702430687461929,-0.7320675611505968,PMA-2 (Starfish)
-1.3892192221780493,-0.8667855147239759,PMA-2 (Starfish)
-1.3647296210206132,-0.7812100186584585,PMA-2 (Starfish)
-1.2550100265756976,-0.7247910997889014,PMA-2 (Starfish)
-1.2025281332668398,-0.7627358495108654,PMA-2 (Starfish)
-1.2425305683227856,-0.8040985003772483,PMA-2 (Starfish)
-1.2637122208552118,-0.7222185733677751,PMA-2 (Starfish)
-1.0738467362761814,-0.7543970544274362,PMA-2 (Starfish)
-1.0702193039602343,-0.7837135839057706,PMA-2 (Starfish)
-1.0042871633856245,-0.820989108541087,PMA-2 (Starfish)
-0.99363329718332,-0.7669331804541627,PMA-2 (Starfish)
-0.673434526614223,-0.7231108036808553,PMA-2 (Starfish)
-0.8812681681944223,-0.7877968714604248,PMA-2 (Starfish)
-0.6737152231334136,-0.7694087561645854,PMA-2 (Starfish)
-0.5379051238524081,-0.7326274255388251,PMA-2 (Starfish)
-0.3362637494407573,-0.690818005208187,PMA-2 (Starfish)
-0.24655912498282845,-0.7079242920323395,PMA-2 (Starfish)
-0.11720102205134708,-0.7272291559560511,PMA-2 (Starfish)
0.22899068024264432,-0.708089764434667,PMA-2 (Starfish)
0.35390936292792696,-0.6581304459988045,PMA-2 (Starfish)
0.5070290323238682,-0.5521684625504453,PMA-2 (Starfish)
0.625221221941141,-0.45738666266903155,PMA-2 (Starfish)
-0.5297641326995829,-0.712227833676219,PMA-2 (Starfish)
0.9337554068085763,-0.4100212880830508,PMA-2 (Starfish)
1.2194222918693036,-0.38621213280219724,PMA-2 (Starfish)
1.530486504911245,-0.35856752782870827,PMA-2 (Starfish)
2.056393705597125,-0.13728642339409347,PMA-2 (Starfish)
2.8392006343253766,-0.08126885485123303,PMA-2 (Starfish)
-0.3551242719496886,-0.6754072340485955,PMA-2 (Starfish)
-0.33670004110377005,-0.6561528777748117,PMA-2 (Starfish)
-0.17598499607988538,-0.7551482421261986,PMA-2 (Starfish)
-0.09591329693638419,-0.625640617800353,PMA-2 (Starfish)
-1.7090531418065875,-0.9971129965282277,PMA-2 (Starfish)
0.04132082746507625,-0.6212073392202764,PMA-2 (Starfish)
0.35473179018596335,-0.49205808571682447,PMA-2 (Starfish)
0.5758953924464449,-0.5295323346616914,PMA-2 (Starfish)
0.9080796403344854,-0.4875206936000324,PMA-2 (Starfish)
0.9808115810107155,-0.48152786304368295,PMA-2 (Starfish)
-2.2570550792345565,-0.8282977494126438,PMA-2 (Starfish)
-2.275294247676754,-0.683423152928168,PMA-2 (Starfish)
-2.2717040341313846,-0.8069366231844668,PMA-2 (Starfish)
-2.2430287199106096,-0.7831330120236268,PMA-2 (Starfish)
-2.231412957210389,-0.80117112478391,PMA-2 (Starfish)
-2.1722907958555493,-0.9464010150994802,PMA-2 (Starfish)
-2.214982017053907,-0.9246976461971229,PMA-2 (Starfish)
1.0613298743191517,-0.35829430647838445,PMA-2 (Starfish)
-2.172944623456693,-0.8214669171113981,PMA-2 (Starfish)
-2.113091612760791,-0.808681983913985,PMA-2 (Starfish)
-2.0012915561238462,-0.9339688631126739,PMA-2 (Starfish)
-1.9958951036598636,-0.9160062825254723,PMA-2 (Starfish)
-1.9520587125043931,-0.9337685554901496,PMA-2 (Starfish)
-1.887889844277365,-0.9337447025073811,PMA-2 (Starfish)
-1.8378848934308483,-0.8379206121825147,PMA-2 (Starfish)
-1.7113137782411145,-0.9378118552963354,PMA-2 (Starfish)
-1.6295948821416286,-0.7685595867805927,PMA-2 (Starfish)
-1.5904208228287717,-0.8284125677500496,PMA-2 (Starfish)
1.4247856282941205,-0.379416514343541,PMA-2 (Starfish)
-1.5670041720920083,-0.6498747687291094,PMA-2 (Starfish)
-1.4786647416402459,-0.7630984816651473,PMA-2 (Starfish)
-1.3829552635546745,-0.6842876034539277,PMA-2 (Starfish)
-1.1482948264566297,-0.7257917837599543,PMA-2 (Starfish)
-1.0959923242688268,-0.6932798069149385,PMA-2 (Starfish)
-0.9300148507553029,-0.6145097237510324,PMA-2 (Starfish)
-0.7553361520289473,-0.606361592563652,PMA-2 (Starfish)
-0.6440110447922157,-0.5853897541910276,PMA-2 (Starfish)
-0.4813509636262933,-0.5246620376353469,PMA-2 (Starfish)
-0.25400335270117824,-0.5074121540644493,PMA-2 (Starfish)
1.8411487128808015,-0.2333073397877907,PMA-2 (Starfish)
-0.09180119813096435,-0.5586405129757117,PMA-2 (Starfish)
0.16146558793796142,-0.5121632325055236,PMA-2 (Starfish)
0.41308837625804734,-0.3173529444454384,PMA-2 (Starfish)
0.7611448187489543,-0.49388614851239104,PMA-2 (Starfish)
1.1172282324154355,-0.29176635738030543,PMA-2 (Starfish)
1.5750121482734238,-0.24924977711153656,PMA-2 (Starfish)
1.8401168017143115,-0.14940141227784848,PMA-2 (Starfish)
2.330053514239406,-0.0951992085710526,PMA-2 (Starfish)
2.3581247774007745,0.16761922037582636,PMA-2 (Starfish)
0.7986429655265496,2.3374437072020764,PMA-2 (Starfish)
2.2075062950361857,-0.14415091092521015,PMA-2 (Starfish)
2.839216019845096,-0.0780702436733685,PMA-2 (Starfish)
-0.6744589465996965,-0.9293067433125648,PFM-1 (Butterfly)
-1.6370363154423109,-0.977913594267332,PMA-2 (Starfish)
2.782311426791297,0.5901459322596501,PMA-2 (Starfish)
-0.5113494935272687,-0.9425402645264159,PFM-1 (Butterfly)
-0.23233792840861064,-0.9702446119062027,PFM-1 (Butterfly)
0.010362744875408605,-1.0568439878659797,PFM-1 (Butterfly)
0.27781792740214795,-1.0704174372448392,PFM-1 (Butterfly)
0.4698169168250074,-0.9905567738388834,PFM-1 (Butterfly)
0.6708863278025501,-1.13060493599527,PFM-1 (Butterfly)
0.9482990857833415,-1.0832074201641035,PFM-1 (Butterfly)
1.2482845830863096,-1.0433006066767774,PFM-1 (Butterfly)
1.771596842524604,-0.9401187018398678,PFM-1 (Butterfly)
2.5631578912096913,-0.8887748717199095,PFM-1 (Butterfly)
3.203877204529164,-0.8174552468397581,PFM-1 (Butterfly)
4.295562694836701,-0.5974721041526929,PFM-1 (Butterfly)
3.4930994928852344,-0.555936882759139,PFM-1 (Butterfly)
0.6950917261976147,0.8701382818355579,PFM-1 (Butterfly)
-2.532660603450139,1.013212152975205,PFM-1 (Butterfly)
-2.3350025793725586,0.979664074682549,PFM-1 (Butterfly)
-2.2320133963922517,0.7578624116130338,PFM-1 (Butterfly)
-1.9722347983958743,0.7040222376832868,PFM-1 (Butterfly)
-1.6416740277260267,-0.9812027319659365,PMA-2 (Starfish)
-1.7163517578692122,0.5059710953233991,PFM-1 (Butterfly)
-1.8161441526060718,-0.4051586685988158,PFM-1 (Butterfly)
-1.6250873058715156,-0.6117933409405235,PFM-1 (Butterfly)
-1.565014889572969,-0.4644455821317757,PFM-1 (Butterfly)
-1.4195771224207114,-0.5369218193042293,PFM-1 (Butterfly)
-1.6200910757889333,0.6372415530111025,PFM-1 (Butterfly)
-1.2781335631172528,-0.4533585795719199,PFM-1 (Butterfly)
-1.2028036923037722,-0.5572334518683614,PFM-1 (Butterfly)
-0.9866260297820233,-0.5411049777780622,PFM-1 (Butterfly)
-0.8263857664017328,-0.5752322950911284,PFM-1 (Butterfly)
-0.5808854367496372,-0.640155246018541,PFM-1 (Butterfly)
-0.4764655230873989,-0.5664446812558485,PFM-1 (Butterfly)
-0.20650876015584022,-0.7110186885938906,PFM-1 (Butterfly)
0.06996501503679911,-0.707028190371877,PFM-1 (Butterfly)
0.3212508332094723,-0.7044353277795344,PFM-1 (Butterfly)
0.37661998159591836,-0.7806876798235811,PFM-1 (Butterfly)
-1.4574577476378423,0.5345754900937838,PFM-1 (Butterfly)
0.5766072137883534,-0.8578661346223628,PFM-1 (Butterfly)
0.8662763964554205,-0.933326533637574,PFM-1 (Butterfly)
1.141662907855561,-0.9523783213713104,PFM-1 (Butterfly)
1.3429423694247111,-1.0144596947272235,PFM-1 (Butterfly)
1.6210720600988058,-1.0476432538837084,PFM-1 (Butterfly)
2.10759572150821,-0.9791272428665883,PFM-1 (Butterfly)
2.430876246353366,-0.9504703685242251,PFM-1 (Butterfly)
2.8211416269868335,-0.9664884450260949,PFM-1 (Butterfly)
3.5315954078560647,-0.7914060924860982,PFM-1 (Butterfly)
3.6061172138213484,-0.6593652108667437,PFM-1 (Butterfly)
-1.2390581884109677,0.3080084316473972,PFM-1 (Butterfly)
1.3373427719788362,0.36018658144636184,PFM-1 (Butterfly)
-1.6709004439880688,-1.0668380125922035,PMA-2 (Starfish)
-1.6627409211263111,-0.9871007747436619,PMA-2 (Starfish)
-1.5190904515205574,-1.1530455191991968,PMA-2 (Starfish)
-1.047586368821817,0.3504565694920469,PFM-1 (Butterfly)
-1.5462906560823104,-1.0782465218207515,PMA-2 (Starfish)
-1.4319083184583392,-1.059855088779069,PMA-2 (Starfish)
-1.2611611197650514,-0.8708693075890594,PMA-2 (Starfish)
-1.1997002139737534,-0.9451284185233475,PMA-2 (Starfish)
-1.1606471433508978,-0.9270075422899776,PMA-2 (Starfish)
-1.0997853215360585,-0.9021463970784924,PMA-2 (Starfish)
-1.0357563973482715,-0.9034747336525543,PMA-2 (Starfish)
-0.910094937552311,-0.9431617709286709,PMA-2 (Starfish)
-0.7665839951321282,-0.8362534646746471,PMA-2 (Starfish)
-0.5446242877604723,-0.8803834406321907,PMA-2 (Starfish)
-0.8353110473306719,0.38020575340855695,PFM-1 (Butterfly)
-0.36162273355958496,-0.7677283336944419,PMA-2 (Starfish)
-0.15907447684500486,-0.8161251419630493,PMA-2 (Starfish)
-0.1443765288048838,-0.5977878016575612,PMA-2 (Starfish)
0.09855717413573065,-0.6939083935039447,PMA-2 (Starfish)
0.16824162753552474,-0.7531977524297001,PMA-2 (Starfish)
0.1794177379182573,-0.5594520091655153,PMA-2 (Starfish)
0.40703885611169605,-0.47242103439193817,PMA-2 (Starfish)
0.6101287397813974,-0.4565365057622669,PMA-2 (Starfish)
0.8132184120774552,-0.31579354027290946,PMA-2 (Starfish)
1.149130216379593,-0.3661825059013369,PMA-2 (Starfish)
-0.6544235588487254,0.513833800509375,PFM-1 (Butterfly)
1.8767112905120245,-0.26912366308529934,PMA-2 (Starfish)
1.8660796817436671,-1.03979573798674,PMA-2 (Starfish)
-0.32107196159915197,0.39660693218659226,PFM-1 (Butterfly)
-0.16267932268759072,0.5442106483016482,PFM-1 (Butterfly)
0.21631650974018357,0.5945623787317859,PFM-1 (Butterfly)
-1.590467963926699,-1.0797834772119015,PMA-2 (Starfish)
0.5274807967000408,0.791272241348116,PFM-1 (Butterfly)
0.8447133319648646,0.8331438586867055,PFM-1 (Butterfly)
0.9440530198189314,1.028836913124079,PFM-1 (Butterfly)
-2.1195803525594235,-0.6618134791996403,PMA-2 (Starfish)
1.1735673371469408,1.150757159552814,PFM-1 (Butterfly)
-1.9733416058617397,-0.9522792880013672,PMA-2 (Starfish)
-1.90063048353865,-0.967049505037008,PMA-2 (Starfish)
-1.771218111736629,-1.0937087941136074,PMA-2 (Starfish)
-1.789965405849175,-1.0131433507812575,PMA-2 (Starfish)
-1.7610329867704044,-0.7939007135267643,PMA-2 (Starfish)
-1.640205463440875,-0.8520097109142596,PMA-2 (Starfish)
-1.501099710500445,-0.8943525864583768,PMA-2 (Starfish)
-1.302988255051506,-0.9101566157553981,PMA-2 (Starfish)
-1.102115030709864,-0.9037899683539825,PMA-2 (Starfish)
-1.0350561705288073,-0.7859047653784557,PMA-2 (Starfish)
1.4972629978661374,1.1998822868175445,PFM-1 (Butterfly)
-0.9043540435639362,-0.6738158305939262,PMA-2 (Starfish)
-0.8269112832922811,-0.705725902370425,PMA-2 (Starfish)
-0.633237051615323,-0.6459202303976206,PMA-2 (Starfish)
-0.5730117745793695,-0.5899868851276535,PMA-2 (Starfish)
-0.49690250628885574,-0.6225664759988134,PMA-2 (Starfish)
-0.3834336492309827,-0.5583921725038719,PMA-2 (Starfish)
-0.21573846544689004,-0.5961793780769236,PMA-2 (Starfish)
-0.04596491372415314,-0.5564938259288823,PMA-2 (Starfish)
0.11849502415446539,-0.5203240264987323,PMA-2 (Starfish)
0.3792628005584975,-0.45849432817226315,PMA-2 (Starfish)
1.5088266079746548,1.1460219596813346,PFM-1 (Butterfly)
0.7036230995977955,-0.39302969153193534,PMA-2 (Starfish)
0.7943569281757432,-0.37190400693576087,PMA-2 (Starfish)
0.895980917510787,-0.33992216611020426,PMA-2 (Starfish)
1.2147355500144565,-0.21971285578456173,PMA-2 (Starfish)
1.5804084161244205,-0.1505082818468495,PMA-2 (Starfish)
2.3545822214151486,-0.37896404487530927,PMA-2 (Starfish)
1.74344973238802,1.4850298418041556,PFM-1 (Butterfly)
1.8975481097627762,1.4592413787139527,PFM-1 (Butterfly)
-1.3589589993687274,-1.061526060593794,PFM-1 (Butterfly)
-1.0964478263276518,-0.531168880319532,PFM-1 (Butterfly)
-0.8397154506330204,-0.4765048120123746,PFM-1 (Butterfly)
-0.3980720344358126,-0.4552559536257674,PFM-1 (Butterfly)
-0.0008587103442401511,-0.4342020039457961,PFM-1 (Butterfly)
0.5655048669782284,-0.45857981282706767,PFM-1 (Butterfly)
1.0117033874421273,-0.43556984787252745,PFM-1 (Butterfly)
1.2731516063044541,-0.37095722673327414,PFM-1 (Butterfly)
1.7327613772218977,-0.21766816410100115,PFM-1 (Butterfly)
2.469787626285972,1.0830322399600187,PFM-1 (Butterfly)
2.2051149595319695,-0.10250297897784275,PFM-1 (Butterfly)
2.5691676684017426,-0.10426986627524977,PFM-1 (Butterfly)
2.51981708097584,-0.6750985087144485,PFM-1 (Butterfly)
2.333943315900456,1.236643088914985,PFM-1 (Butterfly)
-1.5410841835777762,-0.8064665091576533,PMA-2 (Starfish)
2.8456902506150197,1.0268880628433026,PFM-1 (Butterfly)
3.58631790434559,0.8349294968937232,PFM-1 (Butterfly)
-1.4195412334094941,-0.2956753703846155,PFM-1 (Butterfly)
-0.9822179785607078,1.3941999569266104,PFM-1 (Butterfly)
-1.2554037800645754,1.997204472244529,PFM-1 (Butterfly)
-1.4552914008996085,2.46317554618192,PFM-1 (Butterfly)
-1.360771597533246,2.0992974180206616,PFM-1 (Butterfly)
-1.5237357655041803,2.3606214240045618,PFM-1 (Butterfly)
-1.6574701285351785,2.4597688256719517,PFM-1 (Butterfly)
4.280853997095329,0.48432958541859045,PFM-1 (Butterfly)
-1.6030528235970056,2.3981411847894196,PFM-1 (Butterfly)
-1.5411458158824385,2.2910885222133945,PFM-1 (Butterfly)
-1.5693923535356982,2.523237162238612,PFM-1 (Butterfly)
-1.2735778878031554,1.7137701394434455,PFM-1 (Butterfly)
-1.2381829011803234,2.0628067544874185,PFM-1 (Butterfly)
-1.0675808476166295,1.9424465621258522,PFM-1 (Butterfly)
-0.8763364775018792,2.088592457065736,PFM-1 (Butterfly)
-0.5885874139195618,1.965857647733545,PFM-1 (Butterfly)
-0.44862488248211196,2.163619319885933,PFM-1 (Butterfly)
-0.37847413317098527,2.2959791598560195,PFM-1 (Butterfly)
3.8977752436704187,0.7464572742563497,PFM-1 (Butterfly)
-0.21374806457486992,2.0963878513916865,PFM-1 (Butterfly)
-0.11496914658810992,2.2372630721365567,PFM-1 (Butterfly)
-0.07625169347915323,2.322058895428601,PFM-1 (Butterfly)
0.024369938003905692,2.183211117803754,PFM-1 (Butterfly)
0.3336243357245718,1.8612337667238246,PFM-1 (Butterfly)
0.7490775145819555,1.5182181657481388,PFM-1 (Butterfly)
1.0251699985298524,1.579748614428447,PFM-1 (Butterfly)
1.2776837158274614,1.7474890146006243,PFM-1 (Butterfly)
1.7001708688063908,1.5360684182294948,PFM-1 (Butterfly)
2.5886065942200447,1.2342209678461273,PFM-1 (Butterfly)
2.4820184345169545,0.583245713487261,PFM-1 (Butterfly)
3.370883938248769,1.22691582210161,PFM-1 (Butterfly)
4.000010473208462,1.12801119718304,PFM-1 (Butterfly)
3.204284724795274,2.010882120130889,PFM-1 (Butterfly)
-1.3974090583781644,-0.9848327039785378,PMA-2 (Starfish)
-2.4928716232819936,-0.778973236216827,PFM-1 (Butterfly)
-2.4613899789573224,-0.2028036799438492,PFM-1 (Butterfly)
-2.4600661237323926,-0.2714573229867133,PFM-1 (Butterfly)
-2.508572679306933,-1.380288776628614,PFM-1 (Butterfly)
-1.3173978133455946,-0.40855729464981283,PFM-1 (Butterfly)
-0.9821767270830988,-0.49836617543241785,PFM-1 (Butterfly)
-0.807709512545772,-0.44819697657973734,PFM-1 (Butterfly)
-0.5527435289267754,-0.29985372325492415,PFM-1 (Butterfly)
-0.2678681561456819,-0.14837871421517784,PFM-1 (Butterfly)
-0.01406430248872794,-0.03838440386965949,PFM-1 (Butterfly)
0.24498681835570074,-0.1850756256805454,PFM-1 (Butterfly)
0.5176147391499556,-0.2514485569654146,PFM-1 (Butterfly)
0.7477799393869994,-0.3004584205825068,PFM-1 (Butterfly)
0.974377866207104,-0.3217076539035949,PFM-1 (Butterfly)
1.1473551646470515,-0.4391239886229974,PFM-1 (Butterfly)
1.6013385663498032,-0.636427786810774,PFM-1 (Butterfly)
2.143024398442352,-0.6736077283689577,PFM-1 (Butterfly)
2.256786432445737,-0.8622711419803007,PFM-1 (Butterfly)
2.8954003891337825,-0.9294448558414594,PFM-1 (Butterfly)
3.365402953582995,-0.959372362032184,PFM-1 (Butterfly)
-1.8935396254722967,-0.3316643110380031,PMA-2 (Starfish)
-1.7321861353443029,-0.7602431391105637,PMA-2 (Starfish)
-1.7237432563197157,-0.937380501645754,PMA-2 (Starfish)
-1.6121654259836857,-1.091061816782372,PMA-2 (Starfish)
-1.5241103125094875,-1.053438891296578,PMA-2 (Starfish)
-1.3701052631031942,-0.9534558194134197,PMA-2 (Starfish)
-1.2814798722543497,-0.8245923684853498,PMA-2 (Starfish)
-1.190963619508383,-0.9603496789277274,PMA-2 (Starfish)
-1.1625426317920158,-1.0300354014068196,PMA-2 (Starfish)
-1.1628407665919838,-0.9577101811638563,PMA-2 (Starfish)
-1.0406998788491915,-0.917894096041781,PMA-2 (Starfish)
-0.9855548913379072,-0.9251159610914018,PMA-2 (Starfish)
-0.9281044386252568,-0.7648893034836143,PMA-2 (Starfish)
-0.8345850465324398,-0.8614915194382704,PMA-2 (Starfish)
-0.7585782458063293,-0.8819652987859014,PMA-2 (Starfish)
-0.544586288541669,-0.813031010242876,PMA-2 (Starfish)
-0.44617863774621586,-0.6938687302361551,PMA-2 (Starfish)
-0.2909817994806385,-0.7051379292294848,PMA-2 (Starfish)
-0.1553119082249435,-0.6788449000293895,PMA-2 (Starfish)
-0.004558390537037018,-0.6892451152213527,PMA-2 (Starfish)
0.11428447394791273,-0.5135164711830907,PMA-2 (Starfish)
0.2615296517347523,-0.5360189180713155,PMA-2 (Starfish)
0.4575986514336008,-0.5082707916679988,PMA-2 (Starfish)
0.6674992320356774,-0.38546627490371177,PMA-2 (Starfish)
0.8937686661445752,-0.32793765817754983,PMA-2 (Starfish)
1.1389241167293898,-0.35005212569482275,PMA-2 (Starfish)
1.3458557334053278,-0.349890150715182,PMA-2 (Starfish)
1.7387564229824715,-0.27968725764571095,PMA-2 (Starfish)
2.284501506824333,-0.24305085324639633,PMA-2 (Starfish)
1.7118075904490018,1.0928811831168974,PMA-2 (Starfish)
-1.2547968874781061,-0.8489751032217926,PMA-2 (Starfish)
-2.7500149584130464,-0.14744591133067778,PFM-1 (Butterfly)
-2.4819492680539716,-1.4024996722327145,PFM-1 (Butterfly)
-2.5416486175844284,-1.8455424512203318,PFM-1 (Butterfly)
-2.4409482829462585,-1.743357754432636,PFM-1 (Butterfly)
-2.741680664728879,-0.677569828370023,PFM-1 (Butterfly)
-2.78039386145895,0.09063607176284294,PFM-1 (Butterfly)
-3.4089523045807826,2.206954529860504,PFM-1 (Butterfly)
-1.2393146632081702,-0.7766322299488039,PMA-2 (Starfish)
-2.8480026285411064,0.6413514057563999,PFM-1 (Butterfly)
-2.3886604088243844,-0.9639058022120668,PFM-1 (Butterfly)
-2.3368284938178983,-0.9221011143602899,PFM-1 (Butterfly)
-2.2916600632018227,-1.1181579502115881,PFM-1 (Butterfly)
-2.250816979002203,-0.9909148045454453,PFM-1 (Butterfly)
-2.2564281518285543,-0.9944848336358549,PFM-1 (Butterfly)
-2.290580230696426,-0.904140803937036,PFM-1 (Butterfly)
-2.2218066719704255,-1.0450823704641847,PFM-1 (Butterfly)
-2.175744616903216,-0.9546905151549385,PFM-1 (Butterfly)
-2.169022794289666,-1.1002719769619556,PFM-1 (Butterfly)
-2.1782284437268458,-1.005185019455656,PFM-1 (Butterfly)
-2.0323296759069027,-0.9822733700594579,PFM-1 (Butterfly)
-1.884381446619609,-0.883656630187922,PFM-1 (Butterfly)
-1.8046529810785044,-0.9663754322118474,PFM-1 (Butterfly)
-1.633616756589449,-0.9795477801806838,PFM-1 (Butterfly)
-1.5901319773165035,-0.9566069020445782,PFM-1 (Butterfly)
-1.463241681570741,-0.8923213245262065,PFM-1 (Butterfly)
-1.3665484163273744,-0.927818962900925,PFM-1 (Butterfly)
-1.283620172206844,-0.7990644858275554,PFM-1 (Butterfly)
-1.1191214620607557,-0.6763238150016535,PFM-1 (Butterfly)
-0.9735610661015787,-0.7942049328782004,PFM-1 (Butterfly)
-0.79248990427301,-0.8088179815300789,PFM-1 (Butterfly)
-0.5745473351237237,-0.8770870197874514,PFM-1 (Butterfly)
-0.49290581244275844,-0.8905762629788528,PFM-1 (Butterfly)
-0.3682448113037849,-0.8368005230268749,PFM-1 (Butterfly)
-0.2520504748919305,-0.7219782984430567,PFM-1 (Butterfly)
-0.10927417049267873,-0.6854390512546752,PFM-1 (Butterfly)
0.09840091887014972,-0.5681326650678489,PFM-1 (Butterfly)
0.3075803757195842,-0.5325711311831749,PFM-1 (Butterfly)
0.7824850975475645,-0.4367195455225587,PFM-1 (Butterfly)
1.3432114112611018,-0.4512102265936065,PFM-1 (Butterfly)
1.7560935478696955,-0.3961417069909813,PFM-1 (Butterfly)
-1.6642212191275363,-1.1439206673148128,PMA-2 (Starfish)
2.326404533071668,-0.503363355440543,PFM-1 (Butterfly)
2.9061541562824624,-0.5509204049225083,PFM-1 (Butterfly)
2.5765271619058274,-1.3408494909136617,PFM-1 (Butterfly)
-1.5998335162798365,-1.4582484409747303,PMA-2 (Starfish)
-1.5948569099205665,-1.1798493433101218,PMA-2 (Starfish)
-1.5013886390068838,-1.170491680793928,PMA-2 (Starfish)
-1.6435745870123772,-0.8006106148158887,PMA-2 (Starfish)
-1.589082363204001,-0.5498111753142367,PMA-2 (Starfish)
-1.3482508591583753,-0.8800472056253517,PMA-2 (Starfish)
-1.1062143242105602,-1.1243873853011042,PMA-2 (Starfish)
-1.5684671548150606,-1.5162836109614002,PMA-2 (Starfish)
-0.9748527402016238,-1.0313077806062911,PMA-2 (Starfish)
-0.7420489345566296,-0.9982049758858622,PMA-2 (Starfish)
-0.7378213804433578,-0.8773923854899163,PMA-2 (Starfish)
-0.7565965035702994,-0.9927113974804301,PMA-2 (Starfish)
-0.6545190409254009,-0.9046996272494681,PMA-2 (Starfish)
-0.6389049851919308,-0.8724651285217219,PMA-2 (Starfish)
-0.5658403623766579,-0.9818193782371579,PMA-2 (Starfish)
-0.43571152246997846,-0.8498239361243696,PMA-2 (Starfish)
-0.3805998636933961,-0.8903751079730821,PMA-2 (Starfish)
-0.2623915354981745,-0.7310245171767051,PMA-2 (Starfish)
-1.540613160930768,-1.5004515961026268,PMA-2 (Starfish)
-0.028776559443858485,-0.8073618168527452,PMA-2 (Starfish)
0.050025811888496745,-0.6287281118517168,PMA-2 (Starfish)
0.202573468187619,-0.5119237266488179,PMA-2 (Starfish)
0.4939742612401607,-0.4148994050394498,PMA-2 (Starfish)
0.6273700513838536,-0.4329048273266796,PMA-2 (Starfish)
0.8177971575752855,-0.4297621898352972,PMA-2 (Starfish)
1.0665031525688524,-0.3877285408202053,PMA-2 (Starfish)
1.5560787029261753,-0.34362319011946924,PMA-2 (Starfish)
-1.4926860851589132,-1.473104748737842,PMA-2 (Starfish)
-1.4713076545753068,-1.3934205262699115,PMA-2 (Starfish)
-1.4877108439960793,-1.441182600727032,PMA-2 (Starfish)
-1.4550848829448197,-1.4079010057053427,PMA-2 (Starfish)
-1.3472967199406385,-1.3815512470355142,PMA-2 (Starfish)
-1.263059429665251,-1.421435107451205,PMA-2 (Starfish)
-1.228866401625751,-1.3098454347502793,PMA-2 (Starfish)
-1.5644805164191666,-0.5586775203380008,PMA-2 (Starfish)
-1.5627701344681997,-0.3640807779781562,PMA-2 (Starfish)
-1.3209626866455828,-0.5986960339637407,PMA-2 (Starfish)
-1.0585208084661053,-1.3584502484341294,PMA-2 (Starfish)
-1.0797137414300113,-0.6109071031821782,PMA-2 (Starfish)
-0.8798259727411871,-0.5188683650484538,PMA-2 (Starfish)
-0.6939789916135394,-0.5263290517174498,PMA-2 (Starfish)
-0.5717440571722437,-0.5832706976949698,PMA-2 (Starfish)
-0.48432622121613733,-0.45423812354241444,PMA-2 (Starfish)
-0.3558214188608296,-0.4117591740275492,PMA-2 (Starfish)
-0.2289268364241742,-0.35300750151069066,PMA-2 (Starfish)
-0.017252307005887778,-0.5033039253968473,PMA-2 (Starfish)
0.12213568229883785,-0.29749464711949064,PMA-2 (Starfish)
0.2365837846636244,-0.19959202563722792,PMA-2 (Starfish)
-0.9807636718924297,-1.242646486280545,PMA-2 (Starfish)
0.35830679913278096,-0.2680542246317813,PMA-2 (Starfish)
0.7888663952031436,-0.24221102887976387,PMA-2 (Starfish)
1.287100897654669,-0.12720833731083545,PMA-2 (Starfish)
2.206774225487609,-0.07684946358540655,PMA-2 (Starfish)
1.799502093073253,0.6147225603271511,PMA-2 (Starfish)
-0.862905707093016,-1.1965910587922286,PMA-2 (Starfish)
-0.7304668114493161,-1.0943544931613784,PMA-2 (Starfish)
-0.602480376962612,-1.0416675519294154,PMA-2 (Starfish)
-2.2047639307189675,-0.3663432101403486,PFM-1 (Butterfly)
-1.9414075560539583,-0.5466282085151595,PFM-1 (Butterfly)
-1.6871711822284103,-0.5074013710147616,PFM-1 (Butterfly)
-1.6666742279990407,-0.5770119379557848,PFM-1 (Butterfly)
-1.619250214569644,-0.49057472948733527,PFM-1 (Butterfly)
-1.488064451266669,-0.5531837116907141,PFM-1 (Butterfly)
-1.3629333040594709,-0.6436289749498944,PFM-1 (Butterfly)
-1.1222559235217278,-0.6593570840096885,PFM-1 (Butterfly)
-0.8672848137665721,-0.7496431094021357,PFM-1 (Butterfly)
-0.7996912537481388,-0.8311171791329087,PFM-1 (Butterfly)
-0.5082973100062007,-0.8795592902466337,PMA-2 (Starfish)
-0.7438221394828287,-0.6655936177482312,PFM-1 (Butterfly)
-0.5596333721600718,-0.729762802978351,PFM-1 (Butterfly)
-0.3175714003248373,-0.7356042089649527,PFM-1 (Butterfly)
-0.1763641613366278,-0.8738843788345972,PFM-1 (Butterfly)
0.02647300947178424,-0.8525488732113383,PFM-1 (Butterfly)
0.3723794431362997,-0.8578537034554291,PFM-1 (Butterfly)
0.5458889760901815,-0.9576029459894279,PFM-1 (Butterfly)
0.9963769082103265,-0.9817509667218114,PFM-1 (Butterfly)
1.2800370534644852,-0.9238302753540625,PFM-1 (Butterfly)
1.4016855710008735,-0.9071640388661585,PFM-1 (Butterfly)
-0.4198020972108316,-0.8291557897302858,PMA-2 (Starfish)
1.737444819005701,-0.971510962174387,PFM-1 (Butterfly)
2.13182806006197,-0.8451785397893152,PFM-1 (Butterfly)
2.6372580795150626,-0.6843430935953889,PFM-1 (Butterfly)
-0.22842501606333504,-0.6152656293310432,PMA-2 (Starfish)
-0.15647710152104014,-0.6202867047134308,PMA-2 (Starfish)
-0.13353444173808426,-0.4655540950613597,PMA-2 (Starfish)
-0.026106786756569713,-0.501028967405445,PMA-2 (Starfish)
-0.021947838210342074,-0.37068813890252755,PMA-2 (Starfish)
0.12100966089626487,-0.2375574523349186,PMA-2 (Starfish)
0.21550838114783213,-0.24144995346566364,PMA-2 (Starfish)
0.2803159526025432,-0.2647274942441025,PMA-2 (Starfish)
0.47710857772622606,-0.22758697391906563,PMA-2 (Starfish)
0.8477078079392572,-0.11870420462346475,PMA-2 (Starfish)
1.214901442131593,-0.24827430370655937,PMA-2 (Starfish)
-2.406815307639551,1.4497677146004815,PFM-1 (Butterfly)
-1.9432207117908673,0.81722062440689,PFM-1 (Butterfly)
-1.716042540082364,0.5506769066426521,PFM-1 (Butterfly)
-1.7607863872957912,1.007335516158838,PFM-1 (Butterfly)
-1.7582648977905233,1.411072278262366,PFM-1 (Butterfly)
-1.6537185416652316,1.4260352798494491,PFM-1 (Butterfly)
-1.5908550038525606,1.3851045802640432,PFM-1 (Butterfly)
-1.3564999635094395,1.1534647315413802,PFM-1 (Butterfly)
-1.2259665842968153,1.2406452540092958,PFM-1 (Butterfly)
-1.1602362306621794,1.2592359505613884,PFM-1 (Butterfly)
1.3892831343857204,-0.24223588232565038,PMA-2 (Starfish)
-0.9294684014416379,0.9911459930434372,PFM-1 (Butterfly)
-0.7956959131576451,1.0311858531812903,PFM-1 (Butterfly)
-0.6849550485340642,1.134870370928905,PFM-1 (Butterfly)
-0.3130017245380988,0.9372906082008089,PFM-1 (Butterfly)
-0.23608687900345773,1.0453021054306002,PFM-1 (Butterfly)
-0.09320729209712432,1.360448999413007,PFM-1 (Butterfly)
0.29738798465846933,1.3054960835469627,PFM-1 (Butterfly)
0.5953108087221535,1.0419672611622666,PFM-1 (Butterfly)
0.68866910361712,1.2436556980730407,PFM-1 (Butterfly)
1.2809648074141016,1.237582104591797,PFM-1 (Butterfly)
1.7701124615679058,-0.1330781414498813,PMA-2 (Starfish)
1.6698036169523256,1.2128989079674335,PFM-1 (Butterfly)
2.383592646036294,0.9691968007043531,PFM-1 (Butterfly)
3.1311038579931325,0.7691336715643173,PFM-1 (Butterfly)
2.2463390396923284,-0.1583076522620173,PMA-2 (Starfish)
-1.3861979985052675,-1.1780702595685695,PMA-2 (Starfish)
-1.2618396727545582,-1.1408363278137448,PMA-2 (Starfish)
1.0893746588984885,1.2268337332976949,PMA-2 (Starfish)
-1.1755503464562347,-1.1476817580080927,PMA-2 (Starfish)
-1.1399322249970874,-1.1385036996233557,PMA-2 (Starfish)
-0.9598683728762246,-1.1025865313715262,PMA-2 (Starfish)
-0.784234681963721,-1.049524145696854,PMA-2 (Starfish)
-0.5955681790050235,-1.0469711578828529,PMA-2 (Starfish)
-0.4762401768857912,-0.9831812217087719,PMA-2 (Starfish)
-0.3830655985562752,-0.9434132502082571,PMA-2 (Starfish)
-0.20041597384260196,-0.8809152607945983,PMA-2 (Starfish)
-0.06662125870070972,-0.7262312655965734,PMA-2 (Starfish)
-0.0076862040179373385,-0.7245462442641285,PMA-2 (Starfish)
0.18379573754235123,-0.6296646832014301,PMA-2 (Starfish)
0.45263087355172743,-0.49190730629114915,PMA-2 (Starfish)
0.7927707737376097,-0.40520356888330533,PMA-2 (Starfish)
1.2782928136876341,-0.33207823813858955,PMA-2 (Starfish)
1.8129264872693451,-0.19522096352294208,PMA-2 (Starfish)
2.127002724903976,-0.24657126814387575,PMA-2 (Starfish)
-2.317660105428722,0.27332284490990494,PMA-2 (Starfish)
-1.610423801160259,-1.144125577547808,PMA-2 (Starfish)
-1.5639844072634144,-1.067851155605455,PMA-2 (Starfish)
-1.5151989846883243,-1.0804483276503505,PMA-2 (Starfish)
-1.3456842018647355,-1.0639483397038103,PMA-2 (Starfish)
-1.3560561529619588,-0.9747780545298846,PMA-2 (Starfish)
-1.2613551277687283,-0.9630948450218645,PMA-2 (Starfish)
-1.1244622801521291,-0.8620714488140122,PMA-2 (Starfish)
-0.8470774695191536,-0.8491366230260456,PMA-2 (Starfish)
-0.7425227696992334,-0.8092601042543153,PMA-2 (Starfish)
-0.5611156578780928,-0.8088481464634133,PMA-2 (Starfish)
-0.4301113756411436,-0.6829392854304774,PMA-2 (Starfish)
-0.3118476049535771,-0.7666153930180574,PMA-2 (Starfish)
-0.19526364510983935,-0.7003558470785922,PMA-2 (Starfish)
0.0235866004676089,-0.5803363293293695,PMA-2 (Starfish)
0.15757365968785625,-0.47070513636427874,PMA-2 (Starfish)
0.4097001606204476,-0.395602923052426,PMA-2 (Starfish)
0.8151453199668844,-0.4053104163936541,PMA-2 (Starfish)
1.1745318835757665,-0.25777316026915426,PMA-2 (Starfish)
1.484862288148548,-0.2730838792282814,PMA-2 (Starfish)
2.1120256977965908,-0.2822831074704539,PMA-2 (Starfish)
0.04968988862719613,2.134348419671904,PMA-2 (Starfish)
-2.4851442504498844,-0.09381447187966553,PFM-1 (Butterfly)
-2.3467086820640715,-0.3738411369020134,PFM-1 (Butterfly)
-2.2351517992359633,-0.3350771289468447,PFM-1 (Butterfly)
-2.345738337303042,-0.15210197717054136,PFM-1 (Butterfly)
-2.137915868788419,-0.1853713369681136,PFM-1 (Butterfly)
-2.0827160698192526,-0.25973952073334716,PFM-1 (Butterfly)
-1.9655436985526464,-0.26630897089787325,PFM-1 (Butterfly)
-1.9865098001042099,-0.4986595740286235,PFM-1 (Butterfly)
-1.8974055339079117,-0.31822972610063605,PFM-1 (Butterfly)
-1.843459660421844,-0.522538118627648,PFM-1 (Butterfly)
-1.6259256909472004,-0.6232812356757231,PFM-1 (Butterfly)
-1.5492625898049894,-0.5403942393141175,PFM-1 (Butterfly)
-1.421703209088311,-0.5659926278721845,PFM-1 (Butterfly)
-1.2771483712827176,-0.778046448605848,PFM-1 (Butterfly)
-1.2253762589335984,-0.7247616555907783,PFM-1 (Butterfly)
-1.0669722587070012,-0.7553764440276363,PFM-1 (Butterfly)
-0.8650771024118747,-0.6325964271875909,PFM-1 (Butterfly)
-1.9262766060211294,-0.3015893315692523,PFM-1 (Butterfly)
-0.7289138743831689,-0.6522731726763661,PFM-1 (Butterfly)
-0.6021854840645188,-0.7321433608637968,PFM-1 (Butterfly)
-0.5113680035837358,-0.6199013133439931,PFM-1 (Butterfly)
-0.39784449737879796,-0.619386616853208,PFM-1 (Butterfly)
-0.03028656711146614,-0.6970369428115059,PFM-1 (Butterfly)
-0.04633082819236133,-0.6083627025463836,PFM-1 (Butterfly)
0.2484431509858644,-0.6830354961682695,PFM-1 (Butterfly)
0.41026318299046766,-0.5932932735291686,PFM-1 (Butterfly)
0.6836371516054625,-0.8295717331207503,PFM-1 (Butterfly)
1.0096647724775776,-0.7981898740208178,PFM-1 (Butterfly)
-1.8174861967648719,-0.4096633362562492,PFM-1 (Butterfly)
1.4620588336533857,-0.7827230606797915,PFM-1 (Butterfly)
2.13477975493897,-0.77758431887357,PFM-1 (Butterfly)
2.5108091256411664,-0.7847573608611429,PFM-1 (Butterfly)
2.2398103505105484,-0.6429002540998368,PFM-1 (Butterfly)
0.48320618503349855,0.09847297247666258,PFM-1 (Butterfly)
-1.719077737976416,-0.32149038989623446,PFM-1 (Butterfly)
-1.4904602402746328,-0.5931607319820875,PFM-1 (Butterfly)
-1.3715233778884972,-0.478223006987798,PFM-1 (Butterfly)
-1.1359510999068139,-0.8830401709828194,PFM-1 (Butterfly)
-2.2223788252648085,-0.1842848436612689,PFM-1 (Butterfly)
-1.8615488227334773,-1.1450277028957576,PFM-1 (Butterfly)
-1.7454143514788933,-1.2765682349154823,PFM-1 (Butterfly)
-1.204979796821219,-0.5320439708038501,PFM-1 (Butterfly)
-1.6134024584742306,-1.2855838727378,PFM-1 (Butterfly)
-1.5300395320471691,-1.299683272321806,PFM-1 (Butterfly)
-1.4209315939369982,-1.3157933435267255,PFM-1 (Butterfly)
-1.3636944583064916,-1.1995453313092301,PFM-1 (Butterfly)
-1.2887977377285236,-1.1812738280927026,PFM-1 (Butterfly)
-1.1663395708198072,-1.1082473470773182,PFM-1 (Butterfly)
-1.0973018375569024,-1.141416006094877,PFM-1 (Butterfly)
-1.0727608915329507,-1.1726118182810428,PFM-1 (Butterfly)
-0.9163590192877543,-1.1477815494572576,PFM-1 (Butterfly)
-0.887008705242157,-1.1911134587192977,PFM-1 (Butterfly)
-1.003408352072126,-0.6408442477256753,PFM-1 (Butterfly)
-0.7344968795198907,-1.1148797820105296,PFM-1 (Butterfly)
-0.5291358879775603,-1.0284925117885904,PFM-1 (Butterfly)
-0.38026630464232336,-0.9378375959591007,PFM-1 (Butterfly)
-0.10195975922459341,-1.0530173306671762,PFM-1 (Butterfly)
0.05330350649570466,-0.9327792269231024,PFM-1 (Butterfly)
0.28537590506633675,-0.8114369640297112,PFM-1 (Butterfly)
0.46489709893233677,-0.9313903452099668,PFM-1 (Butterfly)
0.7300116725067355,-0.8023104015656178,PFM-1 (Butterfly)
0.7757596294500931,-0.8283549565864332,PFM-1 (Butterfly)
1.10431838858017,-0.7771299315300504,PFM-1 (Butterfly)
-0.8555139453102796,-0.6448806629150797,PFM-1 (Butterfly)
1.5051179130980976,-0.737833465414532,PFM-1 (Butterfly)
1.8609603818100007,-0.6555433887042033,PFM-1 (Butterfly)
2.5327185967560584,-0.5694688079771684,PFM-1 (Butterfly)
3.3633648916970977,-0.4822385610670758,PFM-1 (Butterfly)
2.150687545070797,-1.437278920293214,PFM-1 (Butterfly)
-0.5862232275192966,-0.6717690889796014,PFM-1 (Butterfly)
-1.374441998029169,-1.1669029534119721,PMA-2 (Starfish)
-0.42022383557333803,-0.7406439020110311,PFM-1 (Butterfly)
-1.2853369728194954,-1.2111165668149129,PMA-2 (Starfish)
-1.211851306348272,-1.1804809922706854,PMA-2 (Starfish)
-1.212764137113786,-1.1178333487473346,PMA-2 (Starfish)
-1.1632661031288536,-1.0887169708183895,PMA-2 (Starfish)
-1.1120317845452181,-1.085251248863242,PMA-2 (Starfish)
-1.0341894633188375,-1.0147371147713005,PMA-2 (Starfish)
-0.9324893874881713,-1.0663346298244456,PMA-2 (Starfish)
-0.7470713036671719,-0.9932402263064026,PMA-2 (Starfish)
-0.6206703325089937,-1.052429722458344,PMA-2 (Starfish)
-0.563712662555091,-0.8336802869367698,PMA-2 (Starfish)
-0.15820479603186324,-0.6262425213917447,PFM-1 (Butterfly)
-0.39088583658746684,-0.9152777658344879,PMA-2 (Starfish)
-0.23667347391429303,-0.7536192369435093,PMA-2 (Starfish)
-0.09898848419413847,-0.6967773264761367,PMA-2 (Starfish)
0.089019045617437,-0.5739172618429853,PMA-2 (Starfish)
0.369717780563218,-0.5402200383854665,PMA-2 (Starfish)
0.5233929093280929,-0.453770325610529,PMA-2 (Starfish)
0.7763874255025256,-0.4646879082950746,PMA-2 (Starfish)
1.1061363455027593,-0.44114716631137646,PMA-2 (Starfish)
1.5114421337936885,-0.4584388669525509,PMA-2 (Starfish)
2.1962956976386176,-0.29019843955826025,PMA-2 (Starfish)
0.059069830107583814,-0.6756383618835813,PFM-1 (Butterfly)
2.200481139636341,0.12275464926295836,PMA-2 (Starfish)
-0.02133589545565568,1.9759598304313453,PMA-2 (Starfish)
0.23856815043424717,-0.832858070113966,PFM-1 (Butterfly)
0.5342964545552153,-0.8880159047784281,PFM-1 (Butterfly)
0.6557170065150822,-0.751430401805634,PFM-1 (Butterfly)
0.9484064648537768,-0.7938871951663942,PFM-1 (Butterfly)
1.4282606259589357,-0.8433988351726064,PFM-1 (Butterfly)
1.89003109203133,-0.7999817500355851,PFM-1 (Butterfly)
2.4330339119786095,-0.7449492187130328,PFM-1 (Butterfly)
2.9423803629341716,-0.8829655701689683,PFM-1 (Butterfly)
2.5880562373414913,-0.6440108284938217,PFM-1 (Butterfly)
0.8410872822832597,0.573154744955575,PFM-1 (Butterfly)
3.364515306127904,0.03678387986532188,PFM-1 (Butterfly)
0.17635884841467464,2.901530330144382,PFM-1 (Butterfly)
-1.9953288612793012,-0.03572530775477119,PMA-2 (Starfish)
-1.4100450436829706,-1.0526475027945403,PMA-2 (Starfish)
-1.1960227163495583,-1.2224057261544223,PMA-2 (Starfish)
-1.2900115732242792,-1.085401122785589,PMA-2 (Starfish)
-1.545407527250999,-0.6536203966609557,PMA-2 (Starfish)
-1.987351157220582,-0.7747502024556684,PFM-1 (Butterfly)
-1.4647134001602806,-0.025150721675169938,PFM-1 (Butterfly)
-1.2776599614983293,-0.06033037304143043,PFM-1 (Butterfly)
-1.3107412059754235,-0.13619327091757677,PFM-1 (Butterfly)
-1.220443302472361,0.38771412827989216,PFM-1 (Butterfly)
-1.1806132555232975,0.3410485760642636,PFM-1 (Butterfly)
-1.0822952587751828,0.5671893976886581,PFM-1 (Butterfly)
-0.9371539926544438,0.33113847076051195,PFM-1 (Butterfly)
-0.8993334956034151,0.5689663270986131,PFM-1 (Butterfly)
-0.8027030747916557,0.72131839332423,PFM-1 (Butterfly)
-1.1136299535261427,-0.9968503514710271,PMA-2 (Starfish)
-0.6125339991980706,0.6526959654563302,PFM-1 (Butterfly)
-0.4193116550164889,0.9467566206803714,PFM-1 (Butterfly)
-0.45422706962092835,0.8997839665117909,PFM-1 (Butterfly)
-0.1482975931790643,0.7963754760697406,PFM-1 (Butterfly)
0.04402460332016864,0.917650415197958,PFM-1 (Butterfly)
0.11265082959705966,1.0444388240866258,PFM-1 (Butterfly)
0.4394661609916048,0.965014234888455,PFM-1 (Butterfly)
0.5287914570646695,1.0809989556281763,PFM-1 (Butterfly)
0.7666435058171452,1.1419874512614094,PFM-1 (Butterfly)
1.088444272976809,0.9242578249670975,PFM-1 (Butterfly)
-0.9680796296935884,-1.1217406261411818,PMA-2 (Starfish)
1.2913665019914964,0.7017960336078533,PFM-1 (Butterfly)
1.843153284423397,0.6112002928588339,PFM-1 (Butterfly)
2.1038023323741903,0.5440060729105043,PFM-1 (Butterfly)
2.6526460526593105,0.5102899767831062,PFM-1 (Butterfly)
2.842592254597698,0.023563340554338744,PFM-1 (Butterfly)
3.37634525794996,0.39375689639224604,PFM-1 (Butterfly)
-0.9718322456183163,-1.0979860574788811,PMA-2 (Starfish)
-0.9436028741029256,-1.10515163392384,PMA-2 (Starfish)
-2.0461766590466253,-0.40989653625085426,PMA-2 (Starfish)
-0.921884662652854,-1.1106932345722316,PMA-2 (Starfish)
-1.882581811047318,-0.645323789215597,PMA-2 (Starfish)
-1.6337212613931453,-1.1196385041688472,PMA-2 (Starfish)
-1.5756283547510144,-1.1064702847778316,PMA-2 (Starfish)
-1.4121517937944799,-1.2381851140535485,PMA-2 (Starfish)
-1.2957869985460806,-1.1900247123941596,PMA-2 (Starfish)
-1.314899219874627,-1.1440158871675543,PMA-2 (Starfish)
-1.1306407878306883,-0.8523942345516902,PMA-2 (Starfish)
-1.2127795881229733,-1.0968737808463678,PMA-2 (Starfish)
-1.158551205453574,-1.1507960691416936,PMA-2 (Starfish)
-1.1045695912930016,-0.9953048513609971,PMA-2 (Starfish)
-0.8838183525369915,-1.127992273645421,PMA-2 (Starfish)
-1.028576423116944,-1.1302537021656085,PMA-2 (Starfish)
-0.7418011300046091,-1.0036526502379817,PMA-2 (Starfish)
-0.7713008499238078,-1.0725150247185244,PMA-2 (Starfish)
-0.5414028001349068,-0.8679742084440505,PMA-2 (Starfish)
-0.6008635243579524,-0.9714055409883209,PMA-2 (Starfish)
-0.5547282538980778,-0.9028078182464191,PMA-2 (Starfish)
-0.36263770321768146,-0.9201056734885924,PMA-2 (Starfish)
-0.4057474065713042,-0.9028466377123844,PMA-2 (Starfish)
-0.2501850748136365,-0.798149091720182,PMA-2 (Starfish)
-0.13531288635501115,-0.7466735203303829,PMA-2 (Starfish)
-0.8489601227545581,-0.9943229039847191,PMA-2 (Starfish)
-0.116915540184866,-0.6515631359711863,PMA-2 (Starfish)
0.19002909967568754,-0.6074809386205353,PMA-2 (Starfish)
0.3193903677613138,-0.6845201253153256,PMA-2 (Starfish)
0.3352980366671008,-0.44442051321786674,PMA-2 (Starfish)
0.5608228275283944,-0.6018116594170106,PMA-2 (Starfish)
0.7223941962340691,-0.5987073790032584,PMA-2 (Starfish)
0.9283069268231882,-0.4070598257899472,PMA-2 (Starfish)
1.1728669583865077,-0.34686446315796654,PMA-2 (Starfish)
1.5817705625468976,-0.2385038850437438,PMA-2 (Starfish)
2.0593627525051383,-0.14776882619559847,PMA-2 (Starfish)
-0.7916224638936841,-1.007523265610672,PMA-2 (Starfish)
-0.7074324453281025,-0.9754729708407642,PMA-2 (Starfish)
-0.6964028664622235,-0.9244441214390977,PMA-2 (Starfish)
-0.638607344463704,-0.8308439613630296,PMA-2 (Starfish)
-0.5812566967052429,-0.8518420728663904,PMA-2 (Starfish)
-0.46695296575949824,-0.8893872095321566,PMA-2 (Starfish)
-0.2919902207385281,-0.737327388167712,PMA-2 (Starfish)
-0.1981389946007033,-0.7122883228934741,PMA-2 (Starfish)
-0.05162002338091196,-0.750090344561758,PMA-2 (Starfish)
0.002274347832026511,-0.6213770537043469,PMA-2 (Starfish)
-2.346829912303567,-0.7007280761668977,PMA-2 (Starfish)
-2.192342391304476,-0.9148226409526359,PMA-2 (Starfish)
-2.042509763126336,-1.1498986499719497,PMA-2 (Starfish)
-2.0249950787427475,-0.9359990855831029,PMA-2 (Starfish)
-1.9237124603190165,-1.0370527346046547,PMA-2 (Starfish)
-1.8589363724854782,-1.1622293308689484,PMA-2 (Starfish)
-1.821589735752358,-1.1286772246943118,PMA-2 (Starfish)
-1.6068212154596595,-1.0920637015486938,PMA-2 (Starfish)
-1.5043735661276105,-1.0980905506182121,PMA-2 (Starfish)
-1.4133438464978685,-1.0133107789803009,PMA-2 (Starfish)
0.20323919039970303,-0.4928898376510724,PMA-2 (Starfish)
-1.331934401878791,-1.0573800726803388,PMA-2 (Starfish)
-1.0899700422464795,-1.0480939643633491,PMA-2 (Starfish)
-1.079232337568632,-0.981829409743456,PMA-2 (Starfish)
-0.9600702161960727,-0.9994645624274715,PMA-2 (Starfish)
-0.9043503899545385,-1.0186661448998717,PMA-2 (Starfish)
-0.8361998686843576,-0.9311993797058524,PMA-2 (Starfish)
-0.8529068869954967,-0.991636701713028,PMA-2 (Starfish)
-0.777764296544682,-0.7764546536216058,PMA-2 (Starfish)
-0.6857819455066156,-0.8322498926398765,PMA-2 (Starfish)
-0.631983320959586,-0.8937731013824564,PMA-2 (Starfish)
0.4127746183337519,-0.5626142063903604,PMA-2 (Starfish)
-0.5096299544834252,-0.8517292431186659,PMA-2 (Starfish)
-0.3152829051590481,-0.6650125655520898,PMA-2 (Starfish)
-0.11792406021152382,-0.675992894011861,PMA-2 (Starfish)
-0.045094969773324195,-0.6847596363877665,PMA-2 (Starfish)
0.14651038361807664,-0.6832988214135525,PMA-2 (Starfish)
0.2423851516597216,-0.49010319413099995,PMA-2 (Starfish)
0.4880566567147188,-0.45959487498357915,PMA-2 (Starfish)
0.7432803614200156,-0.4534232554191091,PMA-2 (Starfish)
1.0208607181770986,-0.40837512081172184,PMA-2 (Starfish)
1.2438267518154167,-0.3286525802446563,PMA-2 (Starfish)
0.6273001985391656,-0.4715217232482924,PMA-2 (Starfish)
1.4301328119295191,-0.29381988455534613,PMA-2 (Starfish)
0.9099707402042088,0.673218290357374,PMA-2 (Starfish)
0.7272206362326059,-0.40858222136713757,PMA-2 (Starfish)
-2.5722182873299033,2.5870307926179974,PFM-1 (Butterfly)
-2.0247904970232566,0.6390869541823394,PFM-1 (Butterfly)
-2.1792947674607617,1.3320088011615012,PFM-1 (Butterfly)
-1.9308652532197208,0.4962120578674135,PFM-1 (Butterfly)
-1.921548415627769,0.48776790971982636,PFM-1 (Butterfly)
0.7927796879638409,-0.3480382610737179,PMA-2 (Starfish)
-1.8244287720371113,0.44850684960588105,PFM-1 (Butterfly)
-1.6849605858338805,0.21164682168813104,PFM-1 (Butterfly)
-1.6795680902213852,0.5594789382260064,PFM-1 (Butterfly)
-1.4192102882041147,0.3018913509460824,PFM-1 (Butterfly)
-1.3897442893611478,0.4492633130148595,PFM-1 (Butterfly)
-1.3499077204744372,0.551316330931395,PFM-1 (Butterfly)
-1.0999097480051094,0.4216647518815618,PFM-1 (Butterfly)
-1.1416468860092228,0.7184210132182489,PFM-1 (Butterfly)
-1.0563838223851794,0.7057358788682614,PFM-1 (Butterfly)
-0.9154395934583018,0.435448265300483,PFM-1 (Butterfly)
0.9934191831537668,-0.3183654935504792,PMA-2 (Starfish)
-0.837598018008003,0.34157847122165774,PFM-1 (Butterfly)
-0.6934391514805793,0.28664086653565607,PFM-1 (Butterfly)
-0.6982900740328402,0.3837852829238196,PFM-1 (Butterfly)
-0.4853672362130363,0.20128886123273781,PFM-1 (Butterfly)
-0.22506655972141587,0.26767388877286097,PFM-1 (Butterfly)
0.06921872573779343,0.27775123570682114,PFM-1 (Butterfly)
0.21903248142491594,0.7837188195692487,PFM-1 (Butterfly)
0.49061877898640033,0.32675784858460066,PFM-1 (Butterfly)
0.7775131789609293,0.31020171936370144,PFM-1 (Butterfly)
0.8978928783129996,-0.02133801206502433,PFM-1 (Butterfly)
1.363974529396307,-0.07611894779981765,PMA-2 (Starfish)
1.2299826532357752,-0.23386313283835622,PFM-1 (Butterfly)
1.451576844974532,-0.32254099605805414,PFM-1 (Butterfly)
1.593665016836448,-0.44593686227823826,PFM-1 (Butterfly)
1.9645571281918826,-0.5801560833739252,PFM-1 (Butterfly)
2.346437837518664,-0.6637831695772993,PFM-1 (Butterfly)
3.1844340619940557,-0.6587463209467993,PFM-1 (Butterfly)
2.483595158018524,-0.8121079289830438,PFM-1 (Butterfly)
1.3995061519597232,-0.17008897302094245,PFM-1 (Butterfly)
0.4526704337973812,1.408541417815065,PMA-2 (Starfish)
-1.437972173163354,-1.0945198341319062,PMA-2 (Starfish)
-1.1621395979761904,-1.2321980775374586,PMA-2 (Starfish)
-1.08672079478289,-1.188120888419075,PMA-2 (Starfish)
-0.9764232233059879,-1.319771650540018,PMA-2 (Starfish)
-0.9929809233213027,-1.1322404049882644,PMA-2 (Starfish)
-0.7828500250191961,-1.1603211086459977,PMA-2 (Starfish)
-0.7322969956439916,-1.0881929348285735,PMA-2 (Starfish)
-0.5876655305694918,-1.1127022714330315,PMA-2 (Starfish)
-0.4804963370467293,-1.0896733932052938,PMA-2 (Starfish)
-0.37173026419565836,-1.0879149944333122,PMA-2 (Starfish)
-0.29160088775119203,-1.1152615816438098,PMA-2 (Starfish)
-0.21782340987488805,-0.9992647493897316,PMA-2 (Starfish)
-0.14116863864729906,-0.8167234378633247,PMA-2 (Starfish)
-0.02859665706904816,-0.8442273969090935,PMA-2 (Starfish)
-0.02269791645870124,-0.7322616867381145,PMA-2 (Starfish)
0.18523804920451828,-0.7363360714719456,PMA-2 (Starfish)
0.15207777702090583,-0.6719288603277901,PMA-2 (Starfish)
0.17295797754199904,-0.5831748986647857,PMA-2 (Starfish)
0.26156883561265615,-0.6239799416660152,PMA-2 (Starfish)
0.40063428290608794,-0.6119859846409548,PMA-2 (Starfish)
0.5082658904173217,-0.5223726153322957,PMA-2 (Starfish)
0.6108529573323774,-0.4120339190261161,PMA-2 (Starfish)
0.5441112093477246,-0.3421950670855448,PMA-2 (Starfish)
0.6920383225751944,-0.3602398910765865,PMA-2 (Starfish)
0.7465431032158566,-0.4038078364226507,PMA-2 (Starfish)
0.893146082838561,-0.29101019239347664,PMA-2 (Starfish)
1.1556894508543494,-0.21808957880496102,PMA-2 (Starfish)
1.171817894137583,-0.024907615288804082,PMA-2 (Starfish)
-1.7136108308390205,-0.8220031251425096,PMA-2 (Starfish)
-1.6049896735497426,-0.9483698813334827,PMA-2 (Starfish)
-1.488124402144495,-0.9402284287524165,PMA-2 (Starfish)
-1.4000930532387004,-1.1084906599407323,PMA-2 (Starfish)
-1.3434306180770474,-1.0482976939497104,PMA-2 (Starfish)
-1.158412075689947,-1.1916543144037814,PMA-2 (Starfish)
-1.1282859066488298,-1.0557188867066059,PMA-2 (Starfish)
-0.9323933663189522,-0.9010039198006553,PMA-2 (Starfish)
-0.7024615389551825,-0.7605337025787549,PMA-2 (Starfish)
-0.6067981010393068,-0.6325668729567275,PMA-2 (Starfish)
-0.5510397692612645,-0.7412849194961249,PMA-2 (Starfish)
-0.33508618857694017,-0.6415853435571105,PMA-2 (Starfish)
-0.20718749126581956,-0.6021233881816522,PMA-2 (Starfish)
-0.10637922286965418,-0.5850277641562444,PMA-2 (Starfish)
-0.011860141113516746,-0.5609854716903548,PMA-2 (Starfish)
0.25806421126009155,-0.6259526326188709,PMA-2 (Starfish)
0.4292321580803247,-0.43778125782097843,PMA-2 (Starfish)
0.5603905185615135,-0.3651781663851612,PMA-2 (Starfish)
0.9072970823407221,-0.2793049837050071,PMA-2 (Starfish)
1.155913435588331,-0.39515112351166437,PMA-2 (Starfish)
1.393106728493794,-0.30285234193629196,PMA-2 (Starfish)
2.045315882502756,-0.18338914364292289,PMA-2 (Starfish)
2.2714572668193402,0.06660915285089139,PMA-2 (Starfish)
-0.37145283718062344,-0.8674405943700823,PMA-2 (Starfish)
-0.5851958464302124,-0.8565535724980212,PMA-2 (Starfish)
-0.6209770340765475,-1.0769796675320853,PMA-2 (Starfish)
-0.7671727343885572,-0.9350084002253758,PMA-2 (Starfish)
-0.7971434372328269,-0.9663894672557559,PMA-2 (Starfish)
-0.8003269478722167,-1.0230405402430114,PMA-2 (Starfish)
-0.782710115828762,-0.9823258946337041,PMA-2 (Starfish)
-2.530667208641603,2.5886098225414553,PFM-1 (Butterfly)
-0.5972629731476146,-0.9496165968155971,PMA-2 (Starfish)
-0.47232988308675755,-0.8823057377303418,PMA-2 (Starfish)
-0.4567878891300812,-0.8174497573908892,PMA-2 (Starfish)
-0.467553184745809,-0.9086970933751636,PMA-2 (Starfish)
-0.41637276963659564,-0.8206828142307732,PMA-2 (Starfish)
-0.34574756464467465,-0.7693940470735798,PMA-2 (Starfish)
-0.21590598622066823,-0.7210527388494479,PMA-2 (Starfish)
-0.12007265275969553,-0.7820676359392144,PMA-2 (Starfish)
-0.01355313952616544,-0.6581190411712932,PMA-2 (Starfish)
0.2711968295201885,-0.48563860233963174,PMA-2 (Starfish)
0.429181261284394,-0.44096955185916825,PMA-2 (Starfish)
0.593259269481051,-0.501530756933713,PMA-2 (Starfish)
0.9158550111765666,-0.397259629446202,PMA-2 (Starfish)
0.9023002848475048,-0.24384346573987606,PMA-2 (Starfish)
1.369836592490656,-0.23981358516132625,PMA-2 (Starfish)
-2.7257394339683256,3.1535566655829097,PFM-1 (Butterfly)
-2.8587733177718104,1.2711585055311265,PFM-1 (Butterfly)
-2.205201521934497,-0.30634215147059185,PFM-1 (Butterfly)
-2.1568021063570466,-0.3707148720629887,PFM-1 (Butterfly)
-1.6564139104236622,0.6741311454564749,PFM-1 (Butterfly)
-2.0705416541463606,-0.48523487496258366,PFM-1 (Butterfly)
-2.0494545302338905,-0.3934401461567219,PFM-1 (Butterfly)
-1.807470075039309,-0.7051182756913604,PFM-1 (Butterfly)
-1.800950007345746,-0.2992925805611568,PFM-1 (Butterfly)
-1.675283690689007,-0.413509046814493,PFM-1 (Butterfly)
-1.6511558521362244,-0.40907108553012106,PFM-1 (Butterfly)
-1.5439749080535081,-0.4777252343388572,PFM-1 (Butterfly)
-1.5299915913189686,-0.37631210528596903,PFM-1 (Butterfly)
-1.4603421183238854,-0.36400248184805184,PFM-1 (Butterfly)
-1.4497877697271984,-0.19842526787498987,PFM-1 (Butterfly)
-1.3893601599292587,0.315727800080751,PFM-1 (Butterfly)
-1.3108639398197268,-0.2783127497323715,PFM-1 (Butterfly)
-1.1916137826625015,-0.332826082392842,PFM-1 (Butterfly)
-1.1724507511257565,-0.21356990765023773,PFM-1 (Butterfly)
-1.0231108534164497,-0.0796875144346822,PFM-1 (Butterfly)
-0.9121624656923265,-0.14252201664283937,PFM-1 (Butterfly)
-0.8219352698870637,0.01080913603319549,PFM-1 (Butterfly)
-0.579514668108923,-0.170969396546317,PFM-1 (Butterfly)
-0.43917987748148135,-0.29942009362858085,PFM-1 (Butterfly)
-0.40679743986350997,-0.2160402345315169,PFM-1 (Butterfly)
-0.0766238913344284,-0.164923815218317,PFM-1 (Butterfly)
-1.3684690782224722,0.4748405031589256,PFM-1 (Butterfly)
0.11720076010587636,-0.34681200954586827,PFM-1 (Butterfly)
0.3331365329471951,-0.25942330726412693,PFM-1 (Butterfly)
0.5185092544837067,-0.3060808250409518,PFM-1 (Butterfly)
0.6639673472182916,-0.5767930453203419,PFM-1 (Butterfly)
1.0033523205534023,-0.31201210800123613,PFM-1 (Butterfly)
1.2618120743208123,-0.4107302631048019,PFM-1 (Butterfly)
1.497446330987174,-0.6349373014055257,PFM-1 (Butterfly)
1.8412538670746876,-0.621189708161649,PFM-1 (Butterfly)
2.212629027083998,-0.7191619730011457,PFM-1 (Butterfly)
2.9484620627876876,-0.5385927483122981,PFM-1 (Butterfly)
-1.2135505425928592,0.25467753381449537,PFM-1 (Butterfly)
3.4581642460814366,-0.7268733602926681,PFM-1 (Butterfly)
0.8932343273903445,0.764065543424785,PFM-1 (Butterfly)
-1.0923840633637854,-0.01478469954041429,PFM-1 (Butterfly)
-0.9478889721143884,0.45227516786215055,PFM-1 (Butterfly)
-0.7642382667515712,0.35275563957346456,PFM-1 (Butterfly)
-0.5289779832716932,0.15180118473565501,PFM-1 (Butterfly)
-0.35068121806580976,0.2749771669071441,PFM-1 (Butterfly)
-0.03838507103712552,0.3908276928285515,PFM-1 (Butterfly)
0.05828700224688511,0.5554377194294805,PFM-1 (Butterfly)
0.13807860482902032,0.6138090021705044,PFM-1 (Butterfly)
0.27225038484702074,0.5764438459915835,PFM-1 (Butterfly)
0.42483552283688103,0.22651422919593742,PFM-1 (Butterfly)
0.6894120104417605,0.012242175802721642,PFM-1 (Butterfly)
0.8844098078962365,0.012798611313681672,PFM-1 (Butterfly)
0.8639581208520041,-0.16862205539919836,PFM-1 (Butterfly)
1.2186196659994475,-0.039473902418369615,PFM-1 (Butterfly)
1.7282256243317893,-0.029381057044399955,PFM-1 (Butterfly)
2.272271638971488,-0.1112881895794894,PFM-1 (Butterfly)
2.7808578031603126,0.01766644273207022,PFM-1 (Butterfly)
-1.8980410740219795,0.5137411713341533,PFM-1 (Butterfly)
-1.675648510398221,0.10292967613937398,PFM-1 (Butterfly)
-0.7562643749514151,0.4121196881617397,PFM-1 (Butterfly)
-0.5854345332980833,0.36871480906134135,PFM-1 (Butterfly)
-0.4662807921759391,0.6003885172284841,PFM-1 (Butterfly)
-0.31032508814846144,0.7113427546976401,PFM-1 (Butterfly)
-2.185551464783065,1.1536042487777198,PMA-2 (Starfish)
-1.126209283891906,-1.1438748796284708,PMA-2 (Starfish)
-1.0271972357213983,-1.206652643790351,PMA-2 (Starfish)
-0.9752672819643834,-1.146551674847098,PMA-2 (Starfish)
-0.8789006985520955,-1.0614939415329026,PMA-2 (Starfish)
-0.7779368720806694,-1.0626727270943943,PMA-2 (Starfish)
-0.12425598532886611,0.7096177957181393,PFM-1 (Butterfly)
-0.7585680852297498,-1.0583880256795253,PMA-2 (Starfish)
-0.7726593307694077,-0.9443109449424102,PMA-2 (Starfish)
-0.6312275098098542,-0.919199778858622,PMA-2 (Starfish)
-0.6507116784400946,-0.9486442799302307,PMA-2 (Starfish)
-0.5676252932106188,-0.9792935905988922,PMA-2 (Starfish)
-0.5453082254977589,-0.820313778274658,PMA-2 (Starfish)
-0.41117173948216856,-0.8853327938808814,PMA-2 (Starfish)
-0.3047155232455644,-0.7192813761977317,PMA-2 (Starfish)
-0.23259293934752304,-0.7985019324768586,PMA-2 (Starfish)
-0.06264314608234599,-0.7365919457908926,PMA-2 (Starfish)
0.085297452439357,0.8147201819320758,PFM-1 (Butterfly)
-0.054478673866166345,-0.6282593970839957,PMA-2 (Starfish)
0.09587829398903062,-0.5912100075048713,PMA-2 (Starfish)
0.14059584820930895,-0.5499772306714132,PMA-2 (Starfish)
0.291989532910543,-0.5244746972548092,PMA-2 (Starfish)
0.37553932204009355,-0.4088922450581212,PMA-2 (Starfish)
0.6029793399276984,-0.39096386856462423,PMA-2 (Starfish)
0.7816594320613997,-0.3464616223976104,PMA-2 (Starfish)
1.0257402406000105,-0.2970923402702453,PMA-2 (Starfish)
1.4144017785507055,-0.23695417303671384,PMA-2 (Starfish)
1.986491749827121,-0.16521217255535942,PMA-2 (Starfish)
0.34731702424922895,0.8868044929100924,PFM-1 (Butterfly)
0.9471084004182202,1.5655064670490637,PMA-2 (Starfish)
0.43081891145908113,0.9502064631284656,PFM-1 (Butterfly)
-1.120412877710678,-0.15702780069437347,PFM-1 (Butterfly)
-0.9393970517012936,-0.24451985132269485,PFM-1 (Butterfly)
-0.6324489473919376,-0.3198391042511861,PFM-1 (Butterfly)
-0.43154752607663543,-0.399734161394345,PFM-1 (Butterfly)
-0.18938661163735848,-0.4069880786076396,PFM-1 (Butterfly)
0.8260800181175227,0.9582013758620082,PFM-1 (Butterfly)
-0.0033206677758465305,-0.41662953111264184,PFM-1 (Butterfly)
0.20604861015827586,-0.3695439291719827,PFM-1 (Butterfly)
0.46506623281763776,-0.2650829176997826,PFM-1 (Butterfly)
0.6268416870629834,-0.3597685522321163,PFM-1 (Butterfly)
0.6327639741075253,-0.17547072370405428,PFM-1 (Butterfly)
0.662935389994259,-0.077101903620078,PFM-1 (Butterfly)
0.6537851752014427,0.23632488201032514,PFM-1 (Butterfly)
0.6891162830216158,0.28850325059616816,PFM-1 (Butterfly)
0.7677517320714586,0.3706133386630804,PFM-1 (Butterfly)
0.7503555147538442,0.49606225489724826,PFM-1 (Butterfly)
1.4337761167834984,0.9599183499472518,PFM-1 (Butterfly)
0.8733594546275523,0.6171363337621328,PFM-1 (Butterfly)
0.8215253964528351,0.9679228880877981,PFM-1 (Butterfly)
1.0777392317491694,1.1778890814238079,PFM-1 (Butterfly)
1.2055267917120245,1.2849695921512303,PFM-1 (Butterfly)
1.4016652192133447,1.2998504542859253,PFM-1 (Butterfly)
1.4983950175719225,1.319340901161522,PFM-1 (Butterfly)
1.748308626980981,1.3813384568313014,PFM-1 (Butterfly)
2.336157434130793,1.277639783205016,PFM-1 (Butterfly)
0.8404455782145368,3.741061102983541,PFM-1 (Butterfly)
-1.6722293797843768,0.19920286321377,PFM-1 (Butterfly)
2.068365664826165,1.0488856526070542,PFM-1 (Butterfly)
2.4236404599869212,1.0624882853056643,PFM-1 (Butterfly)
1.459866205513825,3.357994450971492,PFM-1 (Butterfly)
-2.084233550030479,-0.6542589030096205,PMA-2 (Starfish)
-1.8822223482481915,-1.0951333135388974,PMA-2 (Starfish)
-1.8070545530876627,-1.1078253383023031,PMA-2 (Starfish)
-1.8024731587307958,-1.1724064275059272,PMA-2 (Starfish)
-1.5877462630906407,-1.255865191354661,PMA-2 (Starfish)
-1.4549123836941062,-1.143824044553211,PMA-2 (Starfish)
-2.1225134557398913,0.7867377361404909,PFM-1 (Butterfly)
-2.088992312035994,0.8376277299010407,PFM-1 (Butterfly)
-1.9276288625528957,0.6460025287408794,PFM-1 (Butterfly)
-1.9264838681889291,0.7941759269735819,PFM-1 (Butterfly)
-1.9717740900883902,0.956785085996934,PFM-1 (Butterfly)
-1.4133631659781964,-1.1432992569638478,PMA-2 (Starfish)
-1.788127768334483,1.001708160062825,PFM-1 (Butterfly)
-1.6590632002011942,1.0223657453149815,PFM-1 (Butterfly)
-1.515469467806249,0.9843802005667777,PFM-1 (Butterfly)
-1.3121026469723822,0.8763637578183104,PFM-1 (Butterfly)
-1.163380660300776,0.7473394971974475,PFM-1 (Butterfly)
-0.9852735751337592,0.7764048533397379,PFM-1 (Butterfly)
-0.8564009507329462,0.8285853862599947,PFM-1 (Butterfly)
-0.6822164768574721,0.8191469159515005,PFM-1 (Butterfly)
-0.7883997929150316,1.3384644476707133,PFM-1 (Butterfly)
-0.6443085871173322,1.0977821690416054,PFM-1 (Butterfly)
-1.563810992324618,0.08651236584671411,PFM-1 (Butterfly)
-1.3697297600286613,-1.1678812746569205,PMA-2 (Starfish)
-0.5070773720918985,0.9368315481192382,PFM-1 (Butterfly)
-0.3751596775128306,1.08878735682996,PFM-1 (Butterfly)
-0.16516086253913156,1.0953544195192149,PFM-1 (Butterfly)
0.006078825084438207,1.192657946110666,PFM-1 (Butterfly)
0.14390336821630034,1.241736316688985,PFM-1 (Butterfly)
0.19774561393720944,1.3292156012851992,PFM-1 (Butterfly)
0.45841305129816834,1.267345973861835,PFM-1 (Butterfly)
0.6346061877347845,1.3032686894155123,PFM-1 (Butterfly)
0.9820976801147753,1.110402684258207,PFM-1 (Butterfly)
1.206223073924037,0.9996431205828183,PFM-1 (Butterfly)
-1.320722476244757,-1.1324468127212926,PMA-2 (Starfish)
1.4454027673112533,1.0220464963499192,PFM-1 (Butterfly)
1.7762709600794027,0.9517311061886563,PFM-1 (Butterfly)
2.2877004982454285,0.9063336794250137,PFM-1 (Butterfly)
1.5248478462214767,0.004244293097708469,PFM-1 (Butterfly)
-1.768259448759383,-1.1383156902518186,PMA-2 (Starfish)
-1.5983113538334535,-1.1080867867926356,PMA-2 (Starfish)
-1.516734298241352,-1.2101095586417379,PMA-2 (Starfish)
-1.3815985093407983,-1.0930291903149243,PMA-2 (Starfish)
-1.3351996936721475,-1.1346925891524953,PMA-2 (Starfish)
-1.2239116868923092,-1.1217565594785903,PMA-2 (Starfish)
-1.2811380923017754,-1.1447097171606793,PMA-2 (Starfish)
-1.2852812539532152,-1.1454390116592694,PMA-2 (Starfish)
-1.2077717776726868,-1.0817537446716075,PMA-2 (Starfish)
-1.2072748488512086,-1.0671894662918922,PMA-2 (Starfish)
-1.0289409008787032,-1.1718945240255119,PMA-2 (Starfish)
-0.9766873042295175,-1.0833774831485443,PMA-2 (Starfish)
-0.94569289105654,-1.111065512507801,PMA-2 (Starfish)
-0.9160913230613804,-1.0266218447000912,PMA-2 (Starfish)
-0.7423044493585831,-0.9518131833002116,PMA-2 (Starfish)
-0.6175276295855132,-0.973139138992185,PMA-2 (Starfish)
-1.119183699634058,-1.0304470447444911,PMA-2 (Starfish)
-0.5396905128355955,-0.974379059515204,PMA-2 (Starfish)
-0.49653036178804033,-0.8394548882207122,PMA-2 (Starfish)
-0.3541518191895251,-0.7903466656191859,PMA-2 (Starfish)
-0.2583363767290993,-0.7341306360919253,PMA-2 (Starfish)
-0.151113844358314,-0.6972860425237013,PMA-2 (Starfish)
-0.11135629478678907,-0.7253166237122489,PMA-2 (Starfish)
-0.050079745673349885,-0.6186536118062461,PMA-2 (Starfish)
0.05176379228540922,-0.5843848902391254,PMA-2 (Starfish)
0.21319592075317162,-0.5428223839638301,PMA-2 (Starfish)
0.40826944172905066,-0.47129514669144074,PMA-2 (Starfish)
-1.050956232787403,-1.038338680624959,PMA-2 (Starfish)
0.8274532333981418,-0.36152114167870214,PMA-2 (Starfish)
1.1976141462330412,-0.3251766010469391,PMA-2 (Starfish)
1.872979736400027,-0.2045116640206111,PMA-2 (Starfish)
2.480694688579204,-0.21907826549615786,PMA-2 (Starfish)
-0.9322051174890746,-1.0530615731034085,PMA-2 (Starfish)
-0.8317977402260255,-0.9315483373556169,PMA-2 (Starfish)
-0.6950817485908389,-0.9796328757993351,PMA-2 (Starfish)
-0.5761145894540687,-0.8812461433388774,PMA-2 (Starfish)
-0.5226256098588496,-0.8775778440450508,PMA-2 (Starfish)
-1.5388303811654527,0.1702006440834695,PFM-1 (Butterfly)
-0.3566056445897641,-0.8194314818047116,PMA-2 (Starfish)
-0.3304540032376685,-0.7360007584188147,PMA-2 (Starfish)
-0.1948514100681144,-0.678243004463152,PMA-2 (Starfish)
-0.1129682425748956,-0.6637321549416589,PMA-2 (Starfish)
-2.4662698108566805,1.8090384608463221,PMA-2 (Starfish)
-1.1594468488384149,-0.9136594545996586,PMA-2 (Starfish)
-0.8605960892774914,-1.1236169660924435,PMA-2 (Starfish)
-0.7544218069149516,-1.0951285485259667,PMA-2 (Starfish)
-0.6369658812131755,-1.103496574501246,PMA-2 (Starfish)
-0.6482996981026191,-1.02072099028717,PMA-2 (Starfish)
0.05714201815346751,-0.5767055398673357,PMA-2 (Starfish)
-0.5612092158605417,-0.8900009676264902,PMA-2 (Starfish)
-0.42062987060942797,-0.9590642668735259,PMA-2 (Starfish)
-0.3405306514761991,-0.8076991201560132,PMA-2 (Starfish)
-0.1791414717166834,-0.7767642379712345,PMA-2 (Starfish)
0.003289844134507521,-0.6607370918092422,PMA-2 (Starfish)
0.264398894708414,-0.603508243773012,PMA-2 (Starfish)
0.41309849462303344,-0.5677219769448918,PMA-2 (Starfish)
0.6132444133726113,-0.4197366659271143,PMA-2 (Starfish)
0.8645641946550587,-0.3781862427316602,PMA-2 (Starfish)
1.072890278823744,-0.3444339321123734,PMA-2 (Starfish)
0.13982362640160476,-0.5939252989842978,PMA-2 (Starfish)
1.4227057733256883,-0.16870838020119994,PMA-2 (Starfish)
2.0100683070951386,-0.18315075202738998,PMA-2 (Starfish)
0.2922211430755472,-0.4470390143041473,PMA-2 (Starfish)
-1.6011379847216018,0.8775107506519145,PFM-1 (Butterfly)
-1.4819134691016946,0.9713995923302393,PFM-1 (Butterfly)
-1.3247915691254297,0.8761812561174519,PFM-1 (Butterfly)
-1.2340627808622653,1.0629757700402802,PFM-1 (Butterfly)
-1.1523152546624387,0.939441565559673,PFM-1 (Butterfly)
-0.9523189833966406,0.9733113348071059,PFM-1 (Butterfly)
-0.7693469901605122,1.1209805176822225,PFM-1 (Butterfly)
-0.5602816174786118,1.0487131458894634,PFM-1 (Butterfly)
-0.5221774634839769,1.1842705406799787,PFM-1 (Butterfly)
-0.3038178954099737,1.164622537931667,PFM-1 (Butterfly)
0.5035802098010513,-0.4428539314005141,PMA-2 (Starfish)
-0.0688306383642101,0.9804705260413858,PFM-1 (Butterfly)
0.35298072614228293,0.7080318703814479,PFM-1 (Butterfly)
0.6040501505680269,0.6946673648549381,PFM-1 (Butterfly)
0.7297131340507629,0.6769907747790787,PFM-1 (Butterfly)
1.0766368593301303,0.6179018918829385,PFM-1 (Butterfly)
1.2472775140600887,0.5066037194408408,PFM-1 (Butterfly)
1.4881321067451625,0.6198075647611403,PFM-1 (Butterfly)
1.7807612652474776,0.7193995116110599,PFM-1 (Butterfly)
2.1297731719523902,0.7504186113228237,PFM-1 (Butterfly)
2.5706845520064685,0.7761091808948655,PFM-1 (Butterfly)
0.9088134581257564,-0.41513423350891615,PMA-2 (Starfish)
1.4490413560547502,2.160014846059792,PFM-1 (Butterfly)
1.254220086391315,-0.32006615872066213,PMA-2 (Starfish)
-1.4119985134338262,0.17741271669951658,PFM-1 (Butterfly)
1.4497153494553954,-0.27191934463919826,PMA-2 (Starfish)
1.7210176146985927,-0.2089258800314724,PMA-2 (Starfish)
2.5170360279038966,-0.15055515172736728,PMA-2 (Starfish)
-1.2255494510556313,-0.8256040721387579,PFM-1 (Butterfly)
-1.115127074771214,-0.9110149849736258,PFM-1 (Butterfly)
-0.9484859477178406,-0.970968456742131,PFM-1 (Butterfly)
-0.8777132729605452,-0.9565666482067023,PFM-1 (Butterfly)
-0.662136292539837,-1.0066437811860447,PFM-1 (Butterfly)
-0.4829981063927653,-1.0275564825338532,PFM-1 (Butterfly)
-0.35815504740939696,-1.102807027150359,PFM-1 (Butterfly)
-0.3019591656997246,-1.0259714232897792,PFM-1 (Butterfly)
-0.050287810921479714,-1.0981316638764782,PFM-1 (Butterfly)
0.09437670592302498,-1.1064090473827553,PFM-1 (Butterfly)
0.2772338287483018,-1.1849542866133609,PFM-1 (Butterfly)
0.5743512853462361,-1.0038886759681163,PFM-1 (Butterfly)
0.7958001752646826,-1.1136779814934024,PFM-1 (Butterfly)
1.1926733898511777,-1.053367986704338,PFM-1 (Butterfly)
1.6266873338151866,-1.0456517389896582,PFM-1 (Butterfly)
1.9865565908860425,-1.022631903330688,PFM-1 (Butterfly)
2.5395517447139633,-1.100178735676075,PFM-1 (Butterfly)
-0.8140111371128151,-0.8607270873244794,PMA-2 (Starfish)
-0.6612860343381579,-0.6749859805849678,PMA-2 (Starfish)
-0.44586123916876685,-0.718935643327858,PMA-2 (Starfish)
-0.23058262820820594,-0.7827101815274353,PMA-2 (Starfish)
0.023038822867856946,-0.7149033331135308,PMA-2 (Starfish)
0.20036667662590504,-0.5618370169980563,PMA-2 (Starfish)
0.42671246415415914,-0.4159046209912347,PMA-2 (Starfish)
0.7342001837952447,-0.4048300555971732,PMA-2 (Starfish)
0.9245671522330058,-0.3629338068330363,PMA-2 (Starfish)
1.0651159571898328,-0.3779618656383988,PMA-2 (Starfish)
1.3218769226094307,-0.29377819629653895,PMA-2 (Starfish)
1.14758679657749,-0.597611688593566,PMA-2 (Starfish)
-1.2832316197963447,0.2271632059621705,PFM-1 (Butterfly)
-1.490779962711415,-0.9684507069305994,PMA-2 (Starfish)
-1.352147559403453,-1.2177032056453039,PMA-2 (Starfish)
-1.430861623682573,-1.0825052453805308,PMA-2 (Starfish)
-1.308774456522485,-1.2018421305934939,PMA-2 (Starfish)
-1.247786423628307,-1.2008511619978017,PMA-2 (Starfish)
-1.011573458873914,-1.1172824378823454,PMA-2 (Starfish)
-0.9429312781615518,-1.126380208800912,PMA-2 (Starfish)
-0.9180034455737919,-0.9807648438200052,PMA-2 (Starfish)
-0.7732031529948421,-1.0155381384572595,PMA-2 (Starfish)
-0.7526639962814213,-0.9423857403305393,PMA-2 (Starfish)
-0.688122737683971,-0.8629952242995964,PMA-2 (Starfish)
-0.6334271835183294,-0.8777433776916967,PMA-2 (Starfish)
-0.44418525358337513,-0.8501614907971832,PMA-2 (Starfish)
-0.25524652646362284,-0.7714268180730093,PMA-2 (Starfish)
-0.09183009741030287,-0.6242662445103397,PMA-2 (Starfish)
0.027026043770958144,-0.6616216644086306,PMA-2 (Starfish)
0.21418989681854347,-0.5386766784197752,PMA-2 (Starfish)
0.4690476724184693,-0.4183267793776877,PMA-2 (Starfish)
0.9239801908428412,-0.2986351189678385,PMA-2 (Starfish)
1.7387639697684083,-0.27689578449630436,PMA-2 (Starfish)
-1.864906125242449,0.7944750772269377,PFM-1 (Butterfly)
-1.5083856960364255,0.7060996240753039,PFM-1 (Butterfly)
-1.2352359890149263,0.7524653332847683,PFM-1 (Butterfly)
-0.9506878033274475,0.6360917387956905,PFM-1 (Butterfly)
-0.7512338651131296,0.814214251941716,PFM-1 (Butterfly)
-0.4635821740411653,0.9615739042248532,PFM-1 (Butterfly)
-0.20628178804879374,0.984930867011334,PFM-1 (Butterfly)
0.10543562671901266,1.10185607908784,PFM-1 (Butterfly)
0.41188686962523235,1.045619512691003,PFM-1 (Butterfly)
0.629831003727033,1.0905019639049134,PFM-1 (Butterfly)
0.6485286724204979,1.2288907226614187,PFM-1 (Butterfly)
-1.1094036238187273,0.27435147494234935,PFM-1 (Butterfly)
0.7647681086261078,1.1984659243853903,PFM-1 (Butterfly)
0.9370837290455347,1.1820583212770464,PFM-1 (Butterfly)
1.0717534834762503,1.3212610709144748,PFM-1 (Butterfly)
1.7995654048359202,1.1414349594215785,PFM-1 (Butterfly)
1.6027794485669566,0.5212325819315325,PFM-1 (Butterfly)
1.7773706865408176,-0.38959643112198983,PFM-1 (Butterfly)
-3.272269339535742,6.182501010884958,PFM-1 (Butterfly)
-2.834249072272258,4.741936281399705,PFM-1 (Butterfly)
-1.790414772248369,1.1460228840868707,PFM-1 (Butterfly)
-1.5421792059429098,1.1525514307204527,PFM-1 (Butterfly)
-1.5617044976368644,1.5752224205381418,PFM-1 (Butterfly)
-1.3964912327059171,1.2707883228427486,PFM-1 (Butterfly)
-1.1223776307529991,0.9987972638798802,PFM-1 (Butterfly)
-0.998669412845159,1.0792134398956148,PFM-1 (Butterfly)
-0.7311418921333575,0.8890298899397753,PFM-1 (Butterfly)
-0.5991620547793072,1.1427895929711966,PFM-1 (Butterfly)
-0.48725996958634266,1.1222833812067803,PFM-1 (Butterfly)
-0.42426639733138327,1.2402724034613604,PFM-1 (Butterfly)
-0.1251942148076761,1.1471175390933277,PFM-1 (Butterfly)
0.07816071410847368,1.3319115280779799,PFM-1 (Butterfly)
0.17505295057965567,1.3951850399867656,PFM-1 (Butterfly)
0.47505622318513746,1.2614077133987833,PFM-1 (Butterfly)
0.8959474549418064,1.1783097197285182,PFM-1 (Butterfly)
1.4251617568777402,1.1406810141015666,PFM-1 (Butterfly)
1.6556937674812575,0.6624912413665451,PFM-1 (Butterfly)
1.0916245963347502,-0.6420349262687232,PFM-1 (Butterfly)
-1.8818389911468179,-1.1165170833382987,PMA-2 (Starfish)
-1.7113225536291587,-1.1972397692537378,PMA-2 (Starfish)
-1.6053864733446213,-1.1852476153390124,PMA-2 (Starfish)
-1.5078423939212233,-1.198381586870493,PMA-2 (Starfish)
-1.3935219852220013,-1.0612959170562088,PMA-2 (Starfish)
-1.2075678786907111,-1.115399291227003,PMA-2 (Starfish)
-1.0531977492639817,-1.039848265884558,PMA-2 (Starfish)
-0.8719421103141095,-1.0506187423912814,PMA-2 (Starfish)
-0.8816479518280524,-0.9786165358654831,PMA-2 (Starfish)
-0.7989188790911297,-0.9340734707793228,PMA-2 (Starfish)
-0.8343006298893884,-0.9486529021671861,PMA-2 (Starfish)
-0.7230301198461886,-0.9222805873959617,PMA-2 (Starfish)
-0.6270317862279715,-1.0042944429608764,PMA-2 (Starfish)
-0.563761658468377,-0.817458731680485,PMA-2 (Starfish)
-0.4737554190818645,-0.798525088529381,PMA-2 (Starfish)
-0.2521609285218645,-0.897672375661788,PMA-2 (Starfish)
-0.2582111317788046,-0.7078445277213525,PMA-2 (Starfish)
-0.08561169371534227,-0.7361863390008712,PMA-2 (Starfish)
-0.24180622419891973,-0.744046705836204,PMA-2 (Starfish)
-0.09966075081152978,-0.7254047065465137,PMA-2 (Starfish)
-0.033529858614716926,-0.6179825641302347,PMA-2 (Starfish)
-0.956808944768007,0.30420537961439553,PFM-1 (Butterfly)
0.04105233585883044,-0.6401422870060398,PMA-2 (Starfish)
0.23817521988153645,-0.5516115370238077,PMA-2 (Starfish)
0.45040492502297425,-0.5236250037465814,PMA-2 (Starfish)
0.4479489612266799,-1.0035254194611096,PMA-2 (Starfish)
0.3408422289957828,-1.5122074560815162,PMA-2 (Starfish)
-0.875397742809791,0.39255643873017526,PFM-1 (Butterfly)
-1.85471574831377,-0.6885946737055065,PMA-2 (Starfish)
-1.8592877772817955,-0.837532076469175,PMA-2 (Starfish)
-1.8468296801344777,-1.10366307959376,PMA-2 (Starfish)
-1.8846874606867265,-0.7839518363997616,PMA-2 (Starfish)
-1.6281801980175175,-1.1560381392493733,PMA-2 (Starfish)
-1.7835677035112105,-1.0121497381703575,PMA-2 (Starfish)
-1.814993664908785,-1.015087465024494,PMA-2 (Starfish)
-1.717468994836286,-1.089734264738636,PMA-2 (Starfish)
-1.7061767207805087,-0.7660137022053768,PMA-2 (Starfish)
-1.6103597581091842,-0.9994469040475615,PMA-2 (Starfish)
-1.6681491730104876,-0.9759292462170382,PMA-2 (Starfish)
-1.6761057407431474,-1.1522238649981071,PMA-2 (Starfish)
-1.6237220038349744,-0.7414519575234251,PMA-2 (Starfish)
-1.5721022842103927,-0.5970474409488136,PMA-2 (Starfish)
-1.6309589942660332,-0.3452354532451463,PMA-2 (Starfish)
-1.642440863946123,-0.7249468907703361,PMA-2 (Starfish)
-1.5415997484124515,-0.9563050827965748,PMA-2 (Starfish)
-1.5676692483029493,-1.023315174955114,PMA-2 (Starfish)
-1.5957754411641214,-0.8593311786038225,PMA-2 (Starfish)
-1.5383885275452742,-0.7613042484424966,PMA-2 (Starfish)
-1.5376330547851684,-0.8216583441708277,PMA-2 (Starfish)
-1.4015487359395857,-0.8602531400996135,PMA-2 (Starfish)
-1.3977269915399362,-0.8163101665020386,PMA-2 (Starfish)
-1.365465105712311,-0.769163093497822,PMA-2 (Starfish)
-1.3117285533858452,-0.7866921166202377,PMA-2 (Starfish)
-1.2657130755490416,-0.7959172122533267,PMA-2 (Starfish)
-1.2136507831236925,-0.6575499811995483,PMA-2 (Starfish)
-1.2181090226613736,-0.6442081289785851,PMA-2 (Starfish)
-1.201865224908162,-0.5919746433295315,PMA-2 (Starfish)
-1.1607077704258317,-0.6439181705111634,PMA-2 (Starfish)
-1.1627548388068945,-0.5093973357637199,PMA-2 (Starfish)
-1.0885905615042308,-0.5208961335814618,PMA-2 (Starfish)
-1.0023667997985548,-0.5423698097100355,PMA-2 (Starfish)
-0.6958742830636453,-0.6777352289799259,PMA-2 (Starfish)
-0.7398224952038671,-0.4231474967176643,PMA-2 (Starfish)
-0.6241804111611742,-0.5712415450227308,PMA-2 (Starfish)
-0.7812442935482142,-0.5994281938057345,PMA-2 (Starfish)
-0.8064789696583787,-0.5226528128856979,PMA-2 (Starfish)
-0.6268925300411552,-0.667758686865285,PMA-2 (Starfish)
-0.7011125066495416,-0.634962838010626,PMA-2 (Starfish)
-0.6346444285083176,-0.7064797157075103,PMA-2 (Starfish)
-0.6916218665110441,-0.6605017542000409,PMA-2 (Starfish)
-0.7388353120219894,-0.5819833876171222,PMA-2 (Starfish)
-0.68661122820625,-0.6111174190850932,PMA-2 (Starfish)
-0.6713951861553024,-0.46004024415082684,PMA-2 (Starfish)
-0.7648326971810776,-0.42138301905085007,PMA-2 (Starfish)
-0.6628419354417272,-0.6735197411431784,PMA-2 (Starfish)
-0.7525844735379,-0.5361850891556635,PMA-2 (Starfish)
-0.7628713967788574,-0.5743661305574935,PMA-2 (Starfish)
-0.65775886786684,-0.5881705106605857,PMA-2 (Starfish)
-0.6147670928070071,-0.6512539867976518,PMA-2 (Starfish)
-0.43890830073282416,-0.556385932225664,PMA-2 (Starfish)
-0.4237589847866756,-0.5696994308138024,PMA-2 (Starfish)
-0.5396125193519744,-0.7032163696944073,PMA-2 (Starfish)
-0.5610505774704306,-0.6928455599005265,PMA-2 (Starfish)
-0.5326834467950256,-0.6293509985910396,PMA-2 (Starfish)
-0.44081716815453625,-0.6890186245517398,PMA-2 (Starfish)
-0.1810532423679044,-0.6113963693837755,PMA-2 (Starfish)
-0.14088965333856743,-0.5961380251252831,PMA-2 (Starfish)
-0.01363370979453941,-0.5951252052988014,PMA-2 (Starfish)
0.06944587186518734,-0.5254730973027415,PMA-2 (Starfish)
0.1649703859138321,-0.4953918175334578,PMA-2 (Starfish)
0.23812734966965804,-0.49055975816078773,PMA-2 (Starfish)
0.260746462014856,-0.44576182375905793,PMA-2 (Starfish)
0.28630677948944605,-0.4875898670232359,PMA-2 (Starfish)
0.3409888324345916,-0.5504783818997896,PMA-2 (Starfish)
0.46864399430071174,-0.5258394227331183,PMA-2 (Starfish)
0.45545957890847294,-0.4534230523261729,PMA-2 (Starfish)
0.48304144275836797,-0.467986592455646,PMA-2 (Starfish)
0.55111553684462,-0.4633517363411449,PMA-2 (Starfish)
0.464681642272808,-0.44248927410505284,PMA-2 (Starfish)
0.5026126176510777,-0.37622612431560387,PMA-2 (Starfish)
0.5353445062030395,-0.4718952269370583,PMA-2 (Starfish)
0.4257855949108291,-0.3794962949010736,PMA-2 (Starfish)
0.5738656833733616,-0.38640671153372996,PMA-2 (Starfish)
0.5290276952909427,-0.4410029734854912,PMA-2 (Starfish)
0.36508911989862236,-0.30926485640133133,PMA-2 (Starfish)
0.463986850901905,-0.4451125762044251,PMA-2 (Starfish)
0.531047582157825,-0.3232615980022927,PMA-2 (Starfish)
0.5052915291526806,-0.3837400408153922,PMA-2 (Starfish)
0.5629928878981117,-0.33722332107291236,PMA-2 (Starfish)
0.6219968134280729,-0.44514274356363415,PMA-2 (Starfish)
0.6759414597365061,-0.4721185546312444,PMA-2 (Starfish)
0.611932423802564,-0.29254077983753374,PMA-2 (Starfish)
0.749256350020987,-0.3006078483467213,PMA-2 (Starfish)
0.6289322748277123,-0.3804121980171927,PMA-2 (Starfish)
0.6335903389218026,-0.38715746384961097,PMA-2 (Starfish)
0.6132613445269633,-0.33817574289670016,PMA-2 (Starfish)
0.6702932576784746,-0.3995946125714746,PMA-2 (Starfish)
0.6974506898103466,-0.4019335056145529,PMA-2 (Starfish)
0.7435063516228501,-0.36456926609117196,PMA-2 (Starfish)
0.6253736981895325,-0.3316051220357085,PMA-2 (Starfish)
0.6596697918868643,-0.3369668567550271,PMA-2 (Starfish)
0.6148882083677502,-0.28331248365722317,PMA-2 (Starfish)
0.6321145601844846,-0.30824827676611644,PMA-2 (Starfish)
0.6178522600832032,-0.24378016159776955,PMA-2 (Starfish)
0.7303534151761896,-0.2980352808421156,PMA-2 (Starfish)
0.8109279410745425,-0.32513820770311025,PMA-2 (Starfish)
-0.29289716884290956,-0.8860155830958999,PMA-2 (Starfish)
-0.5448547560603112,-1.4976447807449034,PMA-2 (Starfish)
-1.890403228232314,4.411544475510237,PFM-1 (Butterfly)
-1.6525835914932392,3.6771246070008234,PFM-1 (Butterfly)
-2.0605713932903043,5.487336027514256,PFM-1 (Butterfly)
-1.797887606423959,4.445881264641097,PFM-1 (Butterfly)
-1.7169585147518758,4.320229785743407,PFM-1 (Butterfly)
-1.591647664756539,3.9936164974030564,PFM-1 (Butterfly)
-1.5699411795311733,4.066861053025672,PFM-1 (Butterfly)
-1.3998567962186292,3.9233854442807092,PFM-1 (Butterfly)
-1.3349346135714122,3.8303804073548084,PFM-1 (Butterfly)
-1.3868312628976156,4.0261855222717235,PFM-1 (Butterfly)
-1.1624823732566336,3.86884003732623,PFM-1 (Butterfly)
-0.9469578727804361,2.634218186407016,PFM-1 (Butterfly)
-0.9975202405601191,3.036345972264058,PFM-1 (Butterfly)
-0.6764063161529188,3.039514553837925,PFM-1 (Butterfly)
-0.8969187882151132,2.2454188122713163,PFM-1 (Butterfly)
-1.3606296214682185,-0.283768212758058,PFM-1 (Butterfly)
-1.9248577248897025,-1.0805880127920735,PMA-2 (Starfish)
-1.830730943511057,-0.9734655863736639,PMA-2 (Starfish)
-1.7372888932255313,-0.7129068473143304,PMA-2 (Starfish)
-1.7249227634670403,-0.8513462097236114,PMA-2 (Starfish)
-1.7462011985913832,-0.4204578653637819,PMA-2 (Starfish)
-1.388954592036091,-0.7433103398713352,PMA-2 (Starfish)
-1.2144661094922218,-0.811729297052552,PMA-2 (Starfish)
-0.9648792985585924,-0.4649121319469973,PMA-2 (Starfish)
-1.037257161335857,-0.1578988324362039,PMA-2 (Starfish)
-1.00669303611513,-0.1547380858405017,PMA-2 (Starfish)
-0.7700398575618799,-0.23819318970129347,PMA-2 (Starfish)
-0.5828922212532032,-0.3937014059627391,PMA-2 (Starfish)
-0.4127423920061236,-0.31560802936243787,PMA-2 (Starfish)
-0.2926537727877808,-0.29607361366186086,PMA-2 (Starfish)
0.0005634853422503443,-0.22406466024832802,PMA-2 (Starfish)
0.10338746485087381,-0.004197314185636554,PMA-2 (Starfish)
0.5239790929864868,-0.24477958516388418,PMA-2 (Starfish)
0.3580703169898294,0.05311501720623072,PMA-2 (Starfish)
0.6980021971001803,-0.057095488877522416,PMA-2 (Starfish)
0.741424788859476,0.028875124774227795,PMA-2 (Starfish)
0.916162196778716,0.10597783156187669,PMA-2 (Starfish)
1.0197894688934468,0.0806045323889881,PMA-2 (Starfish)
0.5837915128546782,-0.6520702658436315,PMA-2 (Starfish)
-2.1702046980427414,1.5051733108546597,PFM-1 (Butterfly)
-2.313569796840761,2.294721337834426,PFM-1 (Butterfly)
-2.0664942754836737,1.1782475105018555,PFM-1 (Butterfly)
-2.3204897128448434,1.7230248794237268,PFM-1 (Butterfly)
-2.2311167759217914,1.665449289591132,PFM-1 (Butterfly)
-2.1636910461010084,1.6348242217623992,PFM-1 (Butterfly)
-2.3157651709558507,2.0144542280378754,PFM-1 (Butterfly)
-2.2684140313447827,1.9510293818757338,PFM-1 (Butterfly)
-2.1768245756132623,1.3064849234687648,PFM-1 (Butterfly)
-2.1670196790633476,1.2240075645016895,PFM-1 (Butterfly)
-2.1075282500928494,0.6377852228293933,PFM-1 (Butterfly)
-2.1797784991640015,0.9593268652742825,PFM-1 (Butterfly)
-2.2838931746190867,1.5314558072153666,PFM-1 (Butterfly)
-2.268743727940672,1.8870917875257411,PFM-1 (Butterfly)
-2.0839722977311776,1.091232368657731,PFM-1 (Butterfly)
-2.1349336982111096,1.3487809618730668,PFM-1 (Butterfly)
-2.1495313269362604,1.154710484605999,PFM-1 (Butterfly)
-2.045645006627254,0.5933381467711611,PFM-1 (Butterfly)
-2.124464272020509,1.5530865322306833,PFM-1 (Butterfly)
-2.0803819441551874,0.7677485375036723,PFM-1 (Butterfly)
-2.377503835331384,2.7371375806670244,PFM-1 (Butterfly)
-2.1536923690844585,1.531164469397609,PFM-1 (Butterfly)
-2.0176247906651965,0.6933769002294347,PFM-1 (Butterfly)
-2.1554741416605165,1.1367884498451268,PFM-1 (Butterfly)
-2.1410199153482252,1.2103704458252045,PFM-1 (Butterfly)
-2.2292996854765663,1.7856975135147355,PFM-1 (Butterfly)
-2.2153555721989338,1.6303182223368684,PFM-1 (Butterfly)
-2.0944431516190978,0.6734690531915024,PFM-1 (Butterfly)
-2.1175691308487976,0.8840806588645957,PFM-1 (Butterfly)
-2.1182178540557652,0.8134442149441702,PFM-1 (Butterfly)
-2.1521429588400776,1.1000615239427323,PFM-1 (Butterfly)
-2.034885707648241,0.5317621556401698,PFM-1 (Butterfly)
-1.9127826006797455,0.641235601173446,PFM-1 (Butterfly)
-2.078746403547646,1.5795241021030104,PFM-1 (Butterfly)
-1.8223906911926977,0.6885058701920038,PFM-1 (Butterfly)
-1.8466589000536524,1.1109248861132897,PFM-1 (Butterfly)
-1.9593368335857722,1.4953930006769474,PFM-1 (Butterfly)
-2.01695541078335,1.888341696238885,PFM-1 (Butterfly)
-2.3984323756316246,3.7313232945593096,PFM-1 (Butterfly)
-2.058906021476613,2.0519585084260217,PFM-1 (Butterfly)
-2.391033444384212,3.4396389201703443,PFM-1 (Butterfly)
-2.3386941915771042,3.5663133711247466,PFM-1 (Butterfly)
-2.2477320506634446,3.4688640734387524,PFM-1 (Butterfly)
-2.012887502268002,2.5105190325078897,PFM-1 (Butterfly)
-1.8562369447216989,3.534615404228202,PFM-1 (Butterfly)
-2.2415016945472694,4.934146605530633,PFM-1 (Butterfly)
-1.829479819773545,3.6012783257227703,PFM-1 (Butterfly)
-1.9686051698617286,4.178687951482828,PFM-1 (Butterfly)
-1.6886771180373417,3.379531924302822,PFM-1 (Butterfly)
-1.9685804685011272,4.313481050914607,PFM-1 (Butterfly)
-2.001596537419618,1.5082582297998577,PFM-1 (Butterfly)
-2.6391112144089743,4.132608812215592,PFM-1 (Butterfly)
-2.2776201231556406,2.295828533685757,PFM-1 (Butterfly)
-2.4105297214287003,2.8906342150793236,PFM-1 (Butterfly)
-2.3422448237761966,2.765146470746765,PFM-1 (Butterfly)
-2.1882070694946814,1.9151916707510155,PFM-1 (Butterfly)
-2.1225589957545328,1.9496381648304397,PFM-1 (Butterfly)
-2.1059102126707234,1.7556570858000116,PFM-1 (Butterfly)
-2.3860411717579955,2.841918441667295,PFM-1 (Butterfly)
-2.1889034071475924,2.2855968742832933,PFM-1 (Butterfly)
-2.375564819703474,2.987681426386927,PFM-1 (Butterfly)
-2.2900023055410896,2.469125041908063,PFM-1 (Butterfly)
-2.1695922534707175,2.038749229602735,PFM-1 (Butterfly)
-2.217558886970934,2.101905900754089,PFM-1 (Butterfly)
-2.3655563011324596,2.891088599583879,PFM-1 (Butterfly)
-2.2435170024959117,2.330516517341511,PFM-1 (Butterfly)
-2.3151595706518107,2.766857059388878,PFM-1 (Butterfly)
-2.2559649098015133,2.278481755777591,PFM-1 (Butterfly)
-2.183938632716384,2.212768168545619,PFM-1 (Butterfly)
-2.0757378590668463,1.6457770251976174,PFM-1 (Butterfly)
-2.1009422451314057,1.9933519014948828,PFM-1 (Butterfly)
-2.1915742271169676,2.773407561337955,PFM-1 (Butterfly)
-2.3270665275676943,3.251573184452461,PFM-1 (Butterfly)
-2.384075093769266,2.86387222096157,PFM-1 (Butterfly)
-2.052321976856078,2.1127550929055445,PFM-1 (Butterfly)
-2.213172479694128,2.197501108886209,PFM-1 (Butterfly)
-1.8781143417838344,0.8403135160470729,PFM-1 (Butterfly)
-1.9809659476080785,2.0454183737314087,PFM-1 (Butterfly)
-1.9354792993422607,1.1883195975041454,PFM-1 (Butterfly)
-1.9077504377376184,1.0745829193206693,PFM-1 (Butterfly)
-2.158234921689185,1.9390326551163817,PFM-1 (Butterfly)
-1.7413859428956846,0.5156443418602629,PFM-1 (Butterfly)
-2.069766379301792,2.5241082185684127,PFM-1 (Butterfly)
-1.8741374834928983,1.2950977390955662,PFM-1 (Butterfly)
-2.1097486558657113,1.5458044157274653,PFM-1 (Butterfly)
-1.935622525174014,1.9289590004269452,PFM-1 (Butterfly)
-1.9404218665646864,2.265118782263328,PFM-1 (Butterfly)
-2.0020915799750743,1.5935440333035968,PFM-1 (Butterfly)
-2.0933375116696125,3.229466432268789,PFM-1 (Butterfly)
-2.1381808982559485,3.382311192592887,PFM-1 (Butterfly)
-1.9272479063467982,2.4005972882406623,PFM-1 (Butterfly)
-1.9117926605840616,2.438185536435465,PFM-1 (Butterfly)
-1.9335940973351773,2.5882834045058307,PFM-1 (Butterfly)
-1.897515282513845,2.6664188679259713,PFM-1 (Butterfly)
-2.1201156056253607,3.541124596826406,PFM-1 (Butterfly)
-2.223179989643012,2.0184540282582177,PFM-1 (Butterfly)
-1.9782303522257134,3.1242142623771265,PFM-1 (Butterfly)
-1.9837871118586945,2.923159256869637,PFM-1 (Butterfly)
-2.010343786180922,3.0901829174785487,PFM-1 (Butterfly)
-2.2448459859995142,3.9514473846579015,PFM-1 (Butterfly)
-2.1285849588613304,3.6422344653392917,PFM-1 (Butterfly)
-2.006105371587425,2.916357465034377,PFM-1 (Butterfly)
-2.544297168865063,5.103873031994696,PFM-1 (Butterfly)
-1.9922533270337859,2.981588823333225,PFM-1 (Butterfly)
-2.2755194870671094,3.903304021621233,PFM-1 (Butterfly)
-1.943867690294604,2.831062801467033,PFM-1 (Butterfly)
-2.2239262597307943,2.020885007711596,PFM-1 (Butterfly)
-2.001971045426944,3.0386922202793616,PFM-1 (Butterfly)
-2.0023003266608663,3.0531402237533256,PFM-1 (Butterfly)
-2.0470608568317292,3.324824610503549,PFM-1 (Butterfly)
-1.7787718105767913,2.532309904777957,PFM-1 (Butterfly)
-1.6909077674546336,2.172077378304501,PFM-1 (Butterfly)
-1.744273022558621,2.472449195764984,PFM-1 (Butterfly)
-1.7764605266197901,2.576297456087878,PFM-1 (Butterfly)
-1.5831359730006334,2.5018115620597605,PFM-1 (Butterfly)
-1.4061447773852906,1.9609686168412404,PFM-1 (Butterfly)
-1.5458746543331996,2.5771071049115557,PFM-1 (Butterfly)
-2.4402200506172784,3.108108188115888,PFM-1 (Butterfly)
-1.3322643582254536,1.3799759549732253,PFM-1 (Butterfly)
-1.7148668993381173,0.021474758311371783,PFM-1 (Butterfly)
-2.25755897154435,2.3720167893406328,PFM-1 (Butterfly)
-2.2690985760379463,2.2971115808492883,PFM-1 (Butterfly)
-0.5017397019380325,2.541661754291318,PFM-1 (Butterfly)
0.1227700207071497,1.70176754537887,PFM-1 (Butterfly)
0.7383514792567641,2.2753769550819603,PFM-1 (Butterfly)
2.1665098611940703,2.102112166634516,PFM-1 (Butterfly)
0.8299970122267569,1.972600287888207,PFM-1 (Butterfly)
0.8959084883484988,1.1308584253444358,PFM-1 (Butterfly)
-0.9293470999922181,-0.6589616103883416,PMA-2 (Starfish)
-0.861209476539538,-0.6476781703034752,PMA-2 (Starfish)
-0.7208039570756144,-0.41332659042371844,PMA-2 (Starfish)
-0.8611548376444352,-0.8452271421552358,PMA-2 (Starfish)
-0.747524441944179,-0.17750829346492686,PMA-2 (Starfish)
-0.8364131431411821,0.23416666882548318,PMA-2 (Starfish)
-0.8057411432559648,-0.051747507894744256,PMA-2 (Starfish)
-0.6232323868717469,-0.45575276560496014,PMA-2 (Starfish)
-0.5028720945313317,-0.4646630562941293,PMA-2 (Starfish)
-0.5983185921382215,-0.3221837759417078,PMA-2 (Starfish)
-0.5584740730300941,-0.47108205048518187,PMA-2 (Starfish)
-0.4273980758491895,-0.5895596085847414,PMA-2 (Starfish)
-0.3991495564813841,-0.536508227304029,PMA-2 (Starfish)
-0.28687799485758225,-0.5880930958371156,PMA-2 (Starfish)
-0.09068558266850543,-0.37018516860448825,PMA-2 (Starfish)
0.029423948432631915,-0.4306541224496385,PMA-2 (Starfish)
0.2868390404896917,-0.47173632069680704,PMA-2 (Starfish)
0.47681037486382094,-0.5073938939179328,PMA-2 (Starfish)
0.6262562304563699,-0.501419368820651,PMA-2 (Starfish)
0.8776911767499266,-0.4152234733147234,PMA-2 (Starfish)
-1.7709694726556535,-1.0312741816799236,PMA-2 (Starfish)
-1.5698640486637283,-0.8464683457063519,PMA-2 (Starfish)
-1.537617049457262,-0.8981233624284642,PMA-2 (Starfish)
-1.4477614702611517,-0.8094962727719951,PMA-2 (Starfish)
-1.3974099404989344,-0.738232996215317,PMA-2 (Starfish)
-1.2045242931927311,-0.8810081557046017,PMA-2 (Starfish)
-1.1652877352488678,-0.8132020985879278,PMA-2 (Starfish)
1.012047032607637,-0.7181466808149644,PMA-2 (Starfish)
-1.0991777386171135,-0.6366273529495129,PMA-2 (Starfish)
-1.0222020344498355,-0.904381952673798,PMA-2 (Starfish)
-0.8694645483023047,-0.7165854430443834,PMA-2 (Starfish)
-0.8794351033594912,-0.7219405371323258,PMA-2 (Starfish)
-0.8253308727214343,-0.7645941143763678,PMA-2 (Starfish)
-0.7522246830577208,-0.6799710245562617,PMA-2 (Starfish)
-0.681154740775003,-0.7422489441430529,PMA-2 (Starfish)
-0.5613873247508357,-0.6632472470696894,PMA-2 (Starfish)
-0.389653015890604,-0.7014845721694521,PMA-2 (Starfish)
-0.27123285739987946,-0.595848859679911,PMA-2 (Starfish)
0.026218646248220446,-1.677756072027354,PMA-2 (Starfish)
-0.1983225329262063,-0.52003206186987,PMA-2 (Starfish)
-0.024764237001731602,-0.5158666846127189,PMA-2 (Starfish)
0.21708525318698288,-0.5532944155864779,PMA-2 (Starfish)
0.4610425408755795,-0.530177287153068,PMA-2 (Starfish)
0.7028667987612784,-0.4772656224237549,PMA-2 (Starfish)
0.14295956848184035,-1.2736590610487128,PMA-2 (Starfish)
-0.3640538685158849,-0.972184351109866,PMA-2 (Starfish)
-0.14392693357307434,-0.29806295315941705,PMA-2 (Starfish)
-0.03218025152734626,-0.46713973053414637,PMA-2 (Starfish)
0.0837093458731771,-0.529753373789215,PMA-2 (Starfish)
0.2863202570360721,-0.47295505924465003,PMA-2 (Starfish)
0.4973480353043322,-0.5959408266597346,PMA-2 (Starfish)
0.6614860679177126,-0.44384841497101574,PMA-2 (Starfish)
0.8283766888097054,-0.5272025266132048,PMA-2 (Starfish)
0.9670775601209712,-0.4478886591556176,PMA-2 (Starfish)
0.9867335758380642,-0.7803131217888667,PMA-2 (Starfish)
0.6941772697493828,-1.244609141859652,PMA-2 (Starfish)
0.36087644728901436,-1.3857035100838409,PMA-2 (Starfish)
-1.339617477440445,-0.3951451104160383,PFM-1 (Butterfly)
-1.1522505538803158,-0.43428992483902484,PFM-1 (Butterfly)
-1.0783256465681617,-0.21233951094100725,PFM-1 (Butterfly)
-1.0971187168573744,-0.1681654407203506,PFM-1 (Butterfly)
-1.1218066294633742,1.7318664865472915,PFM-1 (Butterfly)
-0.9434445589350272,2.190627835824244,PFM-1 (Butterfly)
-0.9195282752834193,2.0021877057649258,PFM-1 (Butterfly)
-0.7707644578904459,2.537248976741835,PFM-1 (Butterfly)
-2.0746105726045023,-0.9985347985335228,PMA-2 (Starfish)
-1.7031867665673328,2.1143999364567096,PFM-1 (Butterfly)
-2.047848890602371,-1.1426045033345429,PMA-2 (Starfish)
-1.5701756600029833,1.9835374577935554,PFM-1 (Butterfly)
-2.049533415471046,-0.9798830410533594,PMA-2 (Starfish)
-1.6259143603201611,2.3763626320359226,PFM-1 (Butterfly)
-2.0799618525291623,-0.8765173644280602,PMA-2 (Starfish)
-1.5455149990122552,2.033624503731881,PFM-1 (Butterfly)
-2.063908406901429,-1.0482219239699602,PMA-2 (Starfish)
-1.530698871526287,2.2355540983155997,PFM-1 (Butterfly)
-2.069642372295298,-0.9684531437464559,PMA-2 (Starfish)
-1.4526245525322363,2.0499707004131764,PFM-1 (Butterfly)
-2.0598636482815627,-0.8693686814129882,PMA-2 (Starfish)
-1.4196019078889348,2.066396244055924,PFM-1 (Butterfly)
-1.9816983020788665,-0.9686811618871826,PMA-2 (Starfish)
-1.2558960801203485,1.8562352138085736,PFM-1 (Butterfly)
-1.9578993343460025,-1.033752838056412,PMA-2 (Starfish)
-1.110069753391796,1.7690135947197154,PFM-1 (Butterfly)
-1.9757575449428617,-1.0191083858005752,PMA-2 (Starfish)
-1.1072684589052577,1.827142285488168,PFM-1 (Butterfly)
-1.9807774619760548,-0.9742877621834398,PMA-2 (Starfish)
-1.0402778417889764,1.9484570181653287,PFM-1 (Butterfly)
-1.9507041506978418,-0.967193269401895,PMA-2 (Starfish)
-0.9177570518675998,1.8763810391945406,PFM-1 (Butterfly)
-2.0748349835414124,-0.9613738421829329,PMA-2 (Starfish)
-1.6200328398728423,2.1589484705135593,PFM-1 (Butterfly)
-1.9274412848390026,-0.9950896393966011,PMA-2 (Starfish)
-0.8300713213326343,1.9383554232452482,PFM-1 (Butterfly)
-1.9016242880834149,-1.0456723402725159,PMA-2 (Starfish)
-0.7057585705003274,2.047482906360947,PFM-1 (Butterfly)
-1.907481673860419,-1.0086229860263571,PMA-2 (Starfish)
-0.4660577358104245,1.9186699053522522,PFM-1 (Butterfly)
-0.8782008595845648,-0.6686594222762052,PMA-2 (Starfish)
-1.7712010692841822,-0.9710094854684895,PMA-2 (Starfish)
-0.30547932926963073,0.6787937110994853,PFM-1 (Butterfly)
-1.1280155758435177,-1.349460889617076,PMA-2 (Starfish)
-2.3789529265275933,1.580024666323765,PFM-1 (Butterfly)
-2.280694462225131,1.527563319638372,PFM-1 (Butterfly)
-2.23187332769648,1.1095893140249813,PFM-1 (Butterfly)
-0.9268069972643234,-0.7776858738090242,PMA-2 (Starfish)
-0.9342539298821081,-0.7641344881386837,PMA-2 (Starfish)
-0.9210856069970427,-0.7271572119607079,PMA-2 (Starfish)
-2.3330906579650033,1.6668809488735081,PFM-1 (Butterfly)
-2.1650087428176983,0.9964410850966824,PFM-1 (Butterfly)
-2.0941422706374797,0.9429257616730963,PFM-1 (Butterfly)
-1.7773800714654553,-1.0020454988829286,PMA-2 (Starfish)
-0.5772327000249724,-0.7994860662094547,PFM-1 (Butterfly)
-2.2386022179477,1.873801725110567,PFM-1 (Butterfly)
-2.07369940318358,1.3576469938265512,PFM-1 (Butterfly)
-2.048804787822838,1.025809692562669,PFM-1 (Butterfly)
-1.9497804457082164,1.0274256828636992,PFM-1 (Butterfly)
-2.1764876145752368,2.3764785763144287,PFM-1 (Butterfly)
-2.0526017995700685,2.060124834604397,PFM-1 (Butterfly)
-2.320109863874319,2.83527017113791,PFM-1 (Butterfly)
-2.1163699260806412,1.4544165226146035,PFM-1 (Butterfly)
-2.29749665375402,1.9462283267402438,PFM-1 (Butterfly)
-2.170470776610234,1.4097760416709673,PFM-1 (Butterfly)
-1.7422482803056396,-0.980283406774031,PMA-2 (Starfish)
-0.6508145469377803,-1.2503641915374273,PFM-1 (Butterfly)
-2.1807913410571347,1.1482846020474888,PFM-1 (Butterfly)
-2.3457044855402485,1.6429372327048384,PFM-1 (Butterfly)
-2.3340919099179915,1.7941660832183812,PFM-1 (Butterfly)
-2.4149292451141857,2.2716614612893453,PFM-1 (Butterfly)
-2.470666625920166,2.6618298419578466,PFM-1 (Butterfly)
-2.259307972037842,1.3675776025155406,PFM-1 (Butterfly)
-2.37853339083575,1.9578498431642415,PFM-1 (Butterfly)
-2.21885261352908,1.3366722247957814,PFM-1 (Butterfly)
-2.400756257829193,2.0253855808313004,PFM-1 (Butterfly)
-2.3087895798991243,1.6356960253986716,PFM-1 (Butterfly)
-1.7368934072678972,-0.9065974345846054,PMA-2 (Starfish)
-2.239826480825362,1.5154412147379897,PFM-1 (Butterfly)
-2.3607094572496607,2.3054058872868115,PFM-1 (Butterfly)
-2.259452397746842,1.470416237746546,PFM-1 (Butterfly)
-2.4532798395063478,2.3821019033534294,PFM-1 (Butterfly)
-2.3129758422371323,1.8268647607282484,PFM-1 (Butterfly)
-2.223924455656559,1.3583871180837255,PFM-1 (Butterfly)
-2.2224742877486454,1.561390929278572,PFM-1 (Butterfly)
-2.399781186021191,2.349869292203021,PFM-1 (Butterfly)
-2.212844720815015,1.457718700069926,PFM-1 (Butterfly)
-2.4648830225747735,2.245162016562259,PFM-1 (Butterfly)
-1.7273127983579177,-0.9286755126154265,PMA-2 (Starfish)
-2.4319048854807233,2.5945146227996916,PFM-1 (Butterfly)
-2.2887601329444096,1.8584954538898115,PFM-1 (Butterfly)
-2.4898415006331263,2.4878372094093715,PFM-1 (Butterfly)
-2.277412240324551,1.7130173544137801,PFM-1 (Butterfly)
-2.292195702064471,1.7539435327604462,PFM-1 (Butterfly)
-2.3743168082050827,2.29363493694012,PFM-1 (Butterfly)
-2.4122396256346783,2.307775092807537,PFM-1 (Butterfly)
-1.1902824093289195,-0.8063452541521205,PMA-2 (Starfish)
-1.274976071654919,-0.6067682150944003,PMA-2 (Starfish)
-1.6767366732745757,-0.9184312611169524,PMA-2 (Starfish)
-1.2356308254920005,-0.7637466458301445,PMA-2 (Starfish)
-1.2414416434684639,-0.7174704696250008,PMA-2 (Starfish)
-1.251089896590974,-0.7181502655011675,PMA-2 (Starfish)
-1.2400001273861587,-0.8033944388878169,PMA-2 (Starfish)
-1.2858453729089068,-0.6550066300808446,PMA-2 (Starfish)
-1.2324918238217517,-0.8779064429791112,PMA-2 (Starfish)
-1.2465040606551339,-0.9362082504266503,PMA-2 (Starfish)
-1.184632351903573,-0.7947712211509559,PMA-2 (Starfish)
-1.19426374791252,-0.9403396901485459,PMA-2 (Starfish)
-1.3149944140442593,-0.775699818128626,PMA-2 (Starfish)
-1.6632586661229574,-0.9139280940217698,PMA-2 (Starfish)
-1.4775712324815855,-0.8120883784591894,PMA-2 (Starfish)
-1.475037134641238,-0.8453832179615672,PMA-2 (Starfish)
-1.4847666040083893,-0.7984140906514742,PMA-2 (Starfish)
-1.4754857841329112,-0.9189338270522612,PMA-2 (Starfish)
-1.4553997632244662,-0.9323281247494482,PMA-2 (Starfish)
-1.476401927554205,-0.8881107281935556,PMA-2 (Starfish)
-1.5137901247552117,-0.8188681148630806,PMA-2 (Starfish)
-1.5148566111996786,-0.9631981381935325,PMA-2 (Starfish)
-1.5070331895680114,-0.911985193370115,PMA-2 (Starfish)
-1.4958591791831464,-0.9625793757194251,PMA-2 (Starfish)
-2.0527372802465225,-1.0597562763055843,PMA-2 (Starfish)
-1.6898154282589248,2.4105836676141794,PFM-1 (Butterfly)
-1.6108890649210073,-0.9258711400330144,PMA-2 (Starfish)
-1.4799685693140938,-0.9007795305429414,PMA-2 (Starfish)
-1.5155758771261212,-0.9198717886322937,PMA-2 (Starfish)
-1.4947682459205913,-0.9640462435142759,PMA-2 (Starfish)
-1.4831891526841727,-0.9349532140554961,PMA-2 (Starfish)
-1.5011592242145646,-0.8523364472550847,PMA-2 (Starfish)
-1.5015500119000913,-0.891386655818649,PMA-2 (Starfish)
-1.5369164521620022,-0.9110132592789328,PMA-2 (Starfish)
-1.5222435999539443,-0.9366472350340661,PMA-2 (Starfish)
-1.4575011561168367,-0.9105502999197576,PMA-2 (Starfish)
-1.4881650191808862,-1.0089533137937776,PMA-2 (Starfish)
-1.593592947851317,-1.0021835227214722,PMA-2 (Starfish)
-1.607986373701264,-0.9263191112757517,PMA-2 (Starfish)
-1.679492268109138,-1.0037699742251254,PMA-2 (Starfish)
-1.8194017822397865,-0.9323043203413537,PMA-2 (Starfish)
-1.9487727483334523,-1.0192478446770894,PMA-2 (Starfish)
-1.9321066764494437,-0.9918514921656527,PMA-2 (Starfish)
-1.9896215664110493,-0.9755160434862103,PMA-2 (Starfish)
-1.9991877445917072,-0.9250881247040058,PMA-2 (Starfish)
-1.9801515464926607,-0.9766688158241297,PMA-2 (Starfish)
-1.99547651907718,-0.8998559902621984,PMA-2 (Starfish)
-1.984249964623393,-0.9506374280966462,PMA-2 (Starfish)
-1.5675151383369874,-0.9325827853154176,PMA-2 (Starfish)
-1.9560197049032653,-0.8421151973838075,PMA-2 (Starfish)
-1.8600127310154817,-0.9391912273481168,PMA-2 (Starfish)
-1.8227747172647966,-0.9655983121003149,PMA-2 (Starfish)
-1.793920359514091,-1.0159707550147865,PMA-2 (Starfish)
-1.7158490789033758,-1.0137100755774373,PMA-2 (Starfish)
-1.759262071810435,-0.9542562726115975,PMA-2 (Starfish)
-1.765314509357482,-0.9364374166188545,PMA-2 (Starfish)
-1.7266498689016196,-0.9662342164691384,PMA-2 (Starfish)
-1.7540131322645809,-0.884660218733395,PMA-2 (Starfish)
-1.6697893514008573,-0.9210843270383858,PMA-2 (Starfish)
-1.5326672659786365,-0.8682361684156857,PMA-2 (Starfish)
-1.6711578593927083,-0.9301418657766914,PMA-2 (Starfish)
-1.691032453438608,-0.8935152701802864,PMA-2 (Starfish)
-1.6023537502478487,-0.9243455015996948,PMA-2 (Starfish)
-1.5785881446582315,-0.8787564297261342,PMA-2 (Starfish)
-1.5500095307502713,-0.9271027844500462,PMA-2 (Starfish)
-1.555773967983293,-0.8789203429772251,PMA-2 (Starfish)
-1.5151091254834435,-0.8588598101110967,PMA-2 (Starfish)
-1.5044501023253938,-0.8647002206953818,PMA-2 (Starfish)
-1.4849838290681145,-0.91647132439039,PMA-2 (Starfish)
-1.4064483940398662,-0.8724148984470447,PMA-2 (Starfish)
-2.811861514624643,1.8750422996506844,PFM-1 (Butterfly)
-1.513087007251422,-0.8908875662621744,PMA-2 (Starfish)
-1.342008096946107,-0.8687559798608575,PMA-2 (Starfish)
-2.7004308231752825,1.6817574966592606,PFM-1 (Butterfly)
-1.3314736751169198,-0.86649032123652,PMA-2 (Starfish)
-2.8076630971425445,2.2539333421062104,PFM-1 (Butterfly)
-1.2992268597292094,-0.8562106096656802,PMA-2 (Starfish)
-2.843463944075475,2.4863863216565965,PFM-1 (Butterfly)
-1.2584746501938313,-0.8446926664500414,PMA-2 (Starfish)
-2.8529012845838735,2.602960000718273,PFM-1 (Butterfly)
-1.1597475185392239,-0.7732819209072066,PMA-2 (Starfish)
-2.576240916727758,1.8236100343311656,PFM-1 (Butterfly)
-1.0631089090752484,-0.7473647402924641,PMA-2 (Starfish)
-2.643001671035547,2.358416092878827,PFM-1 (Butterfly)
-0.993873636872313,-0.7916136964444143,PMA-2 (Starfish)
-2.5600330477240427,2.0176099161798136,PFM-1 (Butterfly)
-0.9890419632970647,-0.7923725760705667,PMA-2 (Starfish)
-2.5910131305581356,1.7806392691459725,PFM-1 (Butterfly)
-0.8962960627442033,-0.74879808843176,PMA-2 (Starfish)
-2.413862118661295,1.432769656269394,PFM-1 (Butterfly)
-0.8780421170635889,-0.7857260720265989,PMA-2 (Starfish)
-2.499060912347652,1.9621732390174838,PFM-1 (Butterfly)
-1.421395352817671,-0.9246070576697117,PMA-2 (Starfish)
-0.8195413491782888,-0.6789201598367173,PMA-2 (Starfish)
-2.4860831665131187,1.347195654004858,PFM-1 (Butterfly)
-0.7272978175939616,-0.7544655059775466,PMA-2 (Starfish)
-2.3628420255131157,1.2969213834892785,PFM-1 (Butterfly)
-0.6141706524588577,-0.7091684214845736,PMA-2 (Starfish)
-2.52854553815065,2.435281275956519,PFM-1 (Butterfly)
-0.5036045107442968,-0.6273661926066652,PMA-2 (Starfish)
-2.4516093772938925,1.9969884398105833,PFM-1 (Butterfly)
-0.38514120013311925,-0.6522913103828031,PMA-2 (Starfish)
-2.344671968039835,1.447144597533882,PFM-1 (Butterfly)
-0.2397463278956907,-0.6352909472279084,PMA-2 (Starfish)
-2.3857741436302917,1.9749535439274324,PFM-1 (Butterfly)
-0.14592355844440766,-0.60510336662132,PMA-2 (Starfish)
-2.3378510256454903,2.0666658469988257,PFM-1 (Butterfly)
-0.04890370375343768,-0.46857427224168163,PMA-2 (Starfish)
-2.3505260746714254,2.0348947028737077,PFM-1 (Butterfly)
0.05805048003494702,-0.5199079867697414,PMA-2 (Starfish)
-2.2336992981785793,1.787495027401151,PFM-1 (Butterfly)
-2.3340851741051467,2.304528471371855,PFM-1 (Butterfly)
-1.4048501722979936,-0.8937757964907163,PMA-2 (Starfish)
0.15660034036359743,-0.9181586148353106,PMA-2 (Starfish)
-2.216532301997696,1.6582849750978508,PFM-1 (Butterfly)
-0.14739947246727006,-1.1792302494022475,PMA-2 (Starfish)
-2.2997151267646814,2.125549456997395,PFM-1 (Butterfly)
-0.36514396453831105,-1.520407226113427,PMA-2 (Starfish)
-2.1811367544698803,1.6765666569541564,PFM-1 (Butterfly)
-2.195981847373493,1.9708539349670569,PFM-1 (Butterfly)
-2.2102381297242304,1.9227945602224223,PFM-1 (Butterfly)
-2.251481903702006,2.71143698728797,PFM-1 (Butterfly)
-2.2350273880718756,2.8442866818225054,PFM-1 (Butterfly)
-2.231759089244194,2.673252746935081,PFM-1 (Butterfly)
-2.230276956943047,2.9141026672509667,PFM-1 (Butterfly)
-2.2158719285782724,2.5903934182660886,PFM-1 (Butterfly)
-1.3620722212450114,-0.8853458060395127,PMA-2 (Starfish)
-2.009954186423068,2.0199424512104405,PFM-1 (Butterfly)
-2.1263409491322625,3.0830463408134263,PFM-1 (Butterfly)
-2.0215648816788887,2.5479611389842334,PFM-1 (Butterfly)
-2.035817963088681,3.0515048844430765,PFM-1 (Butterfly)
-2.152975473850997,3.750435708742652,PFM-1 (Butterfly)
-2.002381578374582,3.452212569102845,PFM-1 (Butterfly)
-1.9020930493262556,2.45647206132816,PFM-1 (Butterfly)
-1.9378891549487034,3.3664096760703344,PFM-1 (Butterfly)
-1.878544603210615,3.264228918140685,PFM-1 (Butterfly)
-1.8143374183292702,2.9950113531755913,PFM-1 (Butterfly)
-1.3349235942060151,-0.8673213457775574,PMA-2 (Starfish)
-1.8066373640146014,2.9922738096484016,PFM-1 (Butterfly)
-1.7677140137335265,3.1721026908459935,PFM-1 (Butterfly)
-1.7032156301335704,3.0650102744814594,PFM-1 (Butterfly)
-1.620614249456758,2.8929393715839353,PFM-1 (Butterfly)
-1.5453602465656422,2.6639642139978505,PFM-1 (Butterfly)
-1.4483455484809789,2.6747889855926097,PFM-1 (Butterfly)
-1.3787392625661772,2.5552350149452376,PFM-1 (Butterfly)
-1.3453144334702858,2.4508047020555037,PFM-1 (Butterfly)
-1.2628351381236582,2.356895738796967,PFM-1 (Butterfly)
-1.290218710768035,2.41177296689224,PFM-1 (Butterfly)
-1.272182912139805,-0.871245899270429,PMA-2 (Starfish)
-1.257665005355944,2.6093877102148446,PFM-1 (Butterfly)
-1.1192687131684116,2.5029529762051475,PFM-1 (Butterfly)
-1.070650741015075,2.3932135306278846,PFM-1 (Butterfly)
-0.9778800539628101,2.3878533133360995,PFM-1 (Butterfly)
-0.775962875234347,2.2525400070034802,PFM-1 (Butterfly)
-0.7216924218355981,2.4416586281957575,PFM-1 (Butterfly)
-0.5233241672708476,2.4355496727735098,PFM-1 (Butterfly)
-0.5021847008126066,2.683838000533878,PFM-1 (Butterfly)
-0.29723567575728443,2.428080745342749,PFM-1 (Butterfly)
-0.06091964894323029,2.295548659665735,PFM-1 (Butterfly)
-2.066990272121285,-1.0256385145068225,PMA-2 (Starfish)
-1.7253874594500611,2.540274302115161,PFM-1 (Butterfly)
-1.1987414316486191,-0.7623921981325426,PMA-2 (Starfish)
0.1499055953844329,2.048048066462838,PFM-1 (Butterfly)
-0.05095968271385145,0.9625320559744174,PFM-1 (Butterfly)
-0.6648393176325049,-0.21802744872455307,PFM-1 (Butterfly)
-1.247792195088831,-0.796186919104162,PMA-2 (Starfish)
-1.2163620228025838,-0.8194630310058276,PMA-2 (Starfish)
-1.2287046229668672,-0.8048617257980434,PMA-2 (Starfish)
-1.1093223507025456,-0.7570909705801245,PMA-2 (Starfish)
-1.0714914967645597,-0.7807095813018969,PMA-2 (Starfish)
-0.9748319232223269,-0.8118765431704549,PMA-2 (Starfish)
-0.7870420734812517,-0.7162081202987105,PMA-2 (Starfish)
-0.9470120709862614,-1.5176493695859745,PMA-2 (Starfish)
-2.0640727637263248,-0.9868754640054044,PMA-2 (Starfish)
-1.6895575804933989,2.382864971070776,PFM-1 (Butterfly)
-0.8551575601639942,-1.2500733303020295,PMA-2 (Starfish)
-0.3405040252725187,-0.6333924652749342,PMA-2 (Starfish)
-0.26198511289206056,-0.5510234725513153,PMA-2 (Starfish)
-0.23004519964155745,-0.911564074500768,PMA-2 (Starfish)
-0.5939802841448335,-1.3787675448177734,PMA-2 (Starfish)
-0.5306197423170186,-1.7101518457216252,PMA-2 (Starfish)
-2.0455425721412994,-1.0691164096727503,PMA-2 (Starfish)
-1.58052360659647,2.0414616621595214,PFM-1 (Butterfly)
-0.4338372188068845,-1.435334212985668,PMA-2 (Starfish)
0.037551455340127146,-1.0458148486269767,PMA-2 (Starfish)
0.35281349215130486,-0.49448006603970823,PMA-2 (Starfish)
0.5344394261801844,-0.43951311954134087,PMA-2 (Starfish)
0.6914378937927333,-0.6289672353961092,PMA-2 (Starfish)
-0.08252838130323559,-1.6198156044563203,PMA-2 (Starfish)
-2.060479775054129,-0.9671256572686034,PMA-2 (Starfish)
-1.6146205545556762,2.2185865749682416,PFM-1 (Butterfly)
-2.0441054587922425,-0.9648373329082527,PMA-2 (Starfish)
-1.6421982030186466,2.429582230651368,PFM-1 (Butterfly)
-2.0577953556680475,-1.0014573006049101,PMA-2 (Starfish)
-1.6389262716002402,2.302097733075872,PFM-1 (Butterfly)
-0.008569985898270755,1.8566133298159446,PFM-1 (Butterfly)
0.2795937480824645,1.5491844954219411,PFM-1 (Butterfly)
0.5913956783301944,1.3881997028128925,PFM-1 (Butterfly)
0.5265201691447413,0.5929921281744256,PFM-1 (Butterfly)
0.5006301832872575,-0.8894081187300805,PFM-1 (Butterfly)
-0.8172685276151582,-0.7750399606442278,PMA-2 (Starfish)
-0.9227782797740993,-0.6290233807055978,PMA-2 (Starfish)
-0.6112196938638491,-0.8756351778415014,PMA-2 (Starfish)
-0.33568752809229246,-0.5574819385753469,PMA-2 (Starfish)
-0.3736078427640974,-0.8343927469361827,PMA-2 (Starfish)
-0.40319026126239443,-0.9172558092825086,PMA-2 (Starfish)
0.004042023029589787,-0.9752939620135345,PMA-2 (Starfish)
-0.007906113741109545,-0.4147934350727489,PMA-2 (Starfish)
0.1477496896591892,-0.9007424907115129,PMA-2 (Starfish)
0.15942218144915224,-1.0070974260471997,PMA-2 (Starfish)
0.5995824479533901,-0.8651755235077287,PMA-2 (Starfish)
0.6272019481175239,-0.7921222905178682,PMA-2 (Starfish)
0.8791068436669902,-1.0448739405251009,PMA-2 (Starfish)
1.4402244583807315,-0.2642155880794159,PMA-2 (Starfish)
1.7512677068712779,-0.26798538431126756,PMA-2 (Starfish)
1.702929047444741,-0.6890003523389275,PMA-2 (Starfish)
2.6178676119859863,-0.24688709362847955,PMA-2 (Starfish)
-2.294045345860837,1.8343381278901876,PFM-1 (Butterfly)
-2.1398873122373785,1.561395099535139,PFM-1 (Butterfly)
-2.3125022967085767,2.4972187302567073,PFM-1 (Butterfly)
-1.7992927929142046,1.6559597217142967,PFM-1 (Butterfly)
-1.7022655470629575,1.6862199851586073,PFM-1 (Butterfly)
-2.1454218880473537,2.752287030209293,PFM-1 (Butterfly)
-1.7787164277157106,2.1154064544860764,PFM-1 (Butterfly)
-1.6771274342676978,1.571206234942203,PFM-1 (Butterfly)
-1.635481562913263,1.6043341366941404,PFM-1 (Butterfly)
-1.274641380988709,1.6256921462420162,PFM-1 (Butterfly)
-1.473717705037419,2.203336747565644,PFM-1 (Butterfly)
-1.2548154414571553,1.3509328739524116,PFM-1 (Butterfly)
-1.194171293050743,1.5071239625101072,PFM-1 (Butterfly)
-1.226162777505502,1.7451130364181942,PFM-1 (Butterfly)
-1.2132901032134937,2.3503327374316383,PFM-1 (Butterfly)
-1.167386761431015,2.6026435382310886,PFM-1 (Butterfly)
-0.9165493790838133,2.1530943709064663,PFM-1 (Butterfly)
-0.9505929035779555,3.241065994571924,PFM-1 (Butterfly)
-0.6083972164388387,2.375261841863189,PFM-1 (Butterfly)
-0.24046524962506088,1.8277611804788256,PFM-1 (Butterfly)
-0.1714406112642704,0.8873883692178283,PFM-1 (Butterfly)
-0.17031781070749838,1.004740516411422,PFM-1 (Butterfly)
-0.5127593319925531,-0.40423696941233117,PFM-1 (Butterfly)
-0.7171360854071797,-0.40979910709154205,PFM-1 (Butterfly)
-1.006824465536762,-1.2623308754682239,PFM-1 (Butterfly)
-2.0767853749800986,1.7520645440993055,PFM-1 (Butterfly)
-1.8776321907223077,1.0426335444040435,PFM-1 (Butterfly)
-2.0650787427094595,1.5551930356420454,PFM-1 (Butterfly)
-1.8557729103883094,0.7564945451447392,PFM-1 (Butterfly)
-1.8766446653653261,0.7597364229757342,PFM-1 (Butterfly)
-1.8438446753762114,0.9506040607764594,PFM-1 (Butterfly)
-1.755342672608639,0.8724941064686258,PFM-1 (Butterfly)
-1.7851156085387956,1.0618576010904512,PFM-1 (Butterfly)
-1.6952134730264983,0.6944488621894506,PFM-1 (Butterfly)
-1.599252119010512,0.5285745095333807,PFM-1 (Butterfly)
-1.571024279889825,0.7158749492006297,PFM-1 (Butterfly)
-1.5734865967771925,0.8068605213602853,PFM-1 (Butterfly)
-1.4061425987483087,0.5077907904097532,PFM-1 (Butterfly)
-1.4278770853064395,1.4235403721907354,PFM-1 (Butterfly)
-1.348494080039019,0.5717932381650735,PFM-1 (Butterfly)
-1.1543356945169758,1.182274714803818,PFM-1 (Butterfly)
-1.1260576085377314,1.7232470889910605,PFM-1 (Butterfly)
-1.0855676450135137,1.7309883916733182,PFM-1 (Butterfly)
-0.9260926153920293,1.511808506184941,PFM-1 (Butterfly)
-0.8805675672633497,1.805675596625291,PFM-1 (Butterfly)
-0.7008628195344574,1.6869924564634227,PFM-1 (Butterfly)
-0.4975339839282718,2.2931061212826886,PFM-1 (Butterfly)
-0.32380199101561064,1.8373641121257998,PFM-1 (Butterfly)
-1.0242564476484683,-0.17939792545533254,PFM-1 (Butterfly)
-1.0125560261439455,-0.2532565196346655,PFM-1 (Butterfly)
-0.10639606034900553,-0.09568837635487225,PFM-1 (Butterfly)
0.08859453471518595,0.048002238781788276,PFM-1 (Butterfly)
0.29622157534223587,-0.008795914500781423,PFM-1 (Butterfly)
0.6441991519835314,-0.02092426576534902,PFM-1 (Butterfly)
0.8275908290616861,-0.19159908603969802,PFM-1 (Butterfly)
-2.3384903013974205,-1.4502863394671532,PMA-2 (Starfish)
-2.253634459950212,-1.3166815881672738,PMA-2 (Starfish)
-2.1345207939209234,-1.1740328286311392,PMA-2 (Starfish)
-1.2611511169618657,-0.9132833053458411,PMA-2 (Starfish)
-1.1484916034070582,-1.0127952634078088,PMA-2 (Starfish)
-1.101192158542434,-0.8373420074411976,PMA-2 (Starfish)
-0.9592106442665298,-0.7496526394792687,PMA-2 (Starfish)
-0.7581281407879651,-0.7482496402706339,PMA-2 (Starfish)
1.0633320871150105,-0.18515224761640658,PFM-1 (Butterfly)
-0.48655244561321803,-0.7362173530068687,PMA-2 (Starfish)
-0.3202112568892625,-0.6800288414135411,PMA-2 (Starfish)
-0.23927215116453132,-0.7109106707227457,PMA-2 (Starfish)
-0.05092454818591594,-0.6970012076931811,PMA-2 (Starfish)
0.1980561878360017,-0.676840025300178,PMA-2 (Starfish)
0.36493510285994757,-0.5213063163849432,PMA-2 (Starfish)
0.4960040689282933,-0.4817266596725972,PMA-2 (Starfish)
0.8440939046299619,-0.5740992941924411,PMA-2 (Starfish)
1.084353901037284,-0.40398274033107445,PMA-2 (Starfish)
1.4542930078025584,-0.25484850955352856,PMA-2 (Starfish)
1.6845485910142208,-0.32464805482490183,PFM-1 (Butterfly)
1.6922022891083286,-0.1823853793255939,PMA-2 (Starfish)
2.047270715066747,-0.1853096568182752,PMA-2 (Starfish)
2.5572336041811283,-0.1790595244367506,PMA-2 (Starfish)
3.28071464580117,0.10397452636039811,PMA-2 (Starfish)
3.987066015721017,0.25513778344599836,PMA-2 (Starfish)
2.867774679533278,1.153020340347133,PMA-2 (Starfish)
2.140644039385145,-0.37898126796226217,PFM-1 (Butterfly)
2.3284096754934387,-0.39743606474200893,PFM-1 (Butterfly)
-2.208771034153695,0.4973400470644656,PFM-1 (Butterfly)
-1.9632658009287318,-0.10636714584236917,PFM-1 (Butterfly)
2.738411591232161,-0.3883893868915642,PFM-1 (Butterfly)
-2.519968365377397,1.349570114161432,PFM-1 (Butterfly)
-1.6408485788293126,-0.33752782857724306,PFM-1 (Butterfly)
-1.576200231999837,-0.37269186152239,PFM-1 (Butterfly)
-1.4773031491808284,-0.4006458938711531,PFM-1 (Butterfly)
-1.2628809052751118,-0.44397778512870456,PFM-1 (Butterfly)
-1.13819346364203,-0.49727293092357794,PFM-1 (Butterfly)
-1.0184509889070001,-0.4147783417402882,PFM-1 (Butterfly)
-0.8748884262585793,-0.618736994003496,PFM-1 (Butterfly)
-1.0290180245609089,-0.3499316120715292,PFM-1 (Butterfly)
3.2020925343829765,-0.44671516770641756,PFM-1 (Butterfly)
-0.8303567158308266,-0.72869039245689,PFM-1 (Butterfly)
-0.6466658915289899,-0.7118874349869921,PFM-1 (Butterfly)
-0.49293628945904233,-0.6856273380189138,PFM-1 (Butterfly)
-0.3371734653004913,-0.7036642115935193,PFM-1 (Butterfly)
-0.15443776875353799,-0.7579254224697903,PFM-1 (Butterfly)
0.03153588478346152,-0.8253123738600069,PFM-1 (Butterfly)
0.26185632963034167,-0.8958637797944032,PFM-1 (Butterfly)
0.4917222372638444,-0.9074138817092975,PFM-1 (Butterfly)
0.7354647335681918,-0.9656005068352898,PFM-1 (Butterfly)
1.0137927593157627,-0.9801943002337156,PFM-1 (Butterfly)
3.982601685653461,-0.43566730589344344,PFM-1 (Butterfly)
1.3418690834790272,-0.9309760167984553,PFM-1 (Butterfly)
1.7242947613821884,-0.9516453171385038,PFM-1 (Butterfly)
2.397886541252348,-0.8155625335596439,PFM-1 (Butterfly)
3.2156150509820995,-0.723814771879697,PFM-1 (Butterfly)
4.47925247249164,-0.5393947437190386,PFM-1 (Butterfly)
4.849411089025678,-0.7632329738826045,PFM-1 (Butterfly)
0.9965909016802459,1.5591708742298833,PFM-1 (Butterfly)
-0.9073030663060302,-0.22549729009465003,PFM-1 (Butterfly)
-2.0054413820380628,0.596659983171154,PFM-1 (Butterfly)
-1.9555585434521001,0.8161310908714855,PFM-1 (Butterfly)
-1.832334915852241,1.0560875239383156,PFM-1 (Butterfly)
-1.7663272138502764,1.1154462938843033,PFM-1 (Butterfly)
-1.5582646058033875,0.8850417820719962,PFM-1 (Butterfly)
-1.460433068695224,0.8393627895779565,PFM-1 (Butterfly)
-1.3649329696663226,0.9651775064897521,PFM-1 (Butterfly)
-1.1975526641554755,0.8755697952046525,PFM-1 (Butterfly)
-1.0704631056861482,0.7730893148626836,PFM-1 (Butterfly)
-0.9221347616961877,0.7227508398865987,PFM-1 (Butterfly)
-0.6871708995085305,0.8174197567783896,PFM-1 (Butterfly)
-0.5076700668475338,0.7975579628881999,PFM-1 (Butterfly)
-0.37419709773101234,0.8923611019034994,PFM-1 (Butterfly)
-0.11711106490819165,0.78290248461353,PFM-1 (Butterfly)
0.10629947752715824,0.762956953921233,PFM-1 (Butterfly)
0.4548536363687378,0.7440451828485081,PFM-1 (Butterfly)
0.7766140013835,0.6721454952936822,PFM-1 (Butterfly)
1.1795064507102992,0.7165858253855594,PFM-1 (Butterfly)
1.661550449768972,0.6453191777959425,PFM-1 (Butterfly)
2.3587060303463665,0.5476064063759387,PFM-1 (Butterfly)
2.8249949620930437,0.5690426892710618,PFM-1 (Butterfly)
3.6349246771431702,0.6304236250674906,PFM-1 (Butterfly)
4.558668989557219,0.6261880711468107,PFM-1 (Butterfly)
3.7144671527523605,1.001862984240126,PFM-1 (Butterfly)
-0.9731144897153337,8.502088659669056,PFM-1 (Butterfly)
-2.2769702346661838,-0.9671747907465506,PMA-2 (Starfish)
-1.989816529582459,-1.3386908431585236,PMA-2 (Starfish)
-1.8234964134116398,-1.3556709024188018,PMA-2 (Starfish)
-1.694925170989866,-1.4101532185565526,PMA-2 (Starfish)
-1.5541634293514752,-1.1923279439109076,PMA-2 (Starfish)
-1.3675535797919656,-1.0545488167225534,PMA-2 (Starfish)
-1.0504218046651579,-1.0437038860223142,PMA-2 (Starfish)
-0.9147255292631804,-1.1264649687235884,PMA-2 (Starfish)
-0.9414326535361974,-0.9612754099618387,PMA-2 (Starfish)
-0.7694491983711992,-0.9790929072381079,PMA-2 (Starfish)
-0.6110292657494184,-1.0532029818926671,PMA-2 (Starfish)
-0.47619926966514164,-0.8710156526759836,PMA-2 (Starfish)
-0.3695944316919696,-0.8390071379011337,PMA-2 (Starfish)
-0.2078909774783988,-0.73374454266192,PMA-2 (Starfish)
-0.12600905459712225,-0.8560311161321604,PMA-2 (Starfish)
0.1773103668233376,-0.8691628414435635,PMA-2 (Starfish)
0.41096263440426944,-0.6719499944726329,PMA-2 (Starfish)
0.7078997021098435,-0.5834947902300506,PMA-2 (Starfish)
1.3927156496442021,-0.4232826558525985,PMA-2 (Starfish)
2.0014111440130815,-0.2290576581286855,PMA-2 (Starfish)
2.586451371283457,0.0166911077956755,PMA-2 (Starfish)
2.5896317600401995,-0.1397015382179774,PMA-2 (Starfish)
2.7781474251025524,-0.011604159767749566,PMA-2 (Starfish)
2.8274369326812883,0.04732810620075118,PMA-2 (Starfish)
2.9762952114538734,0.02889145212218138,PMA-2 (Starfish)
4.067909977679824,0.1350400668024109,PMA-2 (Starfish)
-0.8590922621621379,-0.19885872235628527,PFM-1 (Butterfly)
-1.2642020765621667,-1.1133227485752664,PMA-2 (Starfish)
-1.2511970114660858,-1.1103051906465284,PMA-2 (Starfish)
-1.1455736968351684,-1.024932883841674,PMA-2 (Starfish)
-1.3452191940356872,-0.9569559612788502,PMA-2 (Starfish)
-1.1995240695052825,-0.9603756110377241,PMA-2 (Starfish)
-1.1026493960892552,-0.800387727384568,PMA-2 (Starfish)
-0.9891733770176133,-0.8858919228936458,PMA-2 (Starfish)
-0.7370821778382971,-0.7993652282007171,PMA-2 (Starfish)
-0.6966971702585366,-0.8084175817393487,PMA-2 (Starfish)
-0.3995754372717137,-0.7944742851873665,PMA-2 (Starfish)
-0.18955830463398285,-0.6993545708669326,PMA-2 (Starfish)
-0.17638080816856483,-0.6177970566327697,PMA-2 (Starfish)
-0.16539699659709883,-0.3610940519618007,PMA-2 (Starfish)
0.04086959013271708,-0.43331322988585286,PMA-2 (Starfish)
0.3875384071390031,-0.2616111310347583,PMA-2 (Starfish)
0.6347767605250534,-0.30034602757532686,PMA-2 (Starfish)
0.679595368364557,-0.2728407002047533,PMA-2 (Starfish)
0.9119121916284777,-0.20659143132274296,PMA-2 (Starfish)
1.2407579175355101,-0.15780475198915941,PMA-2 (Starfish)
1.8983205327734523,-0.17247825271017128,PMA-2 (Starfish)
1.952563302033968,-0.06037821138069668,PMA-2 (Starfish)
1.9654672439394678,-0.03356779180296311,PMA-2 (Starfish)
2.088275015611495,-0.03917422956658108,PMA-2 (Starfish)
2.0194793458721265,-0.11802052526047521,PMA-2 (Starfish)
1.8126616860266835,-0.08724946296449215,PMA-2 (Starfish)
1.53401558364584,-0.13598855256007822,PMA-2 (Starfish)
1.3223040941376683,-0.10849551384697703,PMA-2 (Starfish)
1.0938389426626578,-0.16157375952281425,PMA-2 (Starfish)
0.9515696567513299,-0.288228488700216,PMA-2 (Starfish)
0.9275648257182233,-0.3600455816346504,PMA-2 (Starfish)
0.852292863559095,-0.2981529308152409,PMA-2 (Starfish)
0.69519856160382,-0.3278773198521209,PMA-2 (Starfish)
1.149123315257903,-0.21318144258972538,PMA-2 (Starfish)
0.1501759281056486,-1.699620557838957,PMA-2 (Starfish)
-2.3929521087169676,0.39543130582968355,PFM-1 (Butterfly)
-1.664552162423056,-0.782488171429161,PFM-1 (Butterfly)
-1.4849924307254458,-0.7444413364724801,PFM-1 (Butterfly)
-1.4190989646558687,-0.7357705086414186,PFM-1 (Butterfly)
-1.3366253829218067,-0.90560789071991,PFM-1 (Butterfly)
-1.214730858248818,-0.9965567273694372,PFM-1 (Butterfly)
-1.069690709587867,-0.9808383519629438,PFM-1 (Butterfly)
-0.818122851865726,-0.9766372508649479,PFM-1 (Butterfly)
-0.668787489299747,-0.9164614987022686,PFM-1 (Butterfly)
-0.5384912306079475,-0.9895556948685802,PFM-1 (Butterfly)
-0.7135540630684749,-0.08033948752609553,PFM-1 (Butterfly)
-0.27214421349068474,-0.9542469682459404,PFM-1 (Butterfly)
0.03978415505676767,-0.847502004142247,PFM-1 (Butterfly)
0.43787686242279866,-0.7767274897311859,PFM-1 (Butterfly)
0.7499978052322168,-0.6342808009222587,PFM-1 (Butterfly)
1.0520946814941212,-0.47350918273944226,PFM-1 (Butterfly)
1.3941625560653808,-0.2051800407788965,PFM-1 (Butterfly)
1.7274614072901637,0.12396279435245988,PFM-1 (Butterfly)
1.927978408511116,0.25737805286050897,PFM-1 (Butterfly)
2.5757920685678743,0.5145841796098879,PFM-1 (Butterfly)
3.1203407855309506,0.47717377588106163,PFM-1 (Butterfly)
0.2758033576728868,0.8146633906016754,PFM-1 (Butterfly)
-1.7763012931837423,-1.237260510852272,PMA-2 (Starfish)
-1.9191162654815113,-1.29970904375769,PMA-2 (Starfish)
-1.419417547494046,-0.9229722893501849,PMA-2 (Starfish)
-1.1896079794511483,-0.9838134802159719,PMA-2 (Starfish)
-0.8889227034241078,-0.6411852762996363,PMA-2 (Starfish)
-1.9744276625956385,-1.1469138324550046,PFM-1 (Butterfly)
-1.733590875184584,-0.4501594301690988,PFM-1 (Butterfly)
-1.677203241701482,-0.4726585385612315,PFM-1 (Butterfly)
-1.5813703530620764,-0.4349469722760925,PFM-1 (Butterfly)
-1.4004071471966597,-0.41768086536569154,PFM-1 (Butterfly)
-0.6283388086801243,-0.11286308049451371,PFM-1 (Butterfly)
-0.9332077345886522,-1.091122233205918,PMA-2 (Starfish)
-1.2850737933659557,-0.2884999561241558,PFM-1 (Butterfly)
-1.0552848395425454,-0.30587379584763247,PFM-1 (Butterfly)
-0.7239819832309452,-0.2388758064058609,PFM-1 (Butterfly)
-0.5444790254543536,-0.16126020054559492,PFM-1 (Butterfly)
-0.41545019375161063,0.04020670353938484,PFM-1 (Butterfly)
-0.09062209611485096,0.143967960318575,PFM-1 (Butterfly)
0.25705735524793744,0.2900637096187754,PFM-1 (Butterfly)
0.6570933363526581,0.48554617068666717,PFM-1 (Butterfly)
0.8759258263127111,0.4887685068686164,PFM-1 (Butterfly)
1.0817753432276378,0.34797253434718933,PFM-1 (Butterfly)
-0.7181743470280488,-0.792408388208438,PMA-2 (Starfish)
1.3285167855025735,0.23859820808991528,PFM-1 (Butterfly)
1.8922728271106897,0.025375533542869897,PFM-1 (Butterfly)
2.2340701476899243,-0.024615211521090904,PFM-1 (Butterfly)
2.6691708696508076,-0.10035234619149826,PFM-1 (Butterfly)
3.09035394662611,-0.06774754387270399,PFM-1 (Butterfly)
4.036510706379004,-0.25981377340471595,PFM-1 (Butterfly)
2.9184608891506048,0.17830629757326663,PFM-1 (Butterfly)
-0.485911313979918,-0.9622110275767365,PMA-2 (Starfish)
-0.4224440018583631,-0.8693987365136394,PMA-2 (Starfish)
-0.140926990958393,-0.9662835560705371,PMA-2 (Starfish)
-1.6391486774604733,-1.1082619678907275,PMA-2 (Starfish)
-1.3961994533340256,-0.8643648472954073,PMA-2 (Starfish)
-1.197953629964447,-1.2333710632948718,PMA-2 (Starfish)
-0.897004925218824,-1.0442468664717608,PMA-2 (Starfish)
-0.7413733213831224,-0.9836444669719896,PMA-2 (Starfish)
-0.5864071699223977,-0.8514326408251728,PMA-2 (Starfish)
0.20859068416823404,-0.5653173952415254,PMA-2 (Starfish)
-0.3777197095442364,-0.9282357351361767,PMA-2 (Starfish)
-0.13254269490223866,-0.960161213591954,PMA-2 (Starfish)
0.0381682878007327,-0.8269157796375194,PMA-2 (Starfish)
0.056081773549106755,-0.7043883383219667,PMA-2 (Starfish)
0.3356733468429168,-0.6901098318122834,PMA-2 (Starfish)
0.5125293592806269,-0.6279237679998652,PMA-2 (Starfish)
0.7214616707728049,-0.6016820255365223,PMA-2 (Starfish)
0.9941330663705358,-0.4612424046757531,PMA-2 (Starfish)
1.2804506230803898,-0.34540620012814793,PMA-2 (Starfish)
2.091840573909759,-0.2778575580554218,PMA-2 (Starfish)
0.3355145239120278,-0.6287009467275483,PMA-2 (Starfish)
2.4627501940161083,-0.027629671460411842,PMA-2 (Starfish)
3.372571954674635,-0.052335969295003656,PMA-2 (Starfish)
3.7968470560491756,0.16980335038698724,PMA-2 (Starfish)
0.6677538816176234,-0.2956997481160435,PMA-2 (Starfish)
0.789835508166882,-0.28681104067451335,PMA-2 (Starfish)
1.0271141567871802,-0.46262281254171417,PMA-2 (Starfish)
-0.5416712629944067,0.018973354553062444,PFM-1 (Butterfly)
1.2646039630546453,-0.41142137934883083,PMA-2 (Starfish)
1.440642406369904,-0.29958703603695436,PMA-2 (Starfish)
1.9788933210138646,-0.14551302082193737,PMA-2 (Starfish)
2.500458944633006,-0.1928110551021277,PMA-2 (Starfish)
3.079663409507609,0.22681509009989573,PMA-2 (Starfish)
-0.44751695506079775,0.11613860329027141,PFM-1 (Butterfly)
-0.31916886754992707,0.10656633475645338,PFM-1 (Butterfly)
-1.7902030574211714,-0.7866578945018364,PMA-2 (Starfish)
-1.6031201224130631,-0.9326198684565887,PMA-2 (Starfish)
-1.5114077619501858,-1.0356917362649085,PMA-2 (Starfish)
-1.3756211981536404,-0.7782082694299637,PFM-1 (Butterfly)
-1.587758275958418,-0.43030088795338567,PFM-1 (Butterfly)
-1.6491568815930369,-0.6220481756508035,PFM-1 (Butterfly)
-1.5791163194651197,-0.42457694102734417,PFM-1 (Butterfly)
-1.5120186483122162,-0.4731654929894143,PFM-1 (Butterfly)
-1.4292745828852138,-0.9265579510483881,PMA-2 (Starfish)
-1.3417914273482276,-0.7864137070712436,PFM-1 (Butterfly)
-1.1552833617724598,-0.754926823056085,PFM-1 (Butterfly)
-0.9459509451168352,-0.8934749908739725,PFM-1 (Butterfly)
-0.9443079436678018,-0.7683776664782981,PFM-1 (Butterfly)
-0.9042730025782834,-0.7493693477792523,PFM-1 (Butterfly)
-0.8987926522360419,-0.7266857854274663,PFM-1 (Butterfly)
-0.7109687842558169,-0.7783603373886094,PFM-1 (Butterfly)
-0.6487960344586821,-0.8090986842017932,PFM-1 (Butterfly)
-0.5311002569556469,-0.7690322627289534,PFM-1 (Butterfly)
-0.24199189370447832,-0.9570626805054561,PFM-1 (Butterfly)
-1.3142947227010167,-0.8859016666298138,PMA-2 (Starfish)
-0.1944059036442028,-0.8988827622781448,PFM-1 (Butterfly)
0.1325799468168532,-0.8027844845090797,PFM-1 (Butterfly)
0.250107537432732,-0.9644241708710047,PFM-1 (Butterfly)
0.40911084126755026,-0.9556056474276768,PFM-1 (Butterfly)
0.48303199061903035,-1.0867263630990718,PFM-1 (Butterfly)
0.7521228494690387,-1.1026967974675967,PFM-1 (Butterfly)
1.3316379331882895,-0.991855768405108,PFM-1 (Butterfly)
1.5357837931517277,-0.904563157562959,PFM-1 (Butterfly)
1.7248088553564904,-1.1367921919759516,PFM-1 (Butterfly)
2.4852527652870156,-0.8183332387191308,PFM-1 (Butterfly)
-1.2687436292436411,-0.8353711563997578,PMA-2 (Starfish)
3.222024416351967,-0.6307584070896154,PFM-1 (Butterfly)
4.485169144143259,-0.4401117239645088,PFM-1 (Butterfly)
1.9298691952481886,0.5115216778404127,PFM-1 (Butterfly)
-1.1078863548048277,-0.8782734264345259,PMA-2 (Starfish)
-2.232838680149362,-0.7954224090753637,PMA-2 (Starfish)
-1.9865845489206246,-0.5606744499812569,PMA-2 (Starfish)
-1.8492583510427465,-0.5204660758921671,PMA-2 (Starfish)
-0.988779356621998,-0.8170129435356094,PMA-2 (Starfish)
-1.6419589131421843,-0.7099599522190285,PMA-2 (Starfish)
-1.4779413230702814,-0.7145346716032035,PMA-2 (Starfish)
-1.2156564595758095,-0.7000220063565511,PMA-2 (Starfish)
-1.0260643877351634,-0.6606649738069752,PMA-2 (Starfish)
-0.7850264287872306,-0.7302119797030777,PMA-2 (Starfish)
-0.5997879581926739,-0.5824805692694393,PMA-2 (Starfish)
-0.4953671473725,-0.7010409324449874,PMA-2 (Starfish)
-0.21486639208735764,-0.49642407284380236,PMA-2 (Starfish)
-0.0354080193285056,-0.6325197481604761,PMA-2 (Starfish)
0.09444215366964068,-0.597745647065909,PMA-2 (Starfish)
-0.8497198401651397,-0.7940518396627152,PMA-2 (Starfish)
0.15078668449199445,-0.5111653426629565,PMA-2 (Starfish)
0.2150606895330292,-0.47388891765784236,PMA-2 (Starfish)
0.5447564371918187,-0.45015806212724246,PMA-2 (Starfish)
0.7647937789507884,-0.3562236477005617,PMA-2 (Starfish)
1.0767219658027163,-0.2474820958217164,PMA-2 (Starfish)
1.394299048995179,-0.2013969614143604,PMA-2 (Starfish)
1.80428134598417,-0.14700699655235397,PMA-2 (Starfish)
2.2844943775649824,-0.15150523068395966,PMA-2 (Starfish)
2.893885295604313,0.05270912243315024,PMA-2 (Starfish)
-0.7437369448134641,-0.6884866811358454,PMA-2 (Starfish)
-0.6082358508083897,-0.7588557412087138,PMA-2 (Starfish)
-0.565978183823638,-0.6615878373479005,PMA-2 (Starfish)
-0.3296070128877716,-0.6194382617539708,PMA-2 (Starfish)
-0.273072328161052,-0.6432794807552985,PMA-2 (Starfish)
-0.05302906135597131,-0.5637089524345222,PMA-2 (Starfish)
0.059365106110210626,-0.5109512251302788,PMA-2 (Starfish)
-1.9826058676103733,-0.6222396761367782,PMA-2 (Starfish)
0.293413198221467,-0.41569232102860854,PMA-2 (Starfish)
-2.0865590320653244,-0.12063459269460845,PMA-2 (Starfish)
-1.7759681955399391,-0.7995209041987704,PMA-2 (Starfish)
-1.5573716702542804,-0.8677806647153954,PMA-2 (Starfish)
-1.356673281089961,-0.8798197281768195,PMA-2 (Starfish)
-1.194222441502187,-0.8052075915566573,PMA-2 (Starfish)
-1.0391374110827083,-0.7529940565757871,PMA-2 (Starfish)
-1.0252605965259878,-0.6694659077581129,PMA-2 (Starfish)
-0.8811813591347154,-0.6868154080651341,PMA-2 (Starfish)
-0.6234895402682754,-0.45408054164875683,PMA-2 (Starfish)
-0.4390784845692038,-0.4749645783934156,PMA-2 (Starfish)
0.5908084313677674,-0.3865766901182523,PMA-2 (Starfish)
-0.1352114622597712,-0.5226774467846198,PMA-2 (Starfish)
0.11762305428282249,-0.428743129459413,PMA-2 (Starfish)
0.39285216915705246,-0.28981421071481683,PMA-2 (Starfish)
0.7045343140376673,-0.31626719976055734,PMA-2 (Starfish)
0.8401460344396604,-0.3010866788824142,PMA-2 (Starfish)
0.9911215388989444,-0.1847958484591015,PMA-2 (Starfish)
1.4075572953295004,-0.09152039542959259,PMA-2 (Starfish)
1.7240322378197026,-0.05193498575270616,PMA-2 (Starfish)
2.508133062261415,-0.13865737264946607,PMA-2 (Starfish)
2.6140673016805858,-0.3202513983126297,PMA-2 (Starfish)
0.7764925125485669,-0.24897234266297577,PMA-2 (Starfish)
1.1667499411294449,-0.5716889146472036,PMA-2 (Starfish)
-2.4558233505006046,-1.3044460322894713,PFM-1 (Butterfly)
-2.2703537581577966,-1.3110760521850502,PFM-1 (Butterfly)
0.9931450095526724,-0.2978592960846782,PMA-2 (Starfish)
-2.187073418627615,-1.052440088762594,PFM-1 (Butterfly)
-2.1442622447335795,-1.2745123232587725,PFM-1 (Butterfly)
-2.0452850836438863,-0.9411365251898145,PFM-1 (Butterfly)
-1.8801396242842539,-1.2445644421672957,PFM-1 (Butterfly)
-1.538715292668802,-0.972522583536544,PFM-1 (Butterfly)
-1.375548151881965,-1.1564073108204422,PFM-1 (Butterfly)
-1.2701389660146325,-1.2408108515463685,PFM-1 (Butterfly)
-0.9193576139571872,-1.1150550550107836,PFM-1 (Butterfly)
-0.6831096707977173,-1.0525259606188304,PFM-1 (Butterfly)
-0.45500111624466083,-0.9508870734336821,PFM-1 (Butterfly)
1.3270154215578525,-0.31365017115985316,PMA-2 (Starfish)
-0.3644331395381821,-0.945572412360444,PFM-1 (Butterfly)
-0.1154072470558549,-1.0506764322920739,PFM-1 (Butterfly)
0.19098609737029695,-1.1056240891319233,PFM-1 (Butterfly)
0.36313046246744274,-0.9798056525251577,PFM-1 (Butterfly)
0.7181368597664329,-1.1075602191005354,PFM-1 (Butterfly)
0.9301938407726986,-1.0077580194548348,PFM-1 (Butterfly)
1.237700785217004,-0.9103950839257445,PFM-1 (Butterfly)
2.130010273987061,-0.6567776759918891,PFM-1 (Butterfly)
2.7978754144155564,-0.4800951177828565,PFM-1 (Butterfly)
3.497889650737171,-0.3730864782133529,PFM-1 (Butterfly)
1.7657953766537267,-0.20875387408634705,PMA-2 (Starfish)
4.264750845068566,-0.17889025697229927,PFM-1 (Butterfly)
4.262525105380376,0.09910703265016457,PFM-1 (Butterfly)
2.3059003829507114,-0.19882759984268616,PMA-2 (Starfish)
0.5741061673574436,2.5422303609965544,PMA-2 (Starfish)
-2.1891157837673245,1.4241841480844974,PFM-1 (Butterfly)
-2.156545177822227,1.4895814986666522,PFM-1 (Butterfly)
-1.9104595082393467,1.2650894673648059,PFM-1 (Butterfly)
-2.050996970365075,1.5720994242722541,PFM-1 (Butterfly)
-2.0168648633503667,2.156617271723094,PFM-1 (Butterfly)
-1.6446353000910832,1.5598724779676074,PFM-1 (Butterfly)
-1.5320079575864023,1.3843671337762893,PFM-1 (Butterfly)
-1.35196925182127,1.376430385536677,PFM-1 (Butterfly)
-0.7049966998536199,0.5964420609318171,PFM-1 (Butterfly)
-0.8747095845731608,1.3744811322594697,PFM-1 (Butterfly)
-0.494249020530672,1.0808570081399493,PFM-1 (Butterfly)
-0.40402903125048617,1.0232110808204697,PFM-1 (Butterfly)
-0.28733167902628803,1.2086166285143864,PFM-1 (Butterfly)
-0.14783745262723286,1.3711032732890736,PFM-1 (Butterfly)
0.4738807281319386,1.1079341206265816,PFM-1 (Butterfly)
0.47347448412288745,1.1477453457622049,PFM-1 (Butterfly)
0.8723667665125509,1.0685443336220888,PFM-1 (Butterfly)
0.9766187831151997,1.3772645272748918,PFM-1 (Butterfly)
1.1842798395770473,1.3015042090461195,PFM-1 (Butterfly)
1.4783702490533872,1.295921258847327,PFM-1 (Butterfly)
1.879711799561197,1.3851896761532805,PFM-1 (Butterfly)
2.307334783045333,1.6868236710127018,PFM-1 (Butterfly)
2.9503694424516396,1.5961358819421607,PFM-1 (Butterfly)
2.6522652602406485,2.9078308572344973,PFM-1 (Butterfly)
-1.928261558424172,-0.632103985026927,PMA-2 (Starfish)
-1.9109702045749402,-0.9027665363141638,PMA-2 (Starfish)
-1.763624357378016,-0.8346869440398059,PMA-2 (Starfish)
-1.7308938963316807,-0.7058335297111458,PMA-2 (Starfish)
-1.5758415976625206,-0.9065967835352358,PMA-2 (Starfish)
-1.5321950409680416,-0.9086712208673028,PMA-2 (Starfish)
-1.4941864390509183,-0.8435879532536693,PMA-2 (Starfish)
-1.4203744522849895,-0.8520882390188755,PMA-2 (Starfish)
-1.3678083072629175,-0.749000072639965,PMA-2 (Starfish)
-1.0860454997005664,-0.6898133472472537,PMA-2 (Starfish)
-1.0274443871942762,-0.6760160535123053,PMA-2 (Starfish)
-1.0068208341989797,-0.6126056254973581,PMA-2 (Starfish)
-1.0230328607220915,-0.6231719146773921,PMA-2 (Starfish)
-0.8786254427505966,-0.5775592533193888,PMA-2 (Starfish)
-0.7447151137776233,-0.6566795405269592,PMA-2 (Starfish)
-0.6152221951607488,-0.6906412850249071,PMA-2 (Starfish)
-0.48373564190404483,-0.5800894613584453,PMA-2 (Starfish)
-0.2924228844774406,-0.6119580353261644,PMA-2 (Starfish)
0.055796808124420144,-0.568908837244929,PMA-2 (Starfish)
0.08793836656565332,-0.2825122629190203,PMA-2 (Starfish)
0.37450623950344086,-0.4136538782497062,PMA-2 (Starfish)
0.7216593816066265,-0.38570663465107535,PMA-2 (Starfish)
0.7204379895760634,-0.33105056805292615,PMA-2 (Starfish)
1.0946449101464177,-0.35332034064207857,PMA-2 (Starfish)
1.4257583558922982,-0.23479085269971606,PMA-2 (Starfish)
1.806532781522269,-0.03905928456024335,PMA-2 (Starfish)
2.2091161181443697,-0.06953683264647527,PMA-2 (Starfish)
2.836655015213471,0.054773301779576,PMA-2 (Starfish)
1.1344811473899274,2.1380478652713943,PMA-2 (Starfish)
-1.6149965145327814,-0.7065897654723636,PMA-2 (Starfish)
-1.491359195135502,-0.8069681033704633,PMA-2 (Starfish)
-1.4712979517385345,-0.8507131558081106,PMA-2 (Starfish)
-1.4441071567543777,-0.7635666310257381,PMA-2 (Starfish)
-1.3571246265280645,-0.7436460166639945,PMA-2 (Starfish)
-1.1637501275391575,-0.6361517062740041,PMA-2 (Starfish)
-0.9885527433301522,-0.7071941247721794,PMA-2 (Starfish)
-0.9111757520940085,-0.6552866184519034,PMA-2 (Starfish)
-0.7831424673474447,-0.6032565380065811,PMA-2 (Starfish)
-0.6860760159740572,-0.5318779317294343,PMA-2 (Starfish)
-0.3724429807967434,-0.48067972963171546,PMA-2 (Starfish)
-0.16629048301399746,-0.45987374881928417,PMA-2 (Starfish)
0.08769407537808133,-0.5305255886403293,PMA-2 (Starfish)
0.17514998158580686,-0.34165926520700324,PMA-2 (Starfish)
0.5393850217327678,-0.2639615251865062,PMA-2 (Starfish)
0.785103073666266,-0.3755362570243412,PMA-2 (Starfish)
1.0946183378101957,-0.3084346561216974,PMA-2 (Starfish)
1.3726024426549666,-0.16135297790246803,PMA-2 (Starfish)
2.1060188591214324,-0.20678296580845582,PMA-2 (Starfish)
2.1800357199353573,-0.6844287076831785,PMA-2 (Starfish)
-0.5978369667948606,-0.03697020738465983,PFM-1 (Butterfly)
-0.7175308993835974,0.1309344092650645,PFM-1 (Butterfly)
-0.7755337233678922,0.3523107288769981,PFM-1 (Butterfly)
-0.7774795633287103,0.5453238703721465,PFM-1 (Butterfly)
-0.6855751906019513,0.7191613997127138,PFM-1 (Butterfly)
-0.577282656109584,0.7105208570953913,PFM-1 (Butterfly)
-0.39000888826445385,0.5858907277316386,PFM-1 (Butterfly)
-0.2751176278578597,0.7439793751542815,PFM-1 (Butterfly)
-0.116557161653454,0.9139998678820304,PFM-1 (Butterfly)
0.1191739262978001,1.118631005516257,PFM-1 (Butterfly)
0.2326223687228452,1.2653561642224096,PFM-1 (Butterfly)
0.6088800223509387,1.1784194652618762,PFM-1 (Butterfly)
1.0176368615886062,1.14512104338694,PFM-1 (Butterfly)
1.4366709421075463,1.3476352980114925,PFM-1 (Butterfly)
2.050792964001676,1.24450936545132,PFM-1 (Butterfly)
2.344746114446374,1.48828245142051,PFM-1 (Butterfly)
2.8851950531597605,1.3732496467269348,PFM-1 (Butterfly)
3.4726492386167167,1.3536303390039262,PFM-1 (Butterfly)
3.785577289236934,0.9834960965757541,PFM-1 (Butterfly)
-0.7179550929678487,0.7066316587258182,PFM-1 (Butterfly)
-0.48806911245521745,0.6677388300478436,PFM-1 (Butterfly)
-0.3969575140134774,0.9614701791391466,PFM-1 (Butterfly)
-2.275230330577735,0.12057068901171016,PMA-2 (Starfish)
-1.9365847706732835,-0.5144238645092926,PMA-2 (Starfish)
-0.34407777883696916,1.2115544572438575,PFM-1 (Butterfly)
-1.6920281629618907,-1.1216588749362815,PMA-2 (Starfish)
-1.727959884067491,-0.9412743821832483,PMA-2 (Starfish)
-1.6039232528920258,-0.9533686734372121,PMA-2 (Starfish)
-1.5648957237391516,-1.113576876682676,PMA-2 (Starfish)
-1.447121510248961,-0.9780143464003687,PMA-2 (Starfish)
-1.1209433548689514,-0.9882984173013458,PMA-2 (Starfish)
-1.0919422064928668,-1.014818712842401,PMA-2 (Starfish)
-0.9802744282932871,-0.9862077053270962,PMA-2 (Starfish)
-0.9677078590571077,-0.8448045930873658,PMA-2 (Starfish)
-0.9308011440033083,-0.9260922574489792,PMA-2 (Starfish)
-0.1347797087158579,1.2534142035851796,PFM-1 (Butterfly)
-0.7553804364041222,-0.7884021431556804,PMA-2 (Starfish)
-0.6170264614334943,-0.7988597587713264,PMA-2 (Starfish)
-0.6457121271157426,-0.7080820382998438,PMA-2 (Starfish)
-0.4700218864908459,-0.7437723739801523,PMA-2 (Starfish)
-0.3262166584052023,-0.6850624670350236,PMA-2 (Starfish)
-0.22015556147031914,-0.5548939287084476,PMA-2 (Starfish)
0.005172153014367821,-0.5800555274045238,PMA-2 (Starfish)
0.028683723838799625,-0.47066799678451393,PMA-2 (Starfish)
0.1937252282612899,-0.4657262897457921,PMA-2 (Starfish)
0.41479149657027414,-0.42705008381540943,PMA-2 (Starfish)
0.43023868917742053,0.9516036307755514,PFM-1 (Butterfly)
0.6831696741976856,-0.2853858390930852,PMA-2 (Starfish)
0.9229562657205096,-0.5037612852563995,PMA-2 (Starfish)
0.9399505689829997,-0.5148612490888369,PMA-2 (Starfish)
1.1332225481416391,-0.517750009897882,PMA-2 (Starfish)
1.8782017841665104,-0.3477581225034319,PMA-2 (Starfish)
2.455304738811203,-0.12002618052627466,PMA-2 (Starfish)
0.4835964910839774,1.429744159771479,PFM-1 (Butterfly)
0.8491972104407604,1.2185402289641607,PFM-1 (Butterfly)
0.8699603846107904,1.6151564060000818,PFM-1 (Butterfly)
0.9801416523414291,1.5553217432615187,PFM-1 (Butterfly)
1.2968010908021377,1.5485897500730192,PFM-1 (Butterfly)
1.5334091657749653,1.616066651785599,PFM-1 (Butterfly)
1.842948527023304,1.6398939532990462,PFM-1 (Butterfly)
2.2273588351997966,1.4918930398345982,PFM-1 (Butterfly)
2.6116595832627936,1.527296480429229,PFM-1 (Butterfly)
-2.279785207049389,0.024307059567249663,PFM-1 (Butterfly)
-2.0026287991183778,0.3672788239118395,PFM-1 (Butterfly)
2.075547405588292,2.890287329253924,PFM-1 (Butterfly)
-1.939079167063801,0.6118745826144006,PFM-1 (Butterfly)
-1.759340332957952,0.5929616695942335,PFM-1 (Butterfly)
-1.5155779272884535,0.3229283809209878,PFM-1 (Butterfly)
-1.3142003497857906,0.7981035386128484,PFM-1 (Butterfly)
-0.9294827980094432,0.24398702881363937,PFM-1 (Butterfly)
-0.6717697408720525,0.16767251346428,PFM-1 (Butterfly)
-0.4765992913925427,0.14761037807233515,PFM-1 (Butterfly)
-0.2526299298402873,0.11727250000716115,PFM-1 (Butterfly)
0.05799886972100946,0.05601078403182567,PFM-1 (Butterfly)
0.15841095778034714,0.11156324480783625,PFM-1 (Butterfly)
0.48919026928602927,0.15922506604054623,PFM-1 (Butterfly)
0.7093085589556066,0.024537891923560675,PFM-1 (Butterfly)
0.967028375865683,0.055803630604689736,PFM-1 (Butterfly)
1.2053306523428122,0.15360140890378077,PFM-1 (Butterfly)
1.6511471484069127,0.3420826181920791,PFM-1 (Butterfly)
2.0393583948714533,0.3607202416848958,PFM-1 (Butterfly)
2.516556477987581,0.31527070689536046,PFM-1 (Butterfly)
3.2956586752069406,0.4216097869791403,PFM-1 (Butterfly)
3.18519774268791,-0.20383457345421796,PFM-1 (Butterfly)
-0.10903658018136055,-1.0769307253191358,PFM-1 (Butterfly)
-0.16032768470254685,-1.1303676010308845,PFM-1 (Butterfly)
-0.196375302089891,-1.0926850523265108,PFM-1 (Butterfly)
-0.3039553343053519,-1.2148438165155806,PFM-1 (Butterfly)
-0.237823068311215,-1.156284006819065,PFM-1 (Butterfly)
-0.06297902999672116,-1.041168695221278,PFM-1 (Butterfly)
0.31837806585237616,-1.024553022370615,PFM-1 (Butterfly)
0.5929014506744821,-1.0178042740131865,PFM-1 (Butterfly)
0.9034228124502782,-1.0363520361413716,PFM-1 (Butterfly)
1.2584330543281617,-0.8672337242215545,PFM-1 (Butterfly)
1.7661316908820273,-0.6773611701514827,PFM-1 (Butterfly)
2.293674939124797,-0.5556790446773229,PFM-1 (Butterfly)
2.927439076041785,-0.41978627038451816,PFM-1 (Butterfly)
3.566745599598998,-0.3921472166455264,PFM-1 (Butterfly)
2.346596991430679,0.01161389015170493,PFM-1 (Butterfly)
-2.1535212631399263,-0.7735026826823873,PMA-2 (Starfish)
-2.007849334622864,-0.732682410754839,PMA-2 (Starfish)
-1.9179105418261349,-0.8054972470335424,PMA-2 (Starfish)
-1.8549580035294435,-0.819608206373309,PMA-2 (Starfish)
-1.6748153210526489,-0.7468114175149148,PMA-2 (Starfish)
-1.5395276651178968,-0.6200968469831222,PMA-2 (Starfish)
-1.1883070923415795,-1.0689315964372512,PMA-2 (Starfish)
-1.0430566122333382,-1.0143361171409988,PMA-2 (Starfish)
-0.8548844957546178,-0.8602542913355123,PMA-2 (Starfish)
-0.7151787981834625,-0.8828698747245145,PMA-2 (Starfish)
-0.5994774562099948,-0.8959261823982088,PMA-2 (Starfish)
-0.4204853828135907,-0.8400965342354574,PMA-2 (Starfish)
-0.188172371240258,-0.6915249301887982,PMA-2 (Starfish)
0.045399278072775134,-0.7325622221735927,PMA-2 (Starfish)
0.19124155908508558,-0.46550419601815923,PMA-2 (Starfish)
0.36279863803175794,-0.5168781198203628,PMA-2 (Starfish)
0.5441336074399499,-0.4101433013657863,PMA-2 (Starfish)
0.7605879585475879,-0.42234838884865095,PMA-2 (Starfish)
1.1163310476358124,-0.26318454681563525,PMA-2 (Starfish)
1.6205378355694247,-0.26819942780193995,PMA-2 (Starfish)
2.127072619885621,-0.07497814511931641,PMA-2 (Starfish)
2.626679645543544,-0.06430590624680717,PMA-2 (Starfish)
